ListingId,accountId,DateAvailable,LengthAvailable,ListingAddress,UnitNumber,ListingCity,ListingZip,ShortDescription,LongDescription,RentAmount,RentType,Pets,Amenities,GenderPreference,Bedrooms,Bathrooms,ListingTypes,HousingType,GmapLatitude,GmapLongitude,Coordinates,LocationConfirmed,ListingExpirationDate,Active,ListingWithinCity,CreateDate,LastUpdated,safetyRatingAddress,ListingPhotos,SafetyRatings
14,14,2025-08-25T00:00:00.000Z,9,125-27 QUARRY STREET N,1,Ithaca,14850,"Lower level studio with private bath, kitchenette area, fully furnished. 5 minute walk to campus secure area, Collegetown. Free laundry. Lower C-town $780, 9 month lease or Fall semester lease.","Lower Collegetown,five minute walk to Cornell Collegetown entrance.   Lower level private studio apartment, nicely furnished and move-in ready.  Kitchen area with cooking appliances, refridgerator, sink. Double bed, desk,wardrobe and dresser high top table, kitchenware provided.  Just bring your personal items and linens.Discount available for payment type. Free on-street parking, free laundry on site. Call / Text OWNER Pat @ (607) 592-1817 OR pehrich1@gmail.com Use both!   ",780,Price Per Unit,No,"['Electronic Payments Accepted ', 'Furnished', 'Internet Available', 'Kitchen', 'Laundry Facilities', 'Near Bus Route', 'Electronic Payments Accepted']",No Preference,1,1,"['Undergraduate', 'Graduate', 'Fall Sublet', 'Spring Sublet']",Rent,42.4400795943327,-76.48798626169126,"{'lat': 42.4400795943327, 'lng': -76.48798626169126}",True,2025-09-15T00:00:00.000Z,True,Yes,2021-11-29T15:19:58.650Z,2025-08-24T16:10:45.934Z,125-27 QUARRY STREET N,"[{'PhotoId': 42605, 'PhotoName': '125 b 1 best.jpg', 'IsDefault': True, 'AddedDateTime': '2025-08-08T20:56:46.030Z', 'listingId': 14, 'PhotoUrl': 'https://images.listings.offcampusliving.cornell.edu/listings/14/125 b 1 best.jpg', 'SortOrder': None}, {'PhotoId': 42606, 'PhotoName': '125 base 1.jpg', 'IsDefault': False, 'AddedDateTime': '2025-08-08T20:57:04.821Z', 'listingId': 14, 'PhotoUrl': 'https://images.listings.offcampusliving.cornell.edu/listings/14/125 base 1.jpg', 'SortOrder': None}, {'PhotoId': 42607, 'PhotoName': '125 base 1-11.jpg', 'IsDefault': False, 'AddedDateTime': '2025-08-08T20:57:32.770Z', 'listingId': 14, 'PhotoUrl': 'https://images.listings.offcampusliving.cornell.edu/listings/14/125 base 1-11.jpg', 'SortOrder': None}, {'PhotoId': 42608, 'PhotoName': '125 base 1 - 6.jpg', 'IsDefault': False, 'AddedDateTime': '2025-08-08T21:00:17.006Z', 'listingId': 14, 'PhotoUrl': 'https://images.listings.offcampusliving.cornell.edu/listings/14/125 base 1 - 6.jpg', 'SortOrder': None}, {'PhotoId': 42609, 'PhotoName': '125 base 1 - 7.jpg', 'IsDefault': False, 'AddedDateTime': '2025-08-08T21:00:17.299Z', 'listingId': 14, 'PhotoUrl': 'https://images.listings.offcampusliving.cornell.edu/listings/14/125 base 1 - 7.jpg', 'SortOrder': None}, {'PhotoId': 42610, 'PhotoName': 'lr 125 1 base.jpg', 'IsDefault': False, 'AddedDateTime': '2025-08-08T21:00:18.513Z', 'listingId': 14, 'PhotoUrl': 'https://images.listings.offcampusliving.cornell.edu/listings/14/lr 125 1 base.jpg', 'SortOrder': None}, {'PhotoId': 24116, 'PhotoName': '2017 housing file 007.jpg', 'IsDefault': False, 'AddedDateTime': '2021-07-08T21:17:11.000Z', 'listingId': 14, 'PhotoUrl': 'https://images.listings.offcampusliving.cornell.edu/listings/14/2017 housing file 007.jpg', 'SortOrder': 9}]","{""BuildingAddress"": ""125-27 QUARRY STREET N"", ""OverallSafetyRating"": 8, ""CategoryScores"": [{""Fire Protection"": 0}, {""Notification Systems"": 0}, {""Emergency Egress"": 0}, {""Applicable Code"": 0}, {""Fire Extinguishers"": 0}, {""Construction Type"": 0}, {""Valid Certificate of Compliance"": 8}], ""OverallSafetyRatingAsPercentage"": 17, ""CategoryScoresAsPercentage"": [{""Fire Protection"": 0}, {""Notification Systems"": 0}, {""Emergency Egress"": 0}, {""Applicable Code"": 0}, {""Fire Extinguishers"": 0}, {""Construction Type"": 0}, {""Valid Certificate of Compliance"": 100}], ""SprinklerType"": [], ""FireExtinguisherCertificateExpiration"": null, ""NotificationSystem"": [{""subCategory"": ""Single Station Smoke Alarm"", ""notificationType"": ""Single Station Smoke Alarm"", ""notificationSystemCertificateExpiration"": ""2024-08-09""}, {""subCategory"": ""Fire Alarm System"", ""notificationType"": ""Fire Alarm System"", ""notificationSystemCertificateExpiration"": ""2024-09-21""}], ""HasValidCertificateOfOccupancy"": true, ""MeetsMinimumRequirements"": false, ""ExceedsRequirements"": false, ""HasFireResistantConstructionType"": false, ""SatisfiesApplicableCode"": false, ""CertificateExpirationDate"": ""2026-10-12T00:00:00.000Z"", ""DateLastUpdated"": ""2025-07-30T07:01:22.000Z""}"
76,40,2025-08-10T00:00:00.000Z,12,717 BUFFALO STREET E,,Ithaca,14850,"Furnished Rooms For a single person or groups.  walking distance to Cornell  University.
Corner of Eddy St. & Buffalo St. 
- Aug., 2025","Furnished Rooms For a single person or groups. 
Corner of Eddy and Buffalo Street. 
A well maintained large house. 
Walking distance to Cornell University. 

Rent: $715/mo or $795/mo depending on room size.

All utilities and garbage disposal included. 
5 baths, 1 big kitchen. 
Cleaning service provided for common areas. 
Laundry on premises.

Available 8/10/2024, 12 months lease. 

Pls TEXT: Sharon 929 538 9073 (cell); 
www.gooderealtyco.com to view floor plan ",795,Price Per Person,No,"['Electricity Included', 'Furnished', 'Heat Included', 'Internet Available', 'Water Included', 'Laundry Facilities', 'Kitchen', 'Near Bus Route', 'Electronic Payments Accepted']",No Preference,10,4,"['Graduate', 'Undergraduate']",Room to Rent,42.4416467174281,-76.48788850763599,"{'lat': 42.4416467174281, 'lng': -76.48788850763599}",True,2025-09-21T00:00:00.000Z,True,Yes,2021-11-29T15:20:01.151Z,2025-07-21T20:14:57.690Z,717 BUFFALO STREET E,"[{'PhotoId': 267, 'PhotoName': 'House.jpg', 'IsDefault': True, 'AddedDateTime': '2017-04-05T20:47:29.000Z', 'listingId': 76, 'PhotoUrl': 'https://images.listings.offcampusliving.cornell.edu/listings/76/House.jpg', 'SortOrder': None}]","{""BuildingAddress"": ""717 BUFFALO STREET E"", ""OverallSafetyRating"": 8, ""CategoryScores"": [{""Fire Protection"": 0}, {""Notification Systems"": 0}, {""Emergency Egress"": 0}, {""Applicable Code"": 0}, {""Fire Extinguishers"": 0}, {""Construction Type"": 0}, {""Valid Certificate of Compliance"": 8}], ""OverallSafetyRatingAsPercentage"": 17, ""CategoryScoresAsPercentage"": [{""Fire Protection"": 0}, {""Notification Systems"": 0}, {""Emergency Egress"": 0}, {""Applicable Code"": 0}, {""Fire Extinguishers"": 0}, {""Construction Type"": 0}, {""Valid Certificate of Compliance"": 100}], ""SprinklerType"": [{""sprinklerType"": ""MRL Exiting Sprinkler System"", ""sprinklerCertificateExpiration"": ""2023-09-12""}], ""FireExtinguisherCertificateExpiration"": null, ""NotificationSystem"": [{""subCategory"": ""Single Station Smoke Alarm"", ""notificationType"": ""Single Station Smoke Alarm"", ""notificationSystemCertificateExpiration"": ""2024-06-21""}], ""HasValidCertificateOfOccupancy"": true, ""MeetsMinimumRequirements"": false, ""ExceedsRequirements"": false, ""HasFireResistantConstructionType"": false, ""SatisfiesApplicableCode"": false, ""CertificateExpirationDate"": ""2026-08-03T00:00:00.000Z"", ""DateLastUpdated"": ""2025-07-30T07:01:52.000Z""}"
131,118,2025-08-07T00:00:00.000Z,12,112-14 FERRIS PLACE,114,Ithaca,14850,Beautiful Bedrooms available AUG 2025,"One bedroom left available starting 8/8/2025 - 7/31/2026. 10 min walk to campus. Bus stop around corner. No smoking or pets. (Other roommates male graduate students.) 

- Furnished rooms with bed, dresser, desk
- Furnished living room and study room
- 2 renovated bathrooms 
- New kitchen appliances
- Free laundry in basement

Internet & utilities not included. Video tour available. Email for questions. More details: www.ferrisplacerentals.com",850,Price Per Person,No,"['Electronic Payments Accepted ', 'Furnished', 'Internet Available', 'Kitchen', 'Laundry Facilities', 'Near Bus Route', 'Permitted Street Parking Available ', 'Water Included', 'Electronic Payments Accepted', 'Permitted Street Parking Available']",No Preference,6,2,"['Graduate', 'Undergraduate', 'Short-Term Housing', 'Fall Sublet', 'Spring Sublet']",Rent,42.43804885135952,-76.48908459360489,"{'lat': 42.43804885135952, 'lng': -76.48908459360489}",True,2025-09-03T00:00:00.000Z,True,Yes,2021-11-29T15:20:04.337Z,2025-08-03T12:14:39.295Z,112-14 FERRIS PLACE,"[{'PhotoId': 627, 'PhotoName': 'New Living Room Couches.jpg', 'IsDefault': True, 'AddedDateTime': '2017-04-11T11:17:39.000Z', 'listingId': 131, 'PhotoUrl': 'https://images.listings.offcampusliving.cornell.edu/listings/131/New Living Room Couches.jpg', 'SortOrder': None}, {'PhotoId': 620, 'PhotoName': '112 ferris bedroom .jpg', 'IsDefault': False, 'AddedDateTime': '2017-04-11T11:17:38.000Z', 'listingId': 131, 'PhotoUrl': 'https://images.listings.offcampusliving.cornell.edu/listings/131/112 ferris bedroom .jpg', 'SortOrder': None}, {'PhotoId': 623, 'PhotoName': 'new kitchen pic 3.JPG', 'IsDefault': False, 'AddedDateTime': '2017-04-11T11:17:39.000Z', 'listingId': 131, 'PhotoUrl': 'https://images.listings.offcampusliving.cornell.edu/listings/131/new kitchen pic 3.JPG', 'SortOrder': None}, {'PhotoId': 624, 'PhotoName': 'new kitchen pic 2 .JPG', 'IsDefault': False, 'AddedDateTime': '2017-04-11T11:17:39.000Z', 'listingId': 131, 'PhotoUrl': 'https://images.listings.offcampusliving.cornell.edu/listings/131/new kitchen pic 2 .JPG', 'SortOrder': None}, {'PhotoId': 625, 'PhotoName': '114 ferris bedroom 2.jpg', 'IsDefault': False, 'AddedDateTime': '2017-04-11T11:17:39.000Z', 'listingId': 131, 'PhotoUrl': 'https://images.listings.offcampusliving.cornell.edu/listings/131/114 ferris bedroom 2.jpg', 'SortOrder': None}, {'PhotoId': 626, 'PhotoName': 'new kitchen pic 4.JPG', 'IsDefault': False, 'AddedDateTime': '2017-04-11T11:17:39.000Z', 'listingId': 131, 'PhotoUrl': 'https://images.listings.offcampusliving.cornell.edu/listings/131/new kitchen pic 4.JPG', 'SortOrder': None}, {'PhotoId': 16038, 'PhotoName': 'New bathroom pic 112 Ferris.jpg', 'IsDefault': False, 'AddedDateTime': '2019-10-08T16:39:38.000Z', 'listingId': 131, 'PhotoUrl': 'https://images.listings.offcampusliving.cornell.edu/listings/131/New bathroom pic 112 Ferris.jpg', 'SortOrder': None}, {'PhotoId': 16039, 'PhotoName': '112 114 Ferris New Hallway.JPG', 'IsDefault': False, 'AddedDateTime': '2019-10-08T16:40:07.000Z', 'listingId': 131, 'PhotoUrl': 'https://images.listings.offcampusliving.cornell.edu/listings/131/112 114 Ferris New Hallway.JPG', 'SortOrder': None}, {'PhotoId': 30059, 'PhotoName': '112 ferris 2.1 bedroom.jpg', 'IsDefault': False, 'AddedDateTime': '2023-03-27T19:56:35.453Z', 'listingId': 131, 'PhotoUrl': 'https://images.listings.offcampusliving.cornell.edu/listings/131/112 ferris 2.1 bedroom.jpg', 'SortOrder': None}, {'PhotoId': 30060, 'PhotoName': '112 Ferris 2.4 bedroom.jpg', 'IsDefault': False, 'AddedDateTime': '2023-03-27T19:56:58.259Z', 'listingId': 131, 'PhotoUrl': 'https://images.listings.offcampusliving.cornell.edu/listings/131/112 Ferris 2.4 bedroom.jpg', 'SortOrder': None}, {'PhotoId': 30061, 'PhotoName': '114 Ferris Study Lounge CL.jpg', 'IsDefault': False, 'AddedDateTime': '2023-03-27T19:57:51.692Z', 'listingId': 131, 'PhotoUrl': 'https://images.listings.offcampusliving.cornell.edu/listings/131/114 Ferris Study Lounge CL.jpg', 'SortOrder': None}, {'PhotoId': 30063, 'PhotoName': '114 Ferris 2.3 CL.jpg', 'IsDefault': False, 'AddedDateTime': '2023-03-27T19:58:36.543Z', 'listingId': 131, 'PhotoUrl': 'https://images.listings.offcampusliving.cornell.edu/listings/131/114 Ferris 2.3 CL.jpg', 'SortOrder': None}, {'PhotoId': 30064, 'PhotoName': '112 Ferris 2-2 better pic.jpg', 'IsDefault': False, 'AddedDateTime': '2023-03-27T19:59:21.366Z', 'listingId': 131, 'PhotoUrl': 'https://images.listings.offcampusliving.cornell.edu/listings/131/112 Ferris 2-2 better pic.jpg', 'SortOrder': None}, {'PhotoId': 33200, 'PhotoName': '114 ferris 1.2 for posting 2.png', 'IsDefault': False, 'AddedDateTime': '2023-10-20T14:41:46.311Z', 'listingId': 131, 'PhotoUrl': 'https://images.listings.offcampusliving.cornell.edu/listings/131/114 ferris 1.2 for posting 2.png', 'SortOrder': None}, {'PhotoId': 36429, 'PhotoName': '112 Ferris New Pic 2.JPG', 'IsDefault': False, 'AddedDateTime': '2024-06-30T14:10:49.535Z', 'listingId': 131, 'PhotoUrl': 'https://images.listings.offcampusliving.cornell.edu/listings/131/112 Ferris New Pic 2.JPG', 'SortOrder': None}, {'PhotoId': 36430, 'PhotoName': '112 Ferris New Pic 3.JPG', 'IsDefault': False, 'AddedDateTime': '2024-06-30T14:10:49.870Z', 'listingId': 131, 'PhotoUrl': 'https://images.listings.offcampusliving.cornell.edu/listings/131/112 Ferris New Pic 3.JPG', 'SortOrder': None}, {'PhotoId': 36431, 'PhotoName': '112Ferris1-1.png', 'IsDefault': False, 'AddedDateTime': '2024-06-30T14:11:01.174Z', 'listingId': 131, 'PhotoUrl': 'https://images.listings.offcampusliving.cornell.edu/listings/131/112Ferris1-1.png', 'SortOrder': None}, {'PhotoId': 36432, 'PhotoName': '112 Ferris Place 2nd Floor Plan  JPEG.jpg', 'IsDefault': False, 'AddedDateTime': '2024-06-30T14:15:13.203Z', 'listingId': 131, 'PhotoUrl': 'https://images.listings.offcampusliving.cornell.edu/listings/131/112 Ferris Place 2nd Floor Plan  JPEG.jpg', 'SortOrder': None}, {'PhotoId': 36433, 'PhotoName': '112 Ferris Place 1st Floor Plan JPEG.jpg', 'IsDefault': False, 'AddedDateTime': '2024-06-30T14:15:13.798Z', 'listingId': 131, 'PhotoUrl': 'https://images.listings.offcampusliving.cornell.edu/listings/131/112 Ferris Place 1st Floor Plan JPEG.jpg', 'SortOrder': None}]","{""BuildingAddress"": ""112-14 FERRIS PLACE"", ""OverallSafetyRating"": 8, ""CategoryScores"": [{""Fire Protection"": 0}, {""Notification Systems"": 0}, {""Emergency Egress"": 0}, {""Applicable Code"": 0}, {""Fire Extinguishers"": 0}, {""Construction Type"": 0}, {""Valid Certificate of Compliance"": 8}], ""OverallSafetyRatingAsPercentage"": 17, ""CategoryScoresAsPercentage"": [{""Fire Protection"": 0}, {""Notification Systems"": 0}, {""Emergency Egress"": 0}, {""Applicable Code"": 0}, {""Fire Extinguishers"": 0}, {""Construction Type"": 0}, {""Valid Certificate of Compliance"": 100}], ""SprinklerType"": [], ""FireExtinguisherCertificateExpiration"": null, ""NotificationSystem"": [{""subCategory"": ""Single Station Smoke Alarm"", ""notificationType"": ""Single Station Smoke Alarm"", ""notificationSystemCertificateExpiration"": ""2023-08-01""}], ""HasValidCertificateOfOccupancy"": true, ""MeetsMinimumRequirements"": false, ""ExceedsRequirements"": false, ""HasFireResistantConstructionType"": false, ""SatisfiesApplicableCode"": false, ""CertificateExpirationDate"": ""2025-08-31T00:00:00.000Z"", ""DateLastUpdated"": ""2025-07-30T07:01:18.000Z""}"
189,170,2025-08-28T00:00:00.000Z,12,562 Midline Road,,Freeville,13068,"GEM OF A PLACE    NEAR THE VET SCHOOL
AVAILABLE August 28, 2025 
2 BDRM    ","The bottom part of a house with a separate entrance- light and bright and not at all basement-y. Newer kitchen and plenty of room. In a quiet, beautiful country setting near the state forest. Is well maintained and has a propane stove to keep you cozy in the winter, new washer and dryer and flooring. The apartment is centrally located: the Commons is nine miles; Dryden/TC3 is approximately six miles and Cornell is eight miles. Come make it your home. Non-smoking/vaping and pets upon approval.",1600,Price Per Unit,Yes,"['Kitchen', 'Laundry Facilities', 'Off-Street Parking Included', 'Water Included', 'Internet Available']",No Preference,2,1,"['Graduate', 'Staff/Faculty', 'Sabbatic Housing']",Rent,42.42819218072368,-76.34327907535577,"{'lat': 42.42819218072368, 'lng': -76.34327907535577}",True,2025-09-28T00:00:00.000Z,True,No,2021-11-29T15:20:06.328Z,2025-08-28T17:56:26.239Z,,"[{'PhotoId': 36971, 'PhotoName': 'DSCF2046.JPG', 'IsDefault': True, 'AddedDateTime': '2024-08-02T15:50:33.226Z', 'listingId': 189, 'PhotoUrl': 'https://images.listings.offcampusliving.cornell.edu/listings/189/DSCF2046.JPG', 'SortOrder': 1}, {'PhotoId': 36976, 'PhotoName': 'IMG_1415.jpg', 'IsDefault': False, 'AddedDateTime': '2024-08-02T15:53:48.787Z', 'listingId': 189, 'PhotoUrl': 'https://images.listings.offcampusliving.cornell.edu/listings/189/IMG_1415.jpg', 'SortOrder': 2}, {'PhotoId': 36977, 'PhotoName': 'IMG_1414.jpg', 'IsDefault': False, 'AddedDateTime': '2024-08-02T15:54:45.903Z', 'listingId': 189, 'PhotoUrl': 'https://images.listings.offcampusliving.cornell.edu/listings/189/IMG_1414.jpg', 'SortOrder': 3}, {'PhotoId': 36997, 'PhotoName': 'IMG_1422.jpg', 'IsDefault': False, 'AddedDateTime': '2024-08-02T15:58:50.484Z', 'listingId': 189, 'PhotoUrl': 'https://images.listings.offcampusliving.cornell.edu/listings/189/IMG_1422.jpg', 'SortOrder': 4}, {'PhotoId': 36990, 'PhotoName': 'IMG_1420.jpg', 'IsDefault': False, 'AddedDateTime': '2024-08-02T15:57:57.889Z', 'listingId': 189, 'PhotoUrl': 'https://images.listings.offcampusliving.cornell.edu/listings/189/IMG_1420.jpg', 'SortOrder': 5}, {'PhotoId': 38240, 'PhotoName': 'IMG_2413.jpg', 'IsDefault': False, 'AddedDateTime': '2024-11-10T20:54:19.121Z', 'listingId': 189, 'PhotoUrl': 'https://images.listings.offcampusliving.cornell.edu/listings/189/IMG_2413.jpg', 'SortOrder': 6}, {'PhotoId': 38239, 'PhotoName': 'IMG_2420.jpg', 'IsDefault': False, 'AddedDateTime': '2024-11-10T20:54:17.165Z', 'listingId': 189, 'PhotoUrl': 'https://images.listings.offcampusliving.cornell.edu/listings/189/IMG_2420.jpg', 'SortOrder': 7}, {'PhotoId': 38238, 'PhotoName': 'IMG_2417.jpg', 'IsDefault': False, 'AddedDateTime': '2024-11-10T20:45:38.640Z', 'listingId': 189, 'PhotoUrl': 'https://images.listings.offcampusliving.cornell.edu/listings/189/IMG_2417.jpg', 'SortOrder': 8}, {'PhotoId': 38237, 'PhotoName': 'IMG_2415.jpg', 'IsDefault': False, 'AddedDateTime': '2024-11-10T20:44:36.277Z', 'listingId': 189, 'PhotoUrl': 'https://images.listings.offcampusliving.cornell.edu/listings/189/IMG_2415.jpg', 'SortOrder': 9}]",
344,118,2026-08-03T00:00:00.000Z,12,112-14 FERRIS PLACE,114 Ferris Place,Ithaca,14850,Gorgeous 1 Bed/1Bath Apartment close to Downtown & Campus,"We have a spacious & sunny 1 bedroom apartment available in a renovated house for Aug 8, 2026 - July 31, 2027. 

Includes:
- 1 space for car in driveway
- Fully furnished bedroom with queen sized bed, walk in closet
- Living room with love seat couch
- Dining table that sits four
- Modern kitchen with new appliances including dishwasher
- Washer & dryer in apartment

Internet & utilities not included. Email with questions or to schedule tour. Video tour: www.ferrisplacerentals.com",1850,Price Per Unit,No,"['Furnished', 'Internet Available', 'Kitchen', 'Laundry Facilities', 'Near Bus Route', 'Off-Street Parking Available', 'Water Included', 'Electronic Payments Accepted ', 'Electronic Payments Accepted']",No Preference,1,1,"['Undergraduate', 'Graduate', 'Staff/Faculty', 'Short-Term Housing', 'Fall Sublet', 'Spring Sublet']",Rent,42.43850722938991,-76.48902015361185,"{'lat': 42.43850722938991, 'lng': -76.48902015361185}",True,2025-09-03T00:00:00.000Z,True,Yes,2021-11-29T15:20:11.584Z,2025-08-03T22:24:26.334Z,112-14 FERRIS PLACE,"[{'PhotoId': 9512, 'PhotoName': '114.5 New Pic 8.JPG', 'IsDefault': True, 'AddedDateTime': '2018-09-11T19:47:40.000Z', 'listingId': 344, 'PhotoUrl': 'https://images.listings.offcampusliving.cornell.edu/listings/344/114.5 New Pic 8.JPG', 'SortOrder': None}, {'PhotoId': 9509, 'PhotoName': '114.5 New Pic 3.JPG', 'IsDefault': False, 'AddedDateTime': '2018-09-11T19:47:39.000Z', 'listingId': 344, 'PhotoUrl': 'https://images.listings.offcampusliving.cornell.edu/listings/344/114.5 New Pic 3.JPG', 'SortOrder': None}, {'PhotoId': 9510, 'PhotoName': '1bdrm pic 5.jpg', 'IsDefault': False, 'AddedDateTime': '2018-09-11T19:47:40.000Z', 'listingId': 344, 'PhotoUrl': 'https://images.listings.offcampusliving.cornell.edu/listings/344/1bdrm pic 5.jpg', 'SortOrder': None}, {'PhotoId': 9511, 'PhotoName': '114.5 New Pic 7.JPG', 'IsDefault': False, 'AddedDateTime': '2018-09-11T19:47:40.000Z', 'listingId': 344, 'PhotoUrl': 'https://images.listings.offcampusliving.cornell.edu/listings/344/114.5 New Pic 7.JPG', 'SortOrder': None}, {'PhotoId': 9513, 'PhotoName': '114.5 New Pic 2.JPG', 'IsDefault': False, 'AddedDateTime': '2018-09-11T19:47:40.000Z', 'listingId': 344, 'PhotoUrl': 'https://images.listings.offcampusliving.cornell.edu/listings/344/114.5 New Pic 2.JPG', 'SortOrder': None}, {'PhotoId': 9514, 'PhotoName': '1bdrm pic 2.jpg', 'IsDefault': False, 'AddedDateTime': '2018-09-11T19:47:40.000Z', 'listingId': 344, 'PhotoUrl': 'https://images.listings.offcampusliving.cornell.edu/listings/344/1bdrm pic 2.jpg', 'SortOrder': None}, {'PhotoId': 9515, 'PhotoName': '114.5 New Pic 5.JPG', 'IsDefault': False, 'AddedDateTime': '2018-09-11T19:47:40.000Z', 'listingId': 344, 'PhotoUrl': 'https://images.listings.offcampusliving.cornell.edu/listings/344/114.5 New Pic 5.JPG', 'SortOrder': None}, {'PhotoId': 9516, 'PhotoName': '1bdrm pic 1.jpg', 'IsDefault': False, 'AddedDateTime': '2018-09-11T19:47:40.000Z', 'listingId': 344, 'PhotoUrl': 'https://images.listings.offcampusliving.cornell.edu/listings/344/1bdrm pic 1.jpg', 'SortOrder': None}, {'PhotoId': 9517, 'PhotoName': '1bdrm bathroom pic.jpg', 'IsDefault': False, 'AddedDateTime': '2018-09-11T19:47:40.000Z', 'listingId': 344, 'PhotoUrl': 'https://images.listings.offcampusliving.cornell.edu/listings/344/1bdrm bathroom pic.jpg', 'SortOrder': None}, {'PhotoId': 9518, 'PhotoName': '1bdrm pic 4.jpg', 'IsDefault': False, 'AddedDateTime': '2018-09-11T19:47:40.000Z', 'listingId': 344, 'PhotoUrl': 'https://images.listings.offcampusliving.cornell.edu/listings/344/1bdrm pic 4.jpg', 'SortOrder': None}]","{""BuildingAddress"": ""112-14 FERRIS PLACE"", ""OverallSafetyRating"": 8, ""CategoryScores"": [{""Fire Protection"": 0}, {""Notification Systems"": 0}, {""Emergency Egress"": 0}, {""Applicable Code"": 0}, {""Fire Extinguishers"": 0}, {""Construction Type"": 0}, {""Valid Certificate of Compliance"": 8}], ""OverallSafetyRatingAsPercentage"": 17, ""CategoryScoresAsPercentage"": [{""Fire Protection"": 0}, {""Notification Systems"": 0}, {""Emergency Egress"": 0}, {""Applicable Code"": 0}, {""Fire Extinguishers"": 0}, {""Construction Type"": 0}, {""Valid Certificate of Compliance"": 100}], ""SprinklerType"": [], ""FireExtinguisherCertificateExpiration"": null, ""NotificationSystem"": [{""subCategory"": ""Single Station Smoke Alarm"", ""notificationType"": ""Single Station Smoke Alarm"", ""notificationSystemCertificateExpiration"": ""2023-08-01""}], ""HasValidCertificateOfOccupancy"": true, ""MeetsMinimumRequirements"": false, ""ExceedsRequirements"": false, ""HasFireResistantConstructionType"": false, ""SatisfiesApplicableCode"": false, ""CertificateExpirationDate"": ""2025-08-31T00:00:00.000Z"", ""DateLastUpdated"": ""2025-07-30T07:01:18.000Z""}"
348,71,2025-08-23T00:00:00.000Z,12,208 GENEVA STREET S,208-#2,Ithaca,14850,"Lease - Roomy, Bright, Fully Furnished 2 Bedroom Apartment Downtown, Internet & Gas included. Close to bus stop to Cornell & Intercity buses. Cable ready. Close to restaurants and shopping areas.","Two Bedroom Apt - $1360.00/month

- 2 Bedroom Apt fully furnished 

- 2 Queen size beds. 

- High-speed internet &

- Gas included

- Close to the Commons and 

- 4 mins to the bus stop to Cornell and inter-city buses to N Y etc.

- Cable ready,
 
- Off-street parking available

- Very close to shopping areas:grocery, books and clothing. 
 
- 3 mins walk to excellent dining & theaters. 

It is perfect for anyone looking for a quiet apartment in a convenient location in Ithaca.
",1360,Price Per Unit,No,"['Air Conditioning', 'Electronic Payments Accepted ', 'Furnished', 'Heat Included', 'Internet Included', 'Kitchen', 'Near Bus Route', 'Off-Street Parking Available', 'Internet Available']",No Preference,2,1,['Graduate'],Rent,42.43873735059751,-76.50084445486645,"{'lat': 42.43873735059751, 'lng': -76.50084445486645}",True,2025-08-31T00:00:00.000Z,True,Yes,2021-11-29T15:20:11.691Z,2025-08-23T12:24:50.466Z,208 GENEVA STREET S,"[{'PhotoId': 41475, 'PhotoName': 'IMG_3086.jpeg', 'IsDefault': True, 'AddedDateTime': '2025-06-08T21:33:58.707Z', 'listingId': 348, 'PhotoUrl': 'https://images.listings.offcampusliving.cornell.edu/listings/348/IMG_3086.jpeg', 'SortOrder': 1}, {'PhotoId': 41480, 'PhotoName': 'IMG_3087.jpeg', 'IsDefault': False, 'AddedDateTime': '2025-06-08T21:51:09.073Z', 'listingId': 348, 'PhotoUrl': 'https://images.listings.offcampusliving.cornell.edu/listings/348/IMG_3087.jpeg', 'SortOrder': 2}, {'PhotoId': 41476, 'PhotoName': 'IMG_3088.jpeg', 'IsDefault': False, 'AddedDateTime': '2025-06-08T21:40:35.696Z', 'listingId': 348, 'PhotoUrl': 'https://images.listings.offcampusliving.cornell.edu/listings/348/IMG_3088.jpeg', 'SortOrder': 3}, {'PhotoId': 41471, 'PhotoName': 'IMG_3077.jpeg', 'IsDefault': False, 'AddedDateTime': '2025-06-08T21:26:00.825Z', 'listingId': 348, 'PhotoUrl': 'https://images.listings.offcampusliving.cornell.edu/listings/348/IMG_3077.jpeg', 'SortOrder': 5}, {'PhotoId': 41474, 'PhotoName': 'IMG_3100.jpeg', 'IsDefault': False, 'AddedDateTime': '2025-06-08T21:30:20.377Z', 'listingId': 348, 'PhotoUrl': 'https://images.listings.offcampusliving.cornell.edu/listings/348/IMG_3100.jpeg', 'SortOrder': 6}, {'PhotoId': 41478, 'PhotoName': 'IMG_3089.jpeg', 'IsDefault': False, 'AddedDateTime': '2025-06-08T21:43:21.040Z', 'listingId': 348, 'PhotoUrl': 'https://images.listings.offcampusliving.cornell.edu/listings/348/IMG_3089.jpeg', 'SortOrder': 7}, {'PhotoId': 41477, 'PhotoName': 'IMG_3091.jpeg', 'IsDefault': False, 'AddedDateTime': '2025-06-08T21:42:42.998Z', 'listingId': 348, 'PhotoUrl': 'https://images.listings.offcampusliving.cornell.edu/listings/348/IMG_3091.jpeg', 'SortOrder': 8}, {'PhotoId': 41473, 'PhotoName': 'IMG_3093.jpeg', 'IsDefault': False, 'AddedDateTime': '2025-06-08T21:28:49.554Z', 'listingId': 348, 'PhotoUrl': 'https://images.listings.offcampusliving.cornell.edu/listings/348/IMG_3093.jpeg', 'SortOrder': 9}, {'PhotoId': 41472, 'PhotoName': 'IMG_3082.jpeg', 'IsDefault': False, 'AddedDateTime': '2025-06-08T21:27:18.024Z', 'listingId': 348, 'PhotoUrl': 'https://images.listings.offcampusliving.cornell.edu/listings/348/IMG_3082.jpeg', 'SortOrder': 10}]","{""BuildingAddress"": ""208 GENEVA STREET S"", ""OverallSafetyRating"": 8, ""CategoryScores"": [{""Fire Protection"": 0}, {""Notification Systems"": 0}, {""Emergency Egress"": 0}, {""Applicable Code"": 0}, {""Fire Extinguishers"": 0}, {""Construction Type"": 0}, {""Valid Certificate of Compliance"": 8}], ""OverallSafetyRatingAsPercentage"": 17, ""CategoryScoresAsPercentage"": [{""Fire Protection"": 0}, {""Notification Systems"": 0}, {""Emergency Egress"": 0}, {""Applicable Code"": 0}, {""Fire Extinguishers"": 0}, {""Construction Type"": 0}, {""Valid Certificate of Compliance"": 100}], ""SprinklerType"": [], ""FireExtinguisherCertificateExpiration"": ""2023-10-16T00:00:00.000Z"", ""NotificationSystem"": [{""subCategory"": ""Single Station Smoke Alarm"", ""notificationType"": ""Single Station Smoke Alarm"", ""notificationSystemCertificateExpiration"": ""2023-10-23""}, {""subCategory"": ""Fire Alarm System"", ""notificationType"": ""Fire Alarm System"", ""notificationSystemCertificateExpiration"": ""2023-10-16""}], ""HasValidCertificateOfOccupancy"": true, ""MeetsMinimumRequirements"": false, ""ExceedsRequirements"": false, ""HasFireResistantConstructionType"": false, ""SatisfiesApplicableCode"": false, ""CertificateExpirationDate"": ""2025-10-23T00:00:00.000Z"", ""DateLastUpdated"": ""2025-07-30T07:01:27.000Z""}"
815,640,2025-08-15T00:00:00.000Z,12,1249 Trumansburg Rd,3,Ithaca,14850,2 bedroom Apartment,"2-bedroom apartment, nice, upgraded appliances, Laundry, free parking, Intercom for Secure building and nice views, close to Hospital. Grad students or Professionals preferred, very quiet and laundry on property",1500,Price Per Unit,No,"['Internet Available', 'Kitchen', 'Laundry Facilities', 'Off-Street Parking Included', 'Water Included', 'Air Conditioning', 'Near Bus Route']",No Preference,2,2,"['Graduate', 'Staff/Faculty']",Rent,42.46427595077372,-76.533551669035,"{'lat': 42.46427595077372, 'lng': -76.533551669035}",True,2025-11-10T00:00:00.000Z,True,No,2021-11-29T15:20:29.031Z,2025-08-10T17:28:55.206Z,,"[{'PhotoId': 4242, 'PhotoName': 'IMG_2202.JPG', 'IsDefault': True, 'AddedDateTime': '2017-11-12T20:43:53.000Z', 'listingId': 815, 'PhotoUrl': 'https://images.listings.offcampusliving.cornell.edu/listings/815/IMG_2202.JPG', 'SortOrder': None}, {'PhotoId': 4243, 'PhotoName': 'IMG_2203.JPG', 'IsDefault': False, 'AddedDateTime': '2017-11-12T20:43:54.000Z', 'listingId': 815, 'PhotoUrl': 'https://images.listings.offcampusliving.cornell.edu/listings/815/IMG_2203.JPG', 'SortOrder': None}, {'PhotoId': 42621, 'PhotoName': 'tburgrdfronte65aaf43-b9dd-45ca-8a19-ddc67e4c67ea.jpg', 'IsDefault': False, 'AddedDateTime': '2025-08-10T17:30:12.762Z', 'listingId': 815, 'PhotoUrl': 'https://images.listings.offcampusliving.cornell.edu/listings/815/tburgrdfronte65aaf43-b9dd-45ca-8a19-ddc67e4c67ea.jpg', 'SortOrder': None}, {'PhotoId': 42622, 'PhotoName': 'tburgrdsideentranced3b7298b-a669-462c-8fe1-9efed6302b97.jpg', 'IsDefault': False, 'AddedDateTime': '2025-08-10T17:30:31.977Z', 'listingId': 815, 'PhotoUrl': 'https://images.listings.offcampusliving.cornell.edu/listings/815/tburgrdsideentranced3b7298b-a669-462c-8fe1-9efed6302b97.jpg', 'SortOrder': None}, {'PhotoId': 42623, 'PhotoName': 'tburgrd3jffjjkgbdgs99ba60c3-6847-4951-9506-9941cb6119ef.jpg', 'IsDefault': False, 'AddedDateTime': '2025-08-10T17:30:47.273Z', 'listingId': 815, 'PhotoUrl': 'https://images.listings.offcampusliving.cornell.edu/listings/815/tburgrd3jffjjkgbdgs99ba60c3-6847-4951-9506-9941cb6119ef.jpg', 'SortOrder': None}, {'PhotoId': 42624, 'PhotoName': 'tburgrd3ijhhcv59ee75b5-5a40-475d-a8d5-6008b65bce32.jpg', 'IsDefault': False, 'AddedDateTime': '2025-08-10T17:31:03.542Z', 'listingId': 815, 'PhotoUrl': 'https://images.listings.offcampusliving.cornell.edu/listings/815/tburgrd3ijhhcv59ee75b5-5a40-475d-a8d5-6008b65bce32.jpg', 'SortOrder': None}, {'PhotoId': 42625, 'PhotoName': 'tburgrd30gjdgc294c565-c1ac-4b1e-98ae-300dedb3c41a.jpg', 'IsDefault': False, 'AddedDateTime': '2025-08-10T17:31:30.005Z', 'listingId': 815, 'PhotoUrl': 'https://images.listings.offcampusliving.cornell.edu/listings/815/tburgrd30gjdgc294c565-c1ac-4b1e-98ae-300dedb3c41a.jpg', 'SortOrder': None}, {'PhotoId': 42626, 'PhotoName': 'tburgrd3smxc nva9dd09fd-0593-407b-8678-6a2e901eab25.jpg', 'IsDefault': False, 'AddedDateTime': '2025-08-10T17:31:51.686Z', 'listingId': 815, 'PhotoUrl': 'https://images.listings.offcampusliving.cornell.edu/listings/815/tburgrd3smxc nva9dd09fd-0593-407b-8678-6a2e901eab25.jpg', 'SortOrder': None}, {'PhotoId': 42627, 'PhotoName': 'tburgrd3242441f5ca58-edb1-4fe0-9813-ba4f9e6a7c00.jpg', 'IsDefault': False, 'AddedDateTime': '2025-08-10T17:32:14.210Z', 'listingId': 815, 'PhotoUrl': 'https://images.listings.offcampusliving.cornell.edu/listings/815/tburgrd3242441f5ca58-edb1-4fe0-9813-ba4f9e6a7c00.jpg', 'SortOrder': None}]",
982,826,2026-03-16T00:00:00.000Z,12,124 LINDEN AVENUE,2,Ithaca,14850,Two bedroom apartment - Available June 2026,"Cozy two bedroom apartment with brand new cabinets, tiled kitchen and bathroom, and newly renovated laundry room. Apartment comes fully furnished with its own dishwasher, washer and dryer. Lastly, there is parking available for rent. www.matoulashouses.com
",950,Price Per Person,No,"['Furnished', 'Kitchen', 'Laundry Facilities', 'Near Bus Route', 'Off-Street Parking Available']",No Preference,2,1,['Undergraduate'],Rent,42.43963742570143,-76.48371867894086,"{'lat': 42.43963742570143, 'lng': -76.48371867894086}",True,2025-09-18T00:00:00.000Z,True,Yes,2021-11-29T15:20:36.182Z,2025-03-16T07:05:41.604Z,124 LINDEN AVENUE,"[{'PhotoId': 5159, 'PhotoName': 'B6387633-A7C1-4B74-8520-2FD62BF0DC97.jpeg', 'IsDefault': True, 'AddedDateTime': '2018-01-26T00:19:15.000Z', 'listingId': 982, 'PhotoUrl': 'https://images.listings.offcampusliving.cornell.edu/listings/982/B6387633-A7C1-4B74-8520-2FD62BF0DC97.jpeg', 'SortOrder': None}, {'PhotoId': 5160, 'PhotoName': '4DB01AAD-93AC-4581-9E70-E725C398943C.jpeg', 'IsDefault': False, 'AddedDateTime': '2018-01-26T00:19:28.000Z', 'listingId': 982, 'PhotoUrl': 'https://images.listings.offcampusliving.cornell.edu/listings/982/4DB01AAD-93AC-4581-9E70-E725C398943C.jpeg', 'SortOrder': None}, {'PhotoId': 5161, 'PhotoName': '9DFB9114-318B-416E-B7CA-2E4F089193A9.jpeg', 'IsDefault': False, 'AddedDateTime': '2018-01-26T00:19:28.000Z', 'listingId': 982, 'PhotoUrl': 'https://images.listings.offcampusliving.cornell.edu/listings/982/9DFB9114-318B-416E-B7CA-2E4F089193A9.jpeg', 'SortOrder': None}, {'PhotoId': 5162, 'PhotoName': 'C6AD9697-BABE-4D22-8B67-876C8EF50FB5.jpeg', 'IsDefault': False, 'AddedDateTime': '2018-01-26T00:19:29.000Z', 'listingId': 982, 'PhotoUrl': 'https://images.listings.offcampusliving.cornell.edu/listings/982/C6AD9697-BABE-4D22-8B67-876C8EF50FB5.jpeg', 'SortOrder': None}, {'PhotoId': 5163, 'PhotoName': '6559E691-E9EF-4881-89D9-F37FC27C7977.jpeg', 'IsDefault': False, 'AddedDateTime': '2018-01-26T00:19:29.000Z', 'listingId': 982, 'PhotoUrl': 'https://images.listings.offcampusliving.cornell.edu/listings/982/6559E691-E9EF-4881-89D9-F37FC27C7977.jpeg', 'SortOrder': None}, {'PhotoId': 5164, 'PhotoName': '8E080FE7-A5F5-4EE4-868A-135ED468387E.jpeg', 'IsDefault': False, 'AddedDateTime': '2018-01-26T00:19:29.000Z', 'listingId': 982, 'PhotoUrl': 'https://images.listings.offcampusliving.cornell.edu/listings/982/8E080FE7-A5F5-4EE4-868A-135ED468387E.jpeg', 'SortOrder': None}]","{""BuildingAddress"": ""124 LINDEN AVENUE"", ""OverallSafetyRating"": 8, ""CategoryScores"": [{""Fire Protection"": 0}, {""Notification Systems"": 0}, {""Emergency Egress"": 0}, {""Applicable Code"": 0}, {""Fire Extinguishers"": 0}, {""Construction Type"": 0}, {""Valid Certificate of Compliance"": 8}], ""OverallSafetyRatingAsPercentage"": 17, ""CategoryScoresAsPercentage"": [{""Fire Protection"": 0}, {""Notification Systems"": 0}, {""Emergency Egress"": 0}, {""Applicable Code"": 0}, {""Fire Extinguishers"": 0}, {""Construction Type"": 0}, {""Valid Certificate of Compliance"": 100}], ""SprinklerType"": [], ""FireExtinguisherCertificateExpiration"": null, ""NotificationSystem"": [{""subCategory"": ""Single Station Smoke Alarm"", ""notificationType"": ""Single Station Smoke Alarm"", ""notificationSystemCertificateExpiration"": ""2024-07-25""}], ""HasValidCertificateOfOccupancy"": true, ""MeetsMinimumRequirements"": true, ""ExceedsRequirements"": false, ""HasFireResistantConstructionType"": false, ""SatisfiesApplicableCode"": false, ""CertificateExpirationDate"": ""2026-07-25T00:00:00.000Z"", ""DateLastUpdated"": ""2025-07-30T07:01:22.000Z""}"
984,826,2026-03-16T00:00:00.000Z,12,808 SENECA STREET E,15,Ithaca,14850,808 E. Seneca 15 Bedroom House - A block from Cornell! Available June 2026!,"15 bedroom House, divided is 5 apartments is available and minutes away from Cornell, restaurants and shops. The house comes fully furnished with utilities included except for electric. www.matoulashouses.com",985,Price Per Person,No,"['Furnished', 'Kitchen', 'Laundry Facilities', 'Near Bus Route', 'Off-Street Parking Available', 'Water Included', 'Heat Included']",No Preference,10,4,"['Undergraduate', 'Graduate']",Rent,42.44105339254242,-76.48763889867753,"{'lat': 42.44105339254242, 'lng': -76.48763889867753}",True,2025-10-18T00:00:00.000Z,True,Yes,2021-11-29T15:20:36.300Z,2025-03-16T09:12:50.500Z,808 SENECA STREET E,"[{'PhotoId': 5165, 'PhotoName': 'C9A3AA47-72DD-4E65-AC14-F0E1AECA5A18.jpeg', 'IsDefault': True, 'AddedDateTime': '2018-01-26T00:37:22.000Z', 'listingId': 984, 'PhotoUrl': 'https://images.listings.offcampusliving.cornell.edu/listings/984/C9A3AA47-72DD-4E65-AC14-F0E1AECA5A18.jpeg', 'SortOrder': None}, {'PhotoId': 5166, 'PhotoName': '4533886E-ABAC-4D7B-91EA-9500368AEA77.jpeg', 'IsDefault': False, 'AddedDateTime': '2018-01-26T00:37:22.000Z', 'listingId': 984, 'PhotoUrl': 'https://images.listings.offcampusliving.cornell.edu/listings/984/4533886E-ABAC-4D7B-91EA-9500368AEA77.jpeg', 'SortOrder': None}, {'PhotoId': 5167, 'PhotoName': 'E1A149AC-646A-447A-91B8-F718C78E96C0.jpeg', 'IsDefault': False, 'AddedDateTime': '2018-01-26T00:37:22.000Z', 'listingId': 984, 'PhotoUrl': 'https://images.listings.offcampusliving.cornell.edu/listings/984/E1A149AC-646A-447A-91B8-F718C78E96C0.jpeg', 'SortOrder': None}]","{""BuildingAddress"": ""808 SENECA STREET E"", ""OverallSafetyRating"": 8, ""CategoryScores"": [{""Fire Protection"": 0}, {""Notification Systems"": 0}, {""Emergency Egress"": 0}, {""Applicable Code"": 0}, {""Fire Extinguishers"": 0}, {""Construction Type"": 0}, {""Valid Certificate of Compliance"": 8}], ""OverallSafetyRatingAsPercentage"": 17, ""CategoryScoresAsPercentage"": [{""Fire Protection"": 0}, {""Notification Systems"": 0}, {""Emergency Egress"": 0}, {""Applicable Code"": 0}, {""Fire Extinguishers"": 0}, {""Construction Type"": 0}, {""Valid Certificate of Compliance"": 100}], ""SprinklerType"": [{""sprinklerType"": ""NFPA 13R Sprinkler System"", ""sprinklerCertificateExpiration"": ""2024-09-12""}], ""FireExtinguisherCertificateExpiration"": null, ""NotificationSystem"": [{""subCategory"": ""Single Station Smoke Alarm"", ""notificationType"": ""Interconnected Smoke Alarm"", ""notificationSystemCertificateExpiration"": ""2024-09-18""}], ""HasValidCertificateOfOccupancy"": true, ""MeetsMinimumRequirements"": false, ""ExceedsRequirements"": false, ""HasFireResistantConstructionType"": false, ""SatisfiesApplicableCode"": false, ""CertificateExpirationDate"": ""2026-09-18T00:00:00.000Z"", ""DateLastUpdated"": ""2025-07-30T07:01:53.000Z""}"
1324,423,2025-06-26T00:00:00.000Z,12,106 Cayuga Park Road,,Cayuga Heights,14850,Room to Rent,"• 106 Cayuga Park Road, in Cayuga Heights

• Near bus stop at Upland and The Parkway (5-10 minute walk). Room available now for 2022-23. 

• Shared 4 bedroom Apartment; individual room rental

• Furnished, with kitchen, living room, study, 2 bathrooms, living room, laundry facilities, study area, internet service.

• All utilities, wi-fi, parking and garbage fees are included – no extra fees. 

• No Smoking.

• 12 month or 10 month lease options
",575,Price Per Person,No,"['Electricity Included', 'Electronic Payments Accepted ', 'Furnished', 'Heat Included', 'Internet Available', 'Internet Included', 'Kitchen', 'Laundry Facilities', 'Near Bus Route', 'Off-Street Parking Available', 'Off-Street Parking Included', 'Water Included', 'Electronic Payments Accepted']",No Preference,1,1,"['Graduate', 'Staff/Faculty', 'Undergraduate', 'Sabbatic housing', 'Spring Sublet']",Room to Rent,42.46650866943279,-76.49310495172068,"{'lat': 42.46650866943279, 'lng': -76.49310495172068}",True,2025-09-11T00:00:00.000Z,True,No,2021-11-29T15:20:49.354Z,2025-06-26T18:16:07.208Z,,"[{'PhotoId': 21593, 'PhotoName': 'Kitchen 2.jpg', 'IsDefault': True, 'AddedDateTime': '2020-09-26T21:38:38.000Z', 'listingId': 1324, 'PhotoUrl': 'https://images.listings.offcampusliving.cornell.edu/listings/1324/Kitchen 2.jpg', 'SortOrder': None}, {'PhotoId': 7110, 'PhotoName': '2-Room-4.JPG', 'IsDefault': False, 'AddedDateTime': '2018-05-31T18:46:39.000Z', 'listingId': 1324, 'PhotoUrl': 'https://images.listings.offcampusliving.cornell.edu/listings/1324/2-Room-4.JPG', 'SortOrder': None}, {'PhotoId': 7111, 'PhotoName': '6-Bathroom.jpg', 'IsDefault': False, 'AddedDateTime': '2018-05-31T18:46:41.000Z', 'listingId': 1324, 'PhotoUrl': 'https://images.listings.offcampusliving.cornell.edu/listings/1324/6-Bathroom.jpg', 'SortOrder': None}, {'PhotoId': 7112, 'PhotoName': '3-Living Room.JPG', 'IsDefault': False, 'AddedDateTime': '2018-05-31T18:46:41.000Z', 'listingId': 1324, 'PhotoUrl': 'https://images.listings.offcampusliving.cornell.edu/listings/1324/3-Living Room.JPG', 'SortOrder': None}, {'PhotoId': 7113, 'PhotoName': '1-House Deck.JPG', 'IsDefault': False, 'AddedDateTime': '2018-05-31T18:46:48.000Z', 'listingId': 1324, 'PhotoUrl': 'https://images.listings.offcampusliving.cornell.edu/listings/1324/1-House Deck.JPG', 'SortOrder': None}, {'PhotoId': 7114, 'PhotoName': 'Room3-1.jpeg', 'IsDefault': False, 'AddedDateTime': '2018-05-31T18:48:20.000Z', 'listingId': 1324, 'PhotoUrl': 'https://images.listings.offcampusliving.cornell.edu/listings/1324/Room3-1.jpeg', 'SortOrder': None}, {'PhotoId': 7115, 'PhotoName': 'Room3-5.jpeg', 'IsDefault': False, 'AddedDateTime': '2018-05-31T18:48:20.000Z', 'listingId': 1324, 'PhotoUrl': 'https://images.listings.offcampusliving.cornell.edu/listings/1324/Room3-5.jpeg', 'SortOrder': None}, {'PhotoId': 7116, 'PhotoName': 'Room3-6.jpeg', 'IsDefault': False, 'AddedDateTime': '2018-05-31T18:48:20.000Z', 'listingId': 1324, 'PhotoUrl': 'https://images.listings.offcampusliving.cornell.edu/listings/1324/Room3-6.jpeg', 'SortOrder': None}, {'PhotoId': 7117, 'PhotoName': 'Room3-2.jpeg', 'IsDefault': False, 'AddedDateTime': '2018-05-31T18:48:22.000Z', 'listingId': 1324, 'PhotoUrl': 'https://images.listings.offcampusliving.cornell.edu/listings/1324/Room3-2.jpeg', 'SortOrder': None}, {'PhotoId': 7118, 'PhotoName': 'Living Room 2.JPG', 'IsDefault': False, 'AddedDateTime': '2018-05-31T18:48:24.000Z', 'listingId': 1324, 'PhotoUrl': 'https://images.listings.offcampusliving.cornell.edu/listings/1324/Living Room 2.JPG', 'SortOrder': None}, {'PhotoId': 7119, 'PhotoName': 'Directions-106_Cayuga_Park_Rd.jpg', 'IsDefault': False, 'AddedDateTime': '2018-05-31T18:53:44.000Z', 'listingId': 1324, 'PhotoUrl': 'https://images.listings.offcampusliving.cornell.edu/listings/1324/Directions-106_Cayuga_Park_Rd.jpg', 'SortOrder': None}, {'PhotoId': 21592, 'PhotoName': 'Kitchen 1.jpg', 'IsDefault': False, 'AddedDateTime': '2020-09-26T21:38:38.000Z', 'listingId': 1324, 'PhotoUrl': 'https://images.listings.offcampusliving.cornell.edu/listings/1324/Kitchen 1.jpg', 'SortOrder': None}]",
1496,826,2026-06-01T00:00:00.000Z,12,808 SENECA STREET E,3 bedroom,Ithaca,14850,808 E. Seneca Apt 2 -A block away from Cornell!,"Three bedroom apartment, minutes away from Cornell, restaurants and shops. The apartment comes fully furnished with utilities included except for electric. www.matoulashouses.com",995,Price Per Person,No,"['Furnished', 'Kitchen', 'Laundry Facilities', 'Near Bus Route', 'Off-Street Parking Available', 'Water Included', 'Heat Included']",No Preference,3,1,['Undergraduate'],Rent,42.4409597,-76.4878243,"{'lat': 42.4409597, 'lng': -76.4878243}",True,2025-10-18T00:00:00.000Z,True,Yes,2021-11-29T15:20:54.999Z,2025-08-18T07:16:38.335Z,808 SENECA STREET E,"[{'PhotoId': 8322, 'PhotoName': 'IMG_3423.jpeg', 'IsDefault': True, 'AddedDateTime': '2018-07-24T01:58:41.000Z', 'listingId': 1496, 'PhotoUrl': 'https://images.listings.offcampusliving.cornell.edu/listings/1496/IMG_3423.jpeg', 'SortOrder': None}]","{""BuildingAddress"": ""808 SENECA STREET E"", ""OverallSafetyRating"": 8, ""CategoryScores"": [{""Fire Protection"": 0}, {""Notification Systems"": 0}, {""Emergency Egress"": 0}, {""Applicable Code"": 0}, {""Fire Extinguishers"": 0}, {""Construction Type"": 0}, {""Valid Certificate of Compliance"": 8}], ""OverallSafetyRatingAsPercentage"": 17, ""CategoryScoresAsPercentage"": [{""Fire Protection"": 0}, {""Notification Systems"": 0}, {""Emergency Egress"": 0}, {""Applicable Code"": 0}, {""Fire Extinguishers"": 0}, {""Construction Type"": 0}, {""Valid Certificate of Compliance"": 100}], ""SprinklerType"": [{""sprinklerType"": ""NFPA 13R Sprinkler System"", ""sprinklerCertificateExpiration"": ""2024-09-12""}], ""FireExtinguisherCertificateExpiration"": null, ""NotificationSystem"": [{""subCategory"": ""Single Station Smoke Alarm"", ""notificationType"": ""Interconnected Smoke Alarm"", ""notificationSystemCertificateExpiration"": ""2024-09-18""}], ""HasValidCertificateOfOccupancy"": true, ""MeetsMinimumRequirements"": false, ""ExceedsRequirements"": false, ""HasFireResistantConstructionType"": false, ""SatisfiesApplicableCode"": false, ""CertificateExpirationDate"": ""2026-09-18T00:00:00.000Z"", ""DateLastUpdated"": ""2025-07-30T07:01:53.000Z""}"
1497,826,2026-06-01T00:00:00.000Z,12,808 SENECA STREET E,3 bedroom,Ithaca,14850,808 E. Seneca Apt 3 & 4 -A block away from Cornell! Available June 2026!!!,"Three bedroom apartments available, minutes away from Cornell, restaurants and shops. The apartments come fully furnished with utilities included except for electric. www.matoulashouses.com",935,Price Per Person,No,"['Furnished', 'Kitchen', 'Laundry Facilities', 'Near Bus Route', 'Off-Street Parking Available', 'Water Included', 'Heat Included']",No Preference,3,1,"['Undergraduate', 'Graduate']",Rent,42.4409597,-76.48752149913726,"{'lat': 42.4409597, 'lng': -76.48752149913726}",True,2025-10-18T00:00:00.000Z,True,Yes,2021-11-29T15:20:55.047Z,2025-08-18T07:17:55.020Z,808 SENECA STREET E,"[{'PhotoId': 8324, 'PhotoName': 'IMG_3424.jpeg', 'IsDefault': True, 'AddedDateTime': '2018-07-24T01:59:31.000Z', 'listingId': 1497, 'PhotoUrl': 'https://images.listings.offcampusliving.cornell.edu/listings/1497/IMG_3424.jpeg', 'SortOrder': None}]","{""BuildingAddress"": ""808 SENECA STREET E"", ""OverallSafetyRating"": 8, ""CategoryScores"": [{""Fire Protection"": 0}, {""Notification Systems"": 0}, {""Emergency Egress"": 0}, {""Applicable Code"": 0}, {""Fire Extinguishers"": 0}, {""Construction Type"": 0}, {""Valid Certificate of Compliance"": 8}], ""OverallSafetyRatingAsPercentage"": 17, ""CategoryScoresAsPercentage"": [{""Fire Protection"": 0}, {""Notification Systems"": 0}, {""Emergency Egress"": 0}, {""Applicable Code"": 0}, {""Fire Extinguishers"": 0}, {""Construction Type"": 0}, {""Valid Certificate of Compliance"": 100}], ""SprinklerType"": [{""sprinklerType"": ""NFPA 13R Sprinkler System"", ""sprinklerCertificateExpiration"": ""2024-09-12""}], ""FireExtinguisherCertificateExpiration"": null, ""NotificationSystem"": [{""subCategory"": ""Single Station Smoke Alarm"", ""notificationType"": ""Interconnected Smoke Alarm"", ""notificationSystemCertificateExpiration"": ""2024-09-18""}], ""HasValidCertificateOfOccupancy"": true, ""MeetsMinimumRequirements"": false, ""ExceedsRequirements"": false, ""HasFireResistantConstructionType"": false, ""SatisfiesApplicableCode"": false, ""CertificateExpirationDate"": ""2026-09-18T00:00:00.000Z"", ""DateLastUpdated"": ""2025-07-30T07:01:53.000Z""}"
1498,826,2026-06-01T00:00:00.000Z,12,808 SENECA STREET E,3 bedroom,Ithaca,14850,808 E. Seneca Apt 1- A block away from Cornell! Available June 2026!,"Three bedroom apartment available, minutes away from Cornell, restaurants and shops. The apartment comes fully furnished with utilities included except for electric. www.matoulashouses.com",975,Price Per Person,No,"['Furnished', 'Kitchen', 'Laundry Facilities', 'Near Bus Route', 'Off-Street Parking Available', 'Water Included', 'Heat Included']",No Preference,3,1,"['Undergraduate', 'Graduate']",Rent,42.4409597,-76.48802422755695,"{'lat': 42.4409597, 'lng': -76.48802422755695}",True,2025-10-18T00:00:00.000Z,True,Yes,2021-11-29T15:20:55.084Z,2025-08-18T07:19:39.230Z,808 SENECA STREET E,"[{'PhotoId': 8323, 'PhotoName': 'IMG_3424.jpeg', 'IsDefault': True, 'AddedDateTime': '2018-07-24T01:59:10.000Z', 'listingId': 1498, 'PhotoUrl': 'https://images.listings.offcampusliving.cornell.edu/listings/1498/IMG_3424.jpeg', 'SortOrder': None}]","{""BuildingAddress"": ""808 SENECA STREET E"", ""OverallSafetyRating"": 8, ""CategoryScores"": [{""Fire Protection"": 0}, {""Notification Systems"": 0}, {""Emergency Egress"": 0}, {""Applicable Code"": 0}, {""Fire Extinguishers"": 0}, {""Construction Type"": 0}, {""Valid Certificate of Compliance"": 8}], ""OverallSafetyRatingAsPercentage"": 17, ""CategoryScoresAsPercentage"": [{""Fire Protection"": 0}, {""Notification Systems"": 0}, {""Emergency Egress"": 0}, {""Applicable Code"": 0}, {""Fire Extinguishers"": 0}, {""Construction Type"": 0}, {""Valid Certificate of Compliance"": 100}], ""SprinklerType"": [{""sprinklerType"": ""NFPA 13R Sprinkler System"", ""sprinklerCertificateExpiration"": ""2024-09-12""}], ""FireExtinguisherCertificateExpiration"": null, ""NotificationSystem"": [{""subCategory"": ""Single Station Smoke Alarm"", ""notificationType"": ""Interconnected Smoke Alarm"", ""notificationSystemCertificateExpiration"": ""2024-09-18""}], ""HasValidCertificateOfOccupancy"": true, ""MeetsMinimumRequirements"": false, ""ExceedsRequirements"": false, ""HasFireResistantConstructionType"": false, ""SatisfiesApplicableCode"": false, ""CertificateExpirationDate"": ""2026-09-18T00:00:00.000Z"", ""DateLastUpdated"": ""2025-07-30T07:01:53.000Z""}"
1582,14,2026-06-01T00:00:00.000Z,12,125-27 QUARRY STREET N,127 number 3,Ithaca,14850,"125 N. Quarry Street  Large House for 7/8.  Exceptional in every way.Huge common areas, furnished, huge back yard Lower Collegetown Near corner of Eddy & Catherine. Entire house is yours. ","Beautiful 7/8 bedrooms 3 full bath house, furnished down to the last detail. Hardwood floors, big windows, great space.  Modern kitchen and baths;completely updated w/ character. Huge yard, very close to campus,lower Collegetown near the corner of Eddy and Catherine...away from all the construction!!! Huge yard with fire pit and porch. On street parking,on site laundry included. Contact pehrich1@gmail.com  phone/text 607-592-1817 Ask for Pat. Group size is flexible. www.strawberryproperty.com ",900,Price Per Person,No,"['Electronic Payments Accepted ', 'Furnished', 'Internet Available', 'Kitchen', 'Laundry Facilities', 'Near Bus Route', 'Off-Street Parking Available', 'Air Conditioning', 'Electronic Payments Accepted', 'Off-Street Parking Included']",No Preference,8,3,"['Undergraduate', 'Graduate']",Rent,42.43992315650441,-76.48848284097144,"{'lat': 42.43992315650441, 'lng': -76.48848284097144}",True,2025-09-20T00:00:00.000Z,True,Yes,2021-11-29T15:20:57.962Z,2025-08-03T17:49:39.112Z,125-27 QUARRY STREET N,"[{'PhotoId': 37056, 'PhotoName': '125 main best.jpg', 'IsDefault': True, 'AddedDateTime': '2024-08-12T19:16:51.242Z', 'listingId': 1582, 'PhotoUrl': 'https://images.listings.offcampusliving.cornell.edu/listings/1582/125 main best.jpg', 'SortOrder': None}, {'PhotoId': 37218, 'PhotoName': 'IMG_9573.JPG', 'IsDefault': False, 'AddedDateTime': '2024-08-21T07:26:48.038Z', 'listingId': 1582, 'PhotoUrl': 'https://images.listings.offcampusliving.cornell.edu/listings/1582/IMG_9573.JPG', 'SortOrder': None}, {'PhotoId': 37288, 'PhotoName': '20240814_113450.jpg', 'IsDefault': False, 'AddedDateTime': '2024-08-27T20:41:07.565Z', 'listingId': 1582, 'PhotoUrl': 'https://images.listings.offcampusliving.cornell.edu/listings/1582/20240814_113450.jpg', 'SortOrder': None}, {'PhotoId': 37289, 'PhotoName': '20240814_113505.jpg', 'IsDefault': False, 'AddedDateTime': '2024-08-27T20:41:48.861Z', 'listingId': 1582, 'PhotoUrl': 'https://images.listings.offcampusliving.cornell.edu/listings/1582/20240814_113505.jpg', 'SortOrder': None}, {'PhotoId': 37302, 'PhotoName': '20240814_113423[49859].jpg', 'IsDefault': False, 'AddedDateTime': '2024-08-28T12:00:36.092Z', 'listingId': 1582, 'PhotoUrl': 'https://images.listings.offcampusliving.cornell.edu/listings/1582/20240814_113423[49859].jpg', 'SortOrder': None}, {'PhotoId': 37303, 'PhotoName': '20240814_113203[49867].jpg', 'IsDefault': False, 'AddedDateTime': '2024-08-28T12:00:54.220Z', 'listingId': 1582, 'PhotoUrl': 'https://images.listings.offcampusliving.cornell.edu/listings/1582/20240814_113203[49867].jpg', 'SortOrder': None}, {'PhotoId': 37304, 'PhotoName': '20240814_high top.jpg', 'IsDefault': False, 'AddedDateTime': '2024-08-28T12:02:55.788Z', 'listingId': 1582, 'PhotoUrl': 'https://images.listings.offcampusliving.cornell.edu/listings/1582/20240814_high top.jpg', 'SortOrder': None}, {'PhotoId': 37588, 'PhotoName': '125 2024 2.jpg', 'IsDefault': False, 'AddedDateTime': '2024-09-18T20:08:22.918Z', 'listingId': 1582, 'PhotoUrl': 'https://images.listings.offcampusliving.cornell.edu/listings/1582/125 2024 2.jpg', 'SortOrder': None}]","{""BuildingAddress"": ""125-27 QUARRY STREET N"", ""OverallSafetyRating"": 8, ""CategoryScores"": [{""Fire Protection"": 0}, {""Notification Systems"": 0}, {""Emergency Egress"": 0}, {""Applicable Code"": 0}, {""Fire Extinguishers"": 0}, {""Construction Type"": 0}, {""Valid Certificate of Compliance"": 8}], ""OverallSafetyRatingAsPercentage"": 17, ""CategoryScoresAsPercentage"": [{""Fire Protection"": 0}, {""Notification Systems"": 0}, {""Emergency Egress"": 0}, {""Applicable Code"": 0}, {""Fire Extinguishers"": 0}, {""Construction Type"": 0}, {""Valid Certificate of Compliance"": 100}], ""SprinklerType"": [], ""FireExtinguisherCertificateExpiration"": null, ""NotificationSystem"": [{""subCategory"": ""Single Station Smoke Alarm"", ""notificationType"": ""Single Station Smoke Alarm"", ""notificationSystemCertificateExpiration"": ""2024-08-09""}, {""subCategory"": ""Fire Alarm System"", ""notificationType"": ""Fire Alarm System"", ""notificationSystemCertificateExpiration"": ""2024-09-21""}], ""HasValidCertificateOfOccupancy"": true, ""MeetsMinimumRequirements"": false, ""ExceedsRequirements"": false, ""HasFireResistantConstructionType"": false, ""SatisfiesApplicableCode"": false, ""CertificateExpirationDate"": ""2026-10-12T00:00:00.000Z"", ""DateLastUpdated"": ""2025-07-30T07:01:22.000Z""}"
1583,14,2026-06-01T00:00:00.000Z,12,712 BUFFALO STREET E,,Ithaca,14850,"Collegetown entire house @ Buffalo Street & Eddy. 
7/8 bedrooms, 3 full baths, open concept kitchen/living room, fully furnished, hardwood floor, central AC super location 884 pp plus utilities"," Collegetown: Perfect House for 7 or 8 at the Corner of Buffalo & Eddy Street.  5 min walk to Cornell, 
7 / 8 bedrooms, three full baths, kitchen/ living room common area, hardwood floors, nicely furnished.  Enjoy this excellent location, front porch, one free carport parking space, central AC free laundry.  Big windows, hardwood.Priced per 8.Excellent local landlord.  June 2026. For more photos and info contact pehrich1@gmail.com or phone/text 607-592-1817  Use both.
Touring now for 2026-27",884,Price Per Person,No,"['Air Conditioning', 'Electronic Payments Accepted ', 'Furnished', 'Internet Available', 'Kitchen', 'Laundry Facilities', 'Off-Street Parking Included', 'Off-Street Parking Available', 'Electronic Payments Accepted', 'Near Bus Route']",No Preference,8,3,"['Undergraduate', 'Graduate']",Rent,42.44181836666522,-76.48803649702464,"{'lat': 42.44181836666522, 'lng': -76.48803649702464}",True,2025-10-24T00:00:00.000Z,True,Yes,2021-11-29T15:20:58.001Z,2025-08-24T22:32:14.672Z,712 BUFFALO STREET E,"[{'PhotoId': 42816, 'PhotoName': 'IMG_9477.JPG', 'IsDefault': True, 'AddedDateTime': '2025-08-24T16:34:26.375Z', 'listingId': 1583, 'PhotoUrl': 'https://images.listings.offcampusliving.cornell.edu/listings/1583/IMG_9477.JPG', 'SortOrder': 1}, {'PhotoId': 42830, 'PhotoName': 'lr.jpg', 'IsDefault': False, 'AddedDateTime': '2025-08-24T17:42:48.218Z', 'listingId': 1583, 'PhotoUrl': 'https://images.listings.offcampusliving.cornell.edu/listings/1583/lr.jpg', 'SortOrder': 2}, {'PhotoId': 42822, 'PhotoName': 'buff21sm.jpg', 'IsDefault': False, 'AddedDateTime': '2025-08-24T17:32:29.419Z', 'listingId': 1583, 'PhotoUrl': 'https://images.listings.offcampusliving.cornell.edu/listings/1583/buff21sm.jpg', 'SortOrder': 3}, {'PhotoId': 15465, 'PhotoName': 'buffa;p 2019 003.JPG', 'IsDefault': False, 'AddedDateTime': '2019-09-07T17:38:33.000Z', 'listingId': 1583, 'PhotoUrl': 'https://images.listings.offcampusliving.cornell.edu/listings/1583/buffa;p 2019 003.JPG', 'SortOrder': 4}, {'PhotoId': 15466, 'PhotoName': 'buffa;p 2019 004.JPG', 'IsDefault': False, 'AddedDateTime': '2019-09-07T17:38:33.000Z', 'listingId': 1583, 'PhotoUrl': 'https://images.listings.offcampusliving.cornell.edu/listings/1583/buffa;p 2019 004.JPG', 'SortOrder': 5}, {'PhotoId': 42827, 'PhotoName': 'buff17.jpg', 'IsDefault': False, 'AddedDateTime': '2025-08-24T17:37:44.135Z', 'listingId': 1583, 'PhotoUrl': 'https://images.listings.offcampusliving.cornell.edu/listings/1583/buff17.jpg', 'SortOrder': 6}, {'PhotoId': 42828, 'PhotoName': 'buff19.jpg', 'IsDefault': False, 'AddedDateTime': '2025-08-24T17:38:12.268Z', 'listingId': 1583, 'PhotoUrl': 'https://images.listings.offcampusliving.cornell.edu/listings/1583/buff19.jpg', 'SortOrder': 7}, {'PhotoId': 42823, 'PhotoName': 'kitch sm.JPG', 'IsDefault': False, 'AddedDateTime': '2025-08-24T17:34:03.741Z', 'listingId': 1583, 'PhotoUrl': 'https://images.listings.offcampusliving.cornell.edu/listings/1583/kitch sm.JPG', 'SortOrder': 8}, {'PhotoId': 42821, 'PhotoName': 'buff bed1.jpg', 'IsDefault': False, 'AddedDateTime': '2025-08-24T17:31:32.195Z', 'listingId': 1583, 'PhotoUrl': 'https://images.listings.offcampusliving.cornell.edu/listings/1583/buff bed1.jpg', 'SortOrder': 9}, {'PhotoId': 42820, 'PhotoName': 'buff 10.jpg', 'IsDefault': False, 'AddedDateTime': '2025-08-24T16:41:36.681Z', 'listingId': 1583, 'PhotoUrl': 'https://images.listings.offcampusliving.cornell.edu/listings/1583/buff 10.jpg', 'SortOrder': 10}, {'PhotoId': 21632, 'PhotoName': 'turnovers 2020 023.JPG', 'IsDefault': False, 'AddedDateTime': '2020-09-27T22:15:02.000Z', 'listingId': 1583, 'PhotoUrl': 'https://images.listings.offcampusliving.cornell.edu/listings/1583/turnovers 2020 023.JPG', 'SortOrder': 11}, {'PhotoId': 42818, 'PhotoName': 'buffalo bed 2 2023.jpg', 'IsDefault': False, 'AddedDateTime': '2025-08-24T16:34:29.432Z', 'listingId': 1583, 'PhotoUrl': 'https://images.listings.offcampusliving.cornell.edu/listings/1583/buffalo bed 2 2023.jpg', 'SortOrder': 12}, {'PhotoId': 42817, 'PhotoName': 'buffalo bed 22 2023.jpg', 'IsDefault': False, 'AddedDateTime': '2025-08-24T16:34:28.068Z', 'listingId': 1583, 'PhotoUrl': 'https://images.listings.offcampusliving.cornell.edu/listings/1583/buffalo bed 22 2023.jpg', 'SortOrder': 13}, {'PhotoId': 42813, 'PhotoName': 'buffbed11.jpg', 'IsDefault': False, 'AddedDateTime': '2025-08-24T16:33:48.301Z', 'listingId': 1583, 'PhotoUrl': 'https://images.listings.offcampusliving.cornell.edu/listings/1583/buffbed11.jpg', 'SortOrder': 14}, {'PhotoId': 21631, 'PhotoName': 'turnovers 2020 022.JPG', 'IsDefault': False, 'AddedDateTime': '2020-09-27T22:14:26.000Z', 'listingId': 1583, 'PhotoUrl': 'https://images.listings.offcampusliving.cornell.edu/listings/1583/turnovers 2020 022.JPG', 'SortOrder': 15}, {'PhotoId': 15636, 'PhotoName': '2017 housing file 217.jpg', 'IsDefault': False, 'AddedDateTime': '2019-09-13T13:30:06.000Z', 'listingId': 1583, 'PhotoUrl': 'https://images.listings.offcampusliving.cornell.edu/listings/1583/2017 housing file 217.jpg', 'SortOrder': 16}, {'PhotoId': 21636, 'PhotoName': 'turnovers 2020 039.JPG', 'IsDefault': False, 'AddedDateTime': '2020-09-27T22:16:56.000Z', 'listingId': 1583, 'PhotoUrl': 'https://images.listings.offcampusliving.cornell.edu/listings/1583/turnovers 2020 039.JPG', 'SortOrder': 17}, {'PhotoId': 21635, 'PhotoName': 'turnovers 2020 041.JPG', 'IsDefault': False, 'AddedDateTime': '2020-09-27T22:16:49.000Z', 'listingId': 1583, 'PhotoUrl': 'https://images.listings.offcampusliving.cornell.edu/listings/1583/turnovers 2020 041.JPG', 'SortOrder': 18}, {'PhotoId': 15635, 'PhotoName': '2017 housing file 216.jpg', 'IsDefault': False, 'AddedDateTime': '2019-09-13T13:30:04.000Z', 'listingId': 1583, 'PhotoUrl': 'https://images.listings.offcampusliving.cornell.edu/listings/1583/2017 housing file 216.jpg', 'SortOrder': 19}, {'PhotoId': 21637, 'PhotoName': 'turnovers 2020 043.JPG', 'IsDefault': False, 'AddedDateTime': '2020-09-27T22:18:19.000Z', 'listingId': 1583, 'PhotoUrl': 'https://images.listings.offcampusliving.cornell.edu/listings/1583/turnovers 2020 043.JPG', 'SortOrder': 20}, {'PhotoId': 21633, 'PhotoName': 'turnovers 2020 031.JPG', 'IsDefault': False, 'AddedDateTime': '2020-09-27T22:15:45.000Z', 'listingId': 1583, 'PhotoUrl': 'https://images.listings.offcampusliving.cornell.edu/listings/1583/turnovers 2020 031.JPG', 'SortOrder': 21}, {'PhotoId': 21627, 'PhotoName': 'turnovers 2020 003.JPG', 'IsDefault': False, 'AddedDateTime': '2020-09-27T22:13:13.000Z', 'listingId': 1583, 'PhotoUrl': 'https://images.listings.offcampusliving.cornell.edu/listings/1583/turnovers 2020 003.JPG', 'SortOrder': 22}, {'PhotoId': 42825, 'PhotoName': 'buff6.jpg', 'IsDefault': False, 'AddedDateTime': '2025-08-24T17:34:54.004Z', 'listingId': 1583, 'PhotoUrl': 'https://images.listings.offcampusliving.cornell.edu/listings/1583/buff6.jpg', 'SortOrder': 23}, {'PhotoId': 15637, 'PhotoName': '2017 housing file 215.jpg', 'IsDefault': False, 'AddedDateTime': '2019-09-13T13:30:06.000Z', 'listingId': 1583, 'PhotoUrl': 'https://images.listings.offcampusliving.cornell.edu/listings/1583/2017 housing file 215.jpg', 'SortOrder': 24}, {'PhotoId': 21630, 'PhotoName': 'turnovers 2020 007.JPG', 'IsDefault': False, 'AddedDateTime': '2020-09-27T22:13:57.000Z', 'listingId': 1583, 'PhotoUrl': 'https://images.listings.offcampusliving.cornell.edu/listings/1583/turnovers 2020 007.JPG', 'SortOrder': 25}, {'PhotoId': 42826, 'PhotoName': 'buff14.jpg', 'IsDefault': False, 'AddedDateTime': '2025-08-24T17:37:18.774Z', 'listingId': 1583, 'PhotoUrl': 'https://images.listings.offcampusliving.cornell.edu/listings/1583/buff14.jpg', 'SortOrder': 26}, {'PhotoId': 42829, 'PhotoName': 'buffloft.jpg', 'IsDefault': False, 'AddedDateTime': '2025-08-24T17:39:31.624Z', 'listingId': 1583, 'PhotoUrl': 'https://images.listings.offcampusliving.cornell.edu/listings/1583/buffloft.jpg', 'SortOrder': 27}, {'PhotoId': 42812, 'PhotoName': 'buff 8.jpg', 'IsDefault': False, 'AddedDateTime': '2025-08-24T16:33:47.152Z', 'listingId': 1583, 'PhotoUrl': 'https://images.listings.offcampusliving.cornell.edu/listings/1583/buff 8.jpg', 'SortOrder': 28}, {'PhotoId': 15634, 'PhotoName': '2017 housing file 193.jpg', 'IsDefault': False, 'AddedDateTime': '2019-09-13T13:27:17.000Z', 'listingId': 1583, 'PhotoUrl': 'https://images.listings.offcampusliving.cornell.edu/listings/1583/2017 housing file 193.jpg', 'SortOrder': 29}, {'PhotoId': 42814, 'PhotoName': 'buff laundry.jpg', 'IsDefault': False, 'AddedDateTime': '2025-08-24T16:34:08.234Z', 'listingId': 1583, 'PhotoUrl': 'https://images.listings.offcampusliving.cornell.edu/listings/1583/buff laundry.jpg', 'SortOrder': 30}]","{""BuildingAddress"": ""712 BUFFALO STREET E"", ""OverallSafetyRating"": 8, ""CategoryScores"": [{""Fire Protection"": 0}, {""Notification Systems"": 0}, {""Emergency Egress"": 0}, {""Applicable Code"": 0}, {""Fire Extinguishers"": 0}, {""Construction Type"": 0}, {""Valid Certificate of Compliance"": 8}], ""OverallSafetyRatingAsPercentage"": 17, ""CategoryScoresAsPercentage"": [{""Fire Protection"": 0}, {""Notification Systems"": 0}, {""Emergency Egress"": 0}, {""Applicable Code"": 0}, {""Fire Extinguishers"": 0}, {""Construction Type"": 0}, {""Valid Certificate of Compliance"": 100}], ""SprinklerType"": [], ""FireExtinguisherCertificateExpiration"": null, ""NotificationSystem"": [{""subCategory"": ""Single Station Smoke Alarm"", ""notificationType"": ""Single Station Smoke Alarm"", ""notificationSystemCertificateExpiration"": ""2024-06-04""}, {""subCategory"": ""Fire Alarm System"", ""notificationType"": ""Fire Alarm System"", ""notificationSystemCertificateExpiration"": ""2024-06-25""}], ""HasValidCertificateOfOccupancy"": true, ""MeetsMinimumRequirements"": true, ""ExceedsRequirements"": false, ""HasFireResistantConstructionType"": false, ""SatisfiesApplicableCode"": false, ""CertificateExpirationDate"": ""2026-06-11T00:00:00.000Z"", ""DateLastUpdated"": ""2025-07-30T07:01:52.000Z""}"
1618,640,2026-08-10T00:00:00.000Z,11,108 CATHERINE STREET,1-12,Ithaca,14850,12 Bedroom House ,"Large house, 11 bedrooms, can rent to 13 students, includes utilities, furnished, Laundry in building, Newly remodeled, Clean, Parking available, 5 bathrooms, two kitchens. 10 or 11 month lease. ",1100,Price Per Person,No,"['Electricity Included', 'Furnished', 'Heat Included', 'Electronic Payments Accepted ', 'Kitchen', 'Laundry Facilities', 'Near Bus Route', 'Water Included', 'Internet Available', 'Off-Street Parking Available']",No Preference,10,4,"['Graduate', 'Undergraduate']",Rent,42.44038517612437,-76.48662713509042,"{'lat': 42.44038517612437, 'lng': -76.48662713509042}",True,2025-11-10T00:00:00.000Z,True,Yes,2021-11-29T15:20:59.266Z,2025-08-10T17:35:56.692Z,108 CATHERINE STREET,"[{'PhotoId': 37063, 'PhotoName': 'Catherine St house240471768_10158559355568727_2449542429618543928_n.jpg', 'IsDefault': True, 'AddedDateTime': '2024-08-13T03:45:19.623Z', 'listingId': 1618, 'PhotoUrl': 'https://images.listings.offcampusliving.cornell.edu/listings/1618/Catherine St house240471768_10158559355568727_2449542429618543928_n.jpg', 'SortOrder': None}, {'PhotoId': 37281, 'PhotoName': 're7g7eah.png', 'IsDefault': False, 'AddedDateTime': '2024-08-27T08:49:12.182Z', 'listingId': 1618, 'PhotoUrl': 'https://images.listings.offcampusliving.cornell.edu/listings/1618/re7g7eah.png', 'SortOrder': None}, {'PhotoId': 37282, 'PhotoName': '2c864791-6cc3-4b22-9f6a-fad0faf8ebf6.jpg', 'IsDefault': False, 'AddedDateTime': '2024-08-27T08:49:29.628Z', 'listingId': 1618, 'PhotoUrl': 'https://images.listings.offcampusliving.cornell.edu/listings/1618/2c864791-6cc3-4b22-9f6a-fad0faf8ebf6.jpg', 'SortOrder': None}, {'PhotoId': 37283, 'PhotoName': 'CatthereeinnneIMG_2457.jpeg', 'IsDefault': False, 'AddedDateTime': '2024-08-27T08:52:53.695Z', 'listingId': 1618, 'PhotoUrl': 'https://images.listings.offcampusliving.cornell.edu/listings/1618/CatthereeinnneIMG_2457.jpeg', 'SortOrder': None}, {'PhotoId': 37284, 'PhotoName': 'IMG_4537.JPEG', 'IsDefault': False, 'AddedDateTime': '2024-08-27T08:53:16.189Z', 'listingId': 1618, 'PhotoUrl': 'https://images.listings.offcampusliving.cornell.edu/listings/1618/IMG_4537.JPEG', 'SortOrder': None}, {'PhotoId': 37285, 'PhotoName': 'IMG_2459.jpg', 'IsDefault': False, 'AddedDateTime': '2024-08-27T08:57:27.612Z', 'listingId': 1618, 'PhotoUrl': 'https://images.listings.offcampusliving.cornell.edu/listings/1618/IMG_2459.jpg', 'SortOrder': None}, {'PhotoId': 37286, 'PhotoName': 'IMG_2456.jpg', 'IsDefault': False, 'AddedDateTime': '2024-08-27T08:58:40.254Z', 'listingId': 1618, 'PhotoUrl': 'https://images.listings.offcampusliving.cornell.edu/listings/1618/IMG_2456.jpg', 'SortOrder': None}, {'PhotoId': 37287, 'PhotoName': 'IMG_2458.jpg', 'IsDefault': False, 'AddedDateTime': '2024-08-27T08:59:08.503Z', 'listingId': 1618, 'PhotoUrl': 'https://images.listings.offcampusliving.cornell.edu/listings/1618/IMG_2458.jpg', 'SortOrder': None}]","{""BuildingAddress"": ""108 CATHERINE STREET"", ""OverallSafetyRating"": 8, ""CategoryScores"": [{""Fire Protection"": 0}, {""Notification Systems"": 0}, {""Emergency Egress"": 0}, {""Applicable Code"": 0}, {""Fire Extinguishers"": 0}, {""Construction Type"": 0}, {""Valid Certificate of Compliance"": 8}], ""OverallSafetyRatingAsPercentage"": 17, ""CategoryScoresAsPercentage"": [{""Fire Protection"": 0}, {""Notification Systems"": 0}, {""Emergency Egress"": 0}, {""Applicable Code"": 0}, {""Fire Extinguishers"": 0}, {""Construction Type"": 0}, {""Valid Certificate of Compliance"": 100}], ""SprinklerType"": [], ""FireExtinguisherCertificateExpiration"": null, ""NotificationSystem"": [{""subCategory"": ""Fire Alarm System"", ""notificationType"": ""Fire Alarm System"", ""notificationSystemCertificateExpiration"": ""2023-09-29""}, {""subCategory"": ""Single Station Smoke Alarm"", ""notificationType"": ""Single Station Smoke Alarm"", ""notificationSystemCertificateExpiration"": ""2023-09-22""}], ""HasValidCertificateOfOccupancy"": true, ""MeetsMinimumRequirements"": true, ""ExceedsRequirements"": false, ""HasFireResistantConstructionType"": false, ""SatisfiesApplicableCode"": false, ""CertificateExpirationDate"": ""2027-10-23T00:00:00.000Z"", ""DateLastUpdated"": ""2025-07-30T07:01:15.000Z""}"
1619,1317,2025-08-15T00:00:00.000Z,12,11 Forest Lane,House,Ithaca,14850,"4BR/2 BA Serene, 1.3 acre park-like setting. Spacious well-kept Mid-Century ranch, 2.3 mi / 5 min to CU Vet College. Near bus stop. Max group of 4 tenants. WIFI-6. Pets o.k. ","Large Living Rm w/ Dining area; Ample closets, pantry, & built-in shelves; W/D on premises;Zone heat & A/C; Emergency Generator; Partially furnished; Walk -out lower level has full kitchen, bath, dining, living & sleeping areas.
Included: Off-street parking, H2O, Sewer, Lawn care, Snow removal & wkly Trash & Recycling Svc
Plus Gas & Electric
Sec'y Deposit due at signing. Pet Rent (max 3, landlord pre approved, pets). Just minutes to the Rail Trail, Monkey Run Natural Area & Fall Creek. Serene.",850,Price Per Person,Yes,"['Air Conditioning', 'Electronic Payments Accepted ', 'Internet Available', 'Kitchen', 'Laundry Facilities', 'Near Bus Route', 'Off-Street Parking Included', 'Water Included', 'Electronic Payments Accepted']",No Preference,4,2,"['Graduate', 'Sabbatic housing', 'Staff/Faculty', 'Sabbatic Housing']",Rent,42.45997303283519,-76.42916062824213,"{'lat': 42.45997303283519, 'lng': -76.42916062824213}",True,2025-10-13T00:00:00.000Z,True,No,2021-11-29T15:20:59.309Z,2025-08-09T21:35:09.620Z,,"[{'PhotoId': 36320, 'PhotoName': '11 Forest Ln_Front of House.JPG', 'IsDefault': True, 'AddedDateTime': '2024-06-15T17:44:06.641Z', 'listingId': 1619, 'PhotoUrl': 'https://images.listings.offcampusliving.cornell.edu/listings/1619/11 Forest Ln_Front of House.JPG', 'SortOrder': 1}, {'PhotoId': 36434, 'PhotoName': 'Forest Ln Front yard.jpg', 'IsDefault': False, 'AddedDateTime': '2024-07-01T18:56:06.269Z', 'listingId': 1619, 'PhotoUrl': 'https://images.listings.offcampusliving.cornell.edu/listings/1619/Forest Ln Front yard.jpg', 'SortOrder': 2}, {'PhotoId': 40502, 'PhotoName': 'ITH Forest Ln Exterior Back of House.JPG', 'IsDefault': False, 'AddedDateTime': '2025-04-24T19:39:01.390Z', 'listingId': 1619, 'PhotoUrl': 'https://images.listings.offcampusliving.cornell.edu/listings/1619/ITH Forest Ln Exterior Back of House.JPG', 'SortOrder': 3}, {'PhotoId': 40503, 'PhotoName': 'ITH Forest Ln Back Yard_.jpg', 'IsDefault': False, 'AddedDateTime': '2025-04-24T19:40:35.456Z', 'listingId': 1619, 'PhotoUrl': 'https://images.listings.offcampusliving.cornell.edu/listings/1619/ITH Forest Ln Back Yard_.jpg', 'SortOrder': 4}, {'PhotoId': 36435, 'PhotoName': 'Forest Ln Backyard.jpg', 'IsDefault': False, 'AddedDateTime': '2024-07-01T18:56:19.192Z', 'listingId': 1619, 'PhotoUrl': 'https://images.listings.offcampusliving.cornell.edu/listings/1619/Forest Ln Backyard.jpg', 'SortOrder': 5}, {'PhotoId': 40494, 'PhotoName': 'ITH Forest Ln_Main Apt_Kitchen.png', 'IsDefault': False, 'AddedDateTime': '2025-04-24T19:31:51.431Z', 'listingId': 1619, 'PhotoUrl': 'https://images.listings.offcampusliving.cornell.edu/listings/1619/ITH Forest Ln_Main Apt_Kitchen.png', 'SortOrder': 6}, {'PhotoId': 40500, 'PhotoName': 'Hall to bedrms & bath (3 x 3 in) (10)(3).png', 'IsDefault': False, 'AddedDateTime': '2025-04-24T19:35:58.268Z', 'listingId': 1619, 'PhotoUrl': 'https://images.listings.offcampusliving.cornell.edu/listings/1619/Hall to bedrms & bath (3 x 3 in) (10)(3).png', 'SortOrder': 7}, {'PhotoId': 40499, 'PhotoName': 'Hall to bedrms & bath (3 x 3 in) (11)(1).png', 'IsDefault': False, 'AddedDateTime': '2025-04-24T19:35:57.303Z', 'listingId': 1619, 'PhotoUrl': 'https://images.listings.offcampusliving.cornell.edu/listings/1619/Hall to bedrms & bath (3 x 3 in) (11)(1).png', 'SortOrder': 8}, {'PhotoId': 37253, 'PhotoName': 'ITH Fores Ln Front Hall & Closet.jpg', 'IsDefault': False, 'AddedDateTime': '2024-08-24T15:48:39.188Z', 'listingId': 1619, 'PhotoUrl': 'https://images.listings.offcampusliving.cornell.edu/listings/1619/ITH Fores Ln Front Hall & Closet.jpg', 'SortOrder': 9}, {'PhotoId': 40508, 'PhotoName': 'Hall to bedrms & bath (3 x 3 in) (14).png', 'IsDefault': False, 'AddedDateTime': '2025-04-24T19:51:30.011Z', 'listingId': 1619, 'PhotoUrl': 'https://images.listings.offcampusliving.cornell.edu/listings/1619/Hall to bedrms & bath (3 x 3 in) (14).png', 'SortOrder': 10}, {'PhotoId': 40509, 'PhotoName': 'Hall to bedrms & bath (3 x 3 in) (13).png', 'IsDefault': False, 'AddedDateTime': '2025-04-24T19:51:30.915Z', 'listingId': 1619, 'PhotoUrl': 'https://images.listings.offcampusliving.cornell.edu/listings/1619/Hall to bedrms & bath (3 x 3 in) (13).png', 'SortOrder': 11}, {'PhotoId': 40496, 'PhotoName': 'Hall to bedrms & bath (3 x 3 in) (1).png', 'IsDefault': False, 'AddedDateTime': '2025-04-24T19:35:54.504Z', 'listingId': 1619, 'PhotoUrl': 'https://images.listings.offcampusliving.cornell.edu/listings/1619/Hall to bedrms & bath (3 x 3 in) (1).png', 'SortOrder': 12}, {'PhotoId': 40507, 'PhotoName': 'Hall to bedrms & bath (3 x 3 in) (2).png', 'IsDefault': False, 'AddedDateTime': '2025-04-24T19:50:38.887Z', 'listingId': 1619, 'PhotoUrl': 'https://images.listings.offcampusliving.cornell.edu/listings/1619/Hall to bedrms & bath (3 x 3 in) (2).png', 'SortOrder': 13}, {'PhotoId': 40514, 'PhotoName': 'Hall to bedrms & bath (3 x 3 in) (4).png', 'IsDefault': False, 'AddedDateTime': '2025-04-24T19:55:06.511Z', 'listingId': 1619, 'PhotoUrl': 'https://images.listings.offcampusliving.cornell.edu/listings/1619/Hall to bedrms & bath (3 x 3 in) (4).png', 'SortOrder': 14}, {'PhotoId': 40505, 'PhotoName': 'Hall to bedrms & bath (3 x 3 in) (5).png', 'IsDefault': False, 'AddedDateTime': '2025-04-24T19:50:37.248Z', 'listingId': 1619, 'PhotoUrl': 'https://images.listings.offcampusliving.cornell.edu/listings/1619/Hall to bedrms & bath (3 x 3 in) (5).png', 'SortOrder': 15}, {'PhotoId': 40515, 'PhotoName': 'Hall to bedrms & bath (3 x 3 in) (6)(1).png', 'IsDefault': False, 'AddedDateTime': '2025-04-24T19:55:07.237Z', 'listingId': 1619, 'PhotoUrl': 'https://images.listings.offcampusliving.cornell.edu/listings/1619/Hall to bedrms & bath (3 x 3 in) (6)(1).png', 'SortOrder': 16}, {'PhotoId': 40498, 'PhotoName': 'Hall to bedrms & bath (3 x 3 in)(1).png', 'IsDefault': False, 'AddedDateTime': '2025-04-24T19:35:56.352Z', 'listingId': 1619, 'PhotoUrl': 'https://images.listings.offcampusliving.cornell.edu/listings/1619/Hall to bedrms & bath (3 x 3 in)(1).png', 'SortOrder': 17}, {'PhotoId': 36321, 'PhotoName': 'Screenshot 2024-06-15 at 13-50-30 Dryden Rail Trail - Search.png', 'IsDefault': False, 'AddedDateTime': '2024-06-15T17:54:44.411Z', 'listingId': 1619, 'PhotoUrl': 'https://images.listings.offcampusliving.cornell.edu/listings/1619/Screenshot 2024-06-15 at 13-50-30 Dryden Rail Trail - Search.png', 'SortOrder': 18}, {'PhotoId': 36322, 'PhotoName': 'Screenshot 2024-06-15 at 13-50-00 Ithaca Trails - Monkey Run Natural Area.png', 'IsDefault': False, 'AddedDateTime': '2024-06-15T17:55:04.024Z', 'listingId': 1619, 'PhotoUrl': 'https://images.listings.offcampusliving.cornell.edu/listings/1619/Screenshot 2024-06-15 at 13-50-00 Ithaca Trails - Monkey Run Natural Area.png', 'SortOrder': 19}]",
1635,415,2025-06-01T00:00:00.000Z,2,411 DRYDEN ROAD,3,Ithaca,14850,Room for rent June - July 2025,"For June - July 2025 sublet, fully furnished bedroom in an apartment. Rent is $700 which includes all heat, water and gas. Available June 2025.",700,Price Per Person,No,"['Furnished', 'Heat Included', 'Internet Available', 'Kitchen', 'Laundry Facilities', 'Permitted Street Parking Available ', 'Off-Street Parking Available', 'Water Included', 'Electronic Payments Accepted']",No Preference,1,1,"['Undergraduate', 'Graduate', 'Spring Sublet']",Rent,42.44108492939932,-76.48078977042306,"{'lat': 42.44108492939932, 'lng': -76.48078977042306}",True,2025-09-07T00:00:00.000Z,True,Yes,2021-11-29T15:20:59.889Z,2025-05-04T17:12:23.870Z,411 DRYDEN ROAD,"[{'PhotoId': 9545, 'PhotoName': '411.JPG', 'IsDefault': True, 'AddedDateTime': '2018-09-14T04:23:46.000Z', 'listingId': 1635, 'PhotoUrl': 'https://images.listings.offcampusliving.cornell.edu/listings/1635/411.JPG', 'SortOrder': None}]","{""BuildingAddress"": ""411 DRYDEN ROAD"", ""OverallSafetyRating"": 8, ""CategoryScores"": [{""Fire Protection"": 0}, {""Notification Systems"": 0}, {""Emergency Egress"": 0}, {""Applicable Code"": 0}, {""Fire Extinguishers"": 0}, {""Construction Type"": 0}, {""Valid Certificate of Compliance"": 8}], ""OverallSafetyRatingAsPercentage"": 17, ""CategoryScoresAsPercentage"": [{""Fire Protection"": 0}, {""Notification Systems"": 0}, {""Emergency Egress"": 0}, {""Applicable Code"": 0}, {""Fire Extinguishers"": 0}, {""Construction Type"": 0}, {""Valid Certificate of Compliance"": 100}], ""SprinklerType"": [], ""FireExtinguisherCertificateExpiration"": null, ""NotificationSystem"": [{""subCategory"": ""Single Station Smoke Alarm"", ""notificationType"": ""Single Station Smoke Alarm"", ""notificationSystemCertificateExpiration"": ""2024-10-09""}], ""HasValidCertificateOfOccupancy"": true, ""MeetsMinimumRequirements"": false, ""ExceedsRequirements"": false, ""HasFireResistantConstructionType"": false, ""SatisfiesApplicableCode"": false, ""CertificateExpirationDate"": ""2026-10-09T00:00:00.000Z"", ""DateLastUpdated"": ""2025-07-30T07:01:41.000Z""}"
1657,406,2025-08-01T00:00:00.000Z,12,305 CORNELL STREET,,Ithaca,14850,"Include ALL utilities!  5 bedroom/3 bath in Collegetown, right by Cornell campus Hoy Road entrance. ","Spacious and full of lights! Fully furnished 5 bedroom/ 3 bath house with 2 extra study rooms. Modern kitchen with granite counter, dishwasher and in house washer and dryer. extra study room in spacious 5 bedroom house. Huge bedrooms come with full size bed, desk and closet. Off street parking available. 
",1100,Price Per Person,No,"['Furnished', 'Near Bus Route', 'Laundry Facilities', 'Kitchen', 'Water Included', 'Heat Included', 'Electricity Included', 'Off-Street Parking Available']",No Preference,5,3,"['Graduate', 'Undergraduate', 'Fall Sublet', 'Spring Sublet', 'Summer Sublet']",Share,42.44011124014991,-76.47747730814024,"{'lat': 42.44011124014991, 'lng': -76.47747730814024}",True,2025-09-12T00:00:00.000Z,True,Yes,2021-11-29T15:21:00.897Z,2025-07-11T03:39:09.059Z,305 CORNELL STREET,"[{'PhotoId': 37900, 'PhotoName': 'IMG_8570.jpg', 'IsDefault': True, 'AddedDateTime': '2024-10-23T02:28:05.266Z', 'listingId': 1657, 'PhotoUrl': 'https://images.listings.offcampusliving.cornell.edu/listings/1657/IMG_8570.jpg', 'SortOrder': 1}, {'PhotoId': 37901, 'PhotoName': 'IMG_8546.jpg', 'IsDefault': False, 'AddedDateTime': '2024-10-23T02:28:05.773Z', 'listingId': 1657, 'PhotoUrl': 'https://images.listings.offcampusliving.cornell.edu/listings/1657/IMG_8546.jpg', 'SortOrder': 2}, {'PhotoId': 37916, 'PhotoName': 'IMG_8593.jpg', 'IsDefault': False, 'AddedDateTime': '2024-10-23T02:30:30.640Z', 'listingId': 1657, 'PhotoUrl': 'https://images.listings.offcampusliving.cornell.edu/listings/1657/IMG_8593.jpg', 'SortOrder': 3}, {'PhotoId': 37902, 'PhotoName': 'IMG_8592.jpg', 'IsDefault': False, 'AddedDateTime': '2024-10-23T02:28:06.218Z', 'listingId': 1657, 'PhotoUrl': 'https://images.listings.offcampusliving.cornell.edu/listings/1657/IMG_8592.jpg', 'SortOrder': 4}, {'PhotoId': 37903, 'PhotoName': 'IMG_8594.jpg', 'IsDefault': False, 'AddedDateTime': '2024-10-23T02:28:06.595Z', 'listingId': 1657, 'PhotoUrl': 'https://images.listings.offcampusliving.cornell.edu/listings/1657/IMG_8594.jpg', 'SortOrder': 5}, {'PhotoId': 37918, 'PhotoName': 'IMG_8602.jpg', 'IsDefault': False, 'AddedDateTime': '2024-10-23T02:32:44.860Z', 'listingId': 1657, 'PhotoUrl': 'https://images.listings.offcampusliving.cornell.edu/listings/1657/IMG_8602.jpg', 'SortOrder': 6}, {'PhotoId': 37917, 'PhotoName': 'IMG_8601.jpg', 'IsDefault': False, 'AddedDateTime': '2024-10-23T02:32:44.581Z', 'listingId': 1657, 'PhotoUrl': 'https://images.listings.offcampusliving.cornell.edu/listings/1657/IMG_8601.jpg', 'SortOrder': 7}, {'PhotoId': 37904, 'PhotoName': 'IMG_8600.jpg', 'IsDefault': False, 'AddedDateTime': '2024-10-23T02:28:06.916Z', 'listingId': 1657, 'PhotoUrl': 'https://images.listings.offcampusliving.cornell.edu/listings/1657/IMG_8600.jpg', 'SortOrder': 8}, {'PhotoId': 37915, 'PhotoName': 'IMG_8596.jpg', 'IsDefault': False, 'AddedDateTime': '2024-10-23T02:30:30.291Z', 'listingId': 1657, 'PhotoUrl': 'https://images.listings.offcampusliving.cornell.edu/listings/1657/IMG_8596.jpg', 'SortOrder': 9}, {'PhotoId': 37905, 'PhotoName': 'IMG_8602.jpg', 'IsDefault': False, 'AddedDateTime': '2024-10-23T02:28:07.133Z', 'listingId': 1657, 'PhotoUrl': 'https://images.listings.offcampusliving.cornell.edu/listings/1657/IMG_8602.jpg', 'SortOrder': 10}, {'PhotoId': 37906, 'PhotoName': 'IMG_8609.jpg', 'IsDefault': False, 'AddedDateTime': '2024-10-23T02:28:07.493Z', 'listingId': 1657, 'PhotoUrl': 'https://images.listings.offcampusliving.cornell.edu/listings/1657/IMG_8609.jpg', 'SortOrder': 11}, {'PhotoId': 37907, 'PhotoName': 'IMG_8611.jpg', 'IsDefault': False, 'AddedDateTime': '2024-10-23T02:28:07.830Z', 'listingId': 1657, 'PhotoUrl': 'https://images.listings.offcampusliving.cornell.edu/listings/1657/IMG_8611.jpg', 'SortOrder': 12}, {'PhotoId': 37908, 'PhotoName': 'IMG_8612.jpg', 'IsDefault': False, 'AddedDateTime': '2024-10-23T02:28:08.104Z', 'listingId': 1657, 'PhotoUrl': 'https://images.listings.offcampusliving.cornell.edu/listings/1657/IMG_8612.jpg', 'SortOrder': 13}, {'PhotoId': 37909, 'PhotoName': 'IMG_8613.jpg', 'IsDefault': False, 'AddedDateTime': '2024-10-23T02:28:08.470Z', 'listingId': 1657, 'PhotoUrl': 'https://images.listings.offcampusliving.cornell.edu/listings/1657/IMG_8613.jpg', 'SortOrder': 14}, {'PhotoId': 37910, 'PhotoName': 'IMG_8614.jpg', 'IsDefault': False, 'AddedDateTime': '2024-10-23T02:28:08.778Z', 'listingId': 1657, 'PhotoUrl': 'https://images.listings.offcampusliving.cornell.edu/listings/1657/IMG_8614.jpg', 'SortOrder': 15}, {'PhotoId': 37911, 'PhotoName': 'IMG_8616.jpg', 'IsDefault': False, 'AddedDateTime': '2024-10-23T02:28:09.021Z', 'listingId': 1657, 'PhotoUrl': 'https://images.listings.offcampusliving.cornell.edu/listings/1657/IMG_8616.jpg', 'SortOrder': 16}, {'PhotoId': 37912, 'PhotoName': 'IMG_8617.jpg', 'IsDefault': False, 'AddedDateTime': '2024-10-23T02:28:09.408Z', 'listingId': 1657, 'PhotoUrl': 'https://images.listings.offcampusliving.cornell.edu/listings/1657/IMG_8617.jpg', 'SortOrder': 17}, {'PhotoId': 37913, 'PhotoName': 'IMG_8963.jpg', 'IsDefault': False, 'AddedDateTime': '2024-10-23T02:28:09.891Z', 'listingId': 1657, 'PhotoUrl': 'https://images.listings.offcampusliving.cornell.edu/listings/1657/IMG_8963.jpg', 'SortOrder': 18}, {'PhotoId': 37914, 'PhotoName': 'IMG_8965.jpg', 'IsDefault': False, 'AddedDateTime': '2024-10-23T02:28:10.195Z', 'listingId': 1657, 'PhotoUrl': 'https://images.listings.offcampusliving.cornell.edu/listings/1657/IMG_8965.jpg', 'SortOrder': 19}]","{""BuildingAddress"": ""305 CORNELL STREET"", ""OverallSafetyRating"": 8, ""CategoryScores"": [{""Fire Protection"": 0}, {""Notification Systems"": 0}, {""Emergency Egress"": 0}, {""Applicable Code"": 0}, {""Fire Extinguishers"": 0}, {""Construction Type"": 0}, {""Valid Certificate of Compliance"": 8}], ""OverallSafetyRatingAsPercentage"": 17, ""CategoryScoresAsPercentage"": [{""Fire Protection"": 0}, {""Notification Systems"": 0}, {""Emergency Egress"": 0}, {""Applicable Code"": 0}, {""Fire Extinguishers"": 0}, {""Construction Type"": 0}, {""Valid Certificate of Compliance"": 100}], ""SprinklerType"": [], ""FireExtinguisherCertificateExpiration"": null, ""NotificationSystem"": [{""subCategory"": ""Single Station Smoke Alarm"", ""notificationType"": ""Single Station Smoke Alarm"", ""notificationSystemCertificateExpiration"": ""2023-01-10""}], ""HasValidCertificateOfOccupancy"": true, ""MeetsMinimumRequirements"": true, ""ExceedsRequirements"": false, ""HasFireResistantConstructionType"": false, ""SatisfiesApplicableCode"": false, ""CertificateExpirationDate"": ""2027-01-10T00:00:00.000Z"", ""DateLastUpdated"": ""2025-07-30T07:01:33.000Z""}"
1938,406,2025-08-20T00:00:00.000Z,12,125 BLAIR STREET,,Ithaca,14850,"Including utilities, Collegetown large three bedroom apartment for spring  semester","Large and bright 3 BR lower  level apartment. Fully furnished, kitchen with lots of cabinets, dishwasher and it's own washer/dryer in unit. Each bedroom comes with double bed, desk, chair and large closet. 
$1,050/per person/ per bedroom including  utilities.",1050,Price Per Person,No,"['Furnished', 'Internet Available', 'Kitchen', 'Laundry Facilities', 'Off-Street Parking Available', 'Water Included', 'Near Bus Route', 'Heat Included', 'Electricity Included']",No Preference,3,1,"['Graduate', 'Undergraduate', 'Spring Sublet', 'Summer Sublet', 'Fall Sublet']",Rent,42.43951221213229,-76.48527556716225,"{'lat': 42.43951221213229, 'lng': -76.48527556716225}",True,2025-09-12T00:00:00.000Z,True,Yes,2019-01-16T22:17:48.000Z,2025-08-12T19:40:36.445Z,125 BLAIR STREET,"[{'PhotoId': 11380, 'PhotoName': '125blair2014.png', 'IsDefault': True, 'AddedDateTime': '2019-01-16T22:25:49.000Z', 'listingId': 1938, 'PhotoUrl': 'https://images.listings.offcampusliving.cornell.edu/listings/1938/125blair2014.png', 'SortOrder': 1}, {'PhotoId': 23272, 'PhotoName': 'PGUOE3092.JPG', 'IsDefault': False, 'AddedDateTime': '2021-03-17T20:48:15.000Z', 'listingId': 1938, 'PhotoUrl': 'https://images.listings.offcampusliving.cornell.edu/listings/1938/PGUOE3092.JPG', 'SortOrder': 2}, {'PhotoId': 27067, 'PhotoName': 'IMG_6892.jpg', 'IsDefault': False, 'AddedDateTime': '2022-07-27T19:20:00.134Z', 'listingId': 1938, 'PhotoUrl': 'https://images.listings.offcampusliving.cornell.edu/listings/1938/IMG_6892.jpg', 'SortOrder': 3}, {'PhotoId': 27063, 'PhotoName': 'IMG_6890.jpg', 'IsDefault': False, 'AddedDateTime': '2022-07-27T19:08:29.568Z', 'listingId': 1938, 'PhotoUrl': 'https://images.listings.offcampusliving.cornell.edu/listings/1938/IMG_6890.jpg', 'SortOrder': 4}, {'PhotoId': 27066, 'PhotoName': 'IMG_6891 (1).jpg', 'IsDefault': False, 'AddedDateTime': '2022-07-27T19:09:17.082Z', 'listingId': 1938, 'PhotoUrl': 'https://images.listings.offcampusliving.cornell.edu/listings/1938/IMG_6891 (1).jpg', 'SortOrder': 5}, {'PhotoId': 27062, 'PhotoName': 'IMG_6895.jpg', 'IsDefault': False, 'AddedDateTime': '2022-07-27T19:08:29.153Z', 'listingId': 1938, 'PhotoUrl': 'https://images.listings.offcampusliving.cornell.edu/listings/1938/IMG_6895.jpg', 'SortOrder': 6}, {'PhotoId': 27065, 'PhotoName': 'IMG_6893.jpg', 'IsDefault': False, 'AddedDateTime': '2022-07-27T19:08:30.419Z', 'listingId': 1938, 'PhotoUrl': 'https://images.listings.offcampusliving.cornell.edu/listings/1938/IMG_6893.jpg', 'SortOrder': 7}, {'PhotoId': 23273, 'PhotoName': 'IVEFE9225.JPG', 'IsDefault': False, 'AddedDateTime': '2021-03-17T20:48:26.000Z', 'listingId': 1938, 'PhotoUrl': 'https://images.listings.offcampusliving.cornell.edu/listings/1938/IVEFE9225.JPG', 'SortOrder': 8}]","{""BuildingAddress"": ""125 BLAIR STREET"", ""OverallSafetyRating"": 8, ""CategoryScores"": [{""Fire Protection"": 0}, {""Notification Systems"": 0}, {""Emergency Egress"": 0}, {""Applicable Code"": 0}, {""Fire Extinguishers"": 0}, {""Construction Type"": 0}, {""Valid Certificate of Compliance"": 8}], ""OverallSafetyRatingAsPercentage"": 17, ""CategoryScoresAsPercentage"": [{""Fire Protection"": 0}, {""Notification Systems"": 0}, {""Emergency Egress"": 0}, {""Applicable Code"": 0}, {""Fire Extinguishers"": 0}, {""Construction Type"": 0}, {""Valid Certificate of Compliance"": 100}], ""SprinklerType"": [], ""FireExtinguisherCertificateExpiration"": null, ""NotificationSystem"": [{""subCategory"": ""Single Station Smoke Alarm"", ""notificationType"": ""Single Station Smoke Alarm"", ""notificationSystemCertificateExpiration"": ""2021-12-21""}], ""HasValidCertificateOfOccupancy"": true, ""MeetsMinimumRequirements"": false, ""ExceedsRequirements"": false, ""HasFireResistantConstructionType"": false, ""SatisfiesApplicableCode"": false, ""CertificateExpirationDate"": ""2025-12-21T00:00:00.000Z"", ""DateLastUpdated"": ""2025-07-30T07:01:22.000Z""}"
1960,192,2025-08-04T00:00:00.000Z,12,10 Sanctuary Drive #2,10 Sanct. Dr. #2,Ithaca,14850,Large and Quiet 2 Bed 2.5 Bath in the Sapsucker Woods Neighborhood. Near Campus and Available For Spring Semester or Short Term Leases. ,"50% off July Security deposit!! Loft style 2 Bedroom, 2.5 bath Town homes with vaulted ceilings, fireplace, 1 car garage, central air, full basement with washer/dryer hook-ups. Modern and maintenance free town home living located in Ithaca with a wonderfully scenic and wooded area next to the bird Sanctuary. 
$2000/ month plus utilities.
 


10 Sanctuary #2 - $2000.00 a month plus utilities
Contact office to schedule a viewing or to inquire about other Sanctuary units available! ",2000,Price Per Unit,Yes,"['Air Conditioning', 'Internet Available', 'Kitchen', 'Laundry Facilities', 'Near Bus Route', 'Off-Street Parking Available', 'Wheelchair Accessible']",No Preference,2,2.5,"['Graduate', 'Short-Term Housing', 'Spring Sublet', 'Staff/Faculty', 'Undergraduate']",Rent,42.47313590306447,-76.45261132001559,"{'lat': 42.47313590306447, 'lng': -76.45261132001559}",True,2025-09-18T00:00:00.000Z,True,No,2019-01-21T16:32:48.000Z,2025-08-04T16:07:41.577Z,,"[{'PhotoId': 11495, 'PhotoName': 'East-959 Fireplace 076.jpg', 'IsDefault': True, 'AddedDateTime': '2019-01-21T16:33:41.000Z', 'listingId': 1960, 'PhotoUrl': 'https://images.listings.offcampusliving.cornell.edu/listings/1960/East-959 Fireplace 076.jpg', 'SortOrder': None}, {'PhotoId': 11496, 'PhotoName': 'East-959 Fireplace 052.jpg', 'IsDefault': False, 'AddedDateTime': '2019-01-21T16:33:53.000Z', 'listingId': 1960, 'PhotoUrl': 'https://images.listings.offcampusliving.cornell.edu/listings/1960/East-959 Fireplace 052.jpg', 'SortOrder': None}, {'PhotoId': 11497, 'PhotoName': 'East-959 Fireplace 050.jpg', 'IsDefault': False, 'AddedDateTime': '2019-01-21T16:34:01.000Z', 'listingId': 1960, 'PhotoUrl': 'https://images.listings.offcampusliving.cornell.edu/listings/1960/East-959 Fireplace 050.jpg', 'SortOrder': None}, {'PhotoId': 11498, 'PhotoName': 'East-959 Fireplace 054.jpg', 'IsDefault': False, 'AddedDateTime': '2019-01-21T16:34:03.000Z', 'listingId': 1960, 'PhotoUrl': 'https://images.listings.offcampusliving.cornell.edu/listings/1960/East-959 Fireplace 054.jpg', 'SortOrder': None}, {'PhotoId': 11499, 'PhotoName': 'East-959 Fireplace 047.jpg', 'IsDefault': False, 'AddedDateTime': '2019-01-21T16:34:03.000Z', 'listingId': 1960, 'PhotoUrl': 'https://images.listings.offcampusliving.cornell.edu/listings/1960/East-959 Fireplace 047.jpg', 'SortOrder': None}, {'PhotoId': 11500, 'PhotoName': 'East-959 Fireplace 049.jpg', 'IsDefault': False, 'AddedDateTime': '2019-01-21T16:34:07.000Z', 'listingId': 1960, 'PhotoUrl': 'https://images.listings.offcampusliving.cornell.edu/listings/1960/East-959 Fireplace 049.jpg', 'SortOrder': None}, {'PhotoId': 11501, 'PhotoName': 'East-959 Fireplace 074.jpg', 'IsDefault': False, 'AddedDateTime': '2019-01-21T16:34:11.000Z', 'listingId': 1960, 'PhotoUrl': 'https://images.listings.offcampusliving.cornell.edu/listings/1960/East-959 Fireplace 074.jpg', 'SortOrder': None}, {'PhotoId': 11502, 'PhotoName': 'East-959 Fireplace 053.jpg', 'IsDefault': False, 'AddedDateTime': '2019-01-21T16:34:12.000Z', 'listingId': 1960, 'PhotoUrl': 'https://images.listings.offcampusliving.cornell.edu/listings/1960/East-959 Fireplace 053.jpg', 'SortOrder': None}, {'PhotoId': 11503, 'PhotoName': 'East-959 Fireplace 051.jpg', 'IsDefault': False, 'AddedDateTime': '2019-01-21T16:34:13.000Z', 'listingId': 1960, 'PhotoUrl': 'https://images.listings.offcampusliving.cornell.edu/listings/1960/East-959 Fireplace 051.jpg', 'SortOrder': None}, {'PhotoId': 11504, 'PhotoName': 'East-959 Fireplace 056.jpg', 'IsDefault': False, 'AddedDateTime': '2019-01-21T16:34:18.000Z', 'listingId': 1960, 'PhotoUrl': 'https://images.listings.offcampusliving.cornell.edu/listings/1960/East-959 Fireplace 056.jpg', 'SortOrder': None}, {'PhotoId': 11505, 'PhotoName': 'East-959 Fireplace 057.jpg', 'IsDefault': False, 'AddedDateTime': '2019-01-21T16:34:18.000Z', 'listingId': 1960, 'PhotoUrl': 'https://images.listings.offcampusliving.cornell.edu/listings/1960/East-959 Fireplace 057.jpg', 'SortOrder': None}]",
2123,192,2025-08-13T00:00:00.000Z,10,1067 Warren Rd.,Village Solars Apartments,Ithaca,14850,"⌘ ONLINE TOURS & VIRTUAL VIEWINGS w/ FACETIME & SKYPE ⌘

⌘ Affordable Studios ⌘

⌘ 5 Miles North of Cornell's Campus ⌘","Free washer/dryer with 1st lease. 50% off August Security deposit!!  THESE UNITS FILL FAST

Studio Price Ranges - $1254.00 - $1275.00



$60.00 a month approximately for gas and electricity.
$15.00 a month per vehicle for parking.
$60.00 a month for water/garbage/sewer
$60.00 a month for pet rent (optional)
$40.00 a month for washer/dryer (optional)
Available for June & August 2025 move ins.

Visit Apts.com, Zillow, Trulia, Hotpads & our website for more info",1254,Price Per Unit,Yes,"['Air Conditioning', 'Electronic Payments Accepted ', 'Furnished', 'Internet Available', 'Kitchen', 'Laundry Facilities', 'Near Bus Route', 'Off-Street Parking Available', 'Wheelchair Accessible']",No Preference,studio,1,"['Graduate', 'Staff/Faculty', 'Undergraduate', 'Short-Term Housing']",Rent,42.51039304050432,-76.47046246133591,"{'lat': 42.51039304050432, 'lng': -76.47046246133591}",True,2025-09-05T00:00:00.000Z,True,No,2019-04-04T14:33:23.000Z,2025-08-13T12:10:09.737Z,,"[{'PhotoId': 12558, 'PhotoName': 'balcony view.jpg', 'IsDefault': True, 'AddedDateTime': '2019-04-04T14:34:06.000Z', 'listingId': 2123, 'PhotoUrl': 'https://images.listings.offcampusliving.cornell.edu/listings/2123/balcony view.jpg', 'SortOrder': None}, {'PhotoId': 12554, 'PhotoName': 'kitchen and living space shot.jpg', 'IsDefault': False, 'AddedDateTime': '2019-04-04T14:34:05.000Z', 'listingId': 2123, 'PhotoUrl': 'https://images.listings.offcampusliving.cornell.edu/listings/2123/kitchen and living space shot.jpg', 'SortOrder': None}, {'PhotoId': 12555, 'PhotoName': 'L shape full view with window.jpg', 'IsDefault': False, 'AddedDateTime': '2019-04-04T14:34:05.000Z', 'listingId': 2123, 'PhotoUrl': 'https://images.listings.offcampusliving.cornell.edu/listings/2123/L shape full view with window.jpg', 'SortOrder': None}, {'PhotoId': 12556, 'PhotoName': '1067 and bldg 6 rear shot.jpg', 'IsDefault': False, 'AddedDateTime': '2019-04-04T14:34:06.000Z', 'listingId': 2123, 'PhotoUrl': 'https://images.listings.offcampusliving.cornell.edu/listings/2123/1067 and bldg 6 rear shot.jpg', 'SortOrder': None}, {'PhotoId': 12557, 'PhotoName': 'bedroom double window shot solars upper level.jpg', 'IsDefault': False, 'AddedDateTime': '2019-04-04T14:34:06.000Z', 'listingId': 2123, 'PhotoUrl': 'https://images.listings.offcampusliving.cornell.edu/listings/2123/bedroom double window shot solars upper level.jpg', 'SortOrder': None}, {'PhotoId': 12559, 'PhotoName': 'Fall Photo Solars.png', 'IsDefault': False, 'AddedDateTime': '2019-04-04T14:34:06.000Z', 'listingId': 2123, 'PhotoUrl': 'https://images.listings.offcampusliving.cornell.edu/listings/2123/Fall Photo Solars.png', 'SortOrder': None}, {'PhotoId': 12560, 'PhotoName': 'Phase 1 exterior shot.jpg', 'IsDefault': False, 'AddedDateTime': '2019-04-04T14:34:06.000Z', 'listingId': 2123, 'PhotoUrl': 'https://images.listings.offcampusliving.cornell.edu/listings/2123/Phase 1 exterior shot.jpg', 'SortOrder': None}, {'PhotoId': 12561, 'PhotoName': 'lawn area Village Soalrs.jpg', 'IsDefault': False, 'AddedDateTime': '2019-04-04T14:34:06.000Z', 'listingId': 2123, 'PhotoUrl': 'https://images.listings.offcampusliving.cornell.edu/listings/2123/lawn area Village Soalrs.jpg', 'SortOrder': None}, {'PhotoId': 12562, 'PhotoName': 'L shape kitchen bar side view.jpg', 'IsDefault': False, 'AddedDateTime': '2019-04-04T14:34:06.000Z', 'listingId': 2123, 'PhotoUrl': 'https://images.listings.offcampusliving.cornell.edu/listings/2123/L shape kitchen bar side view.jpg', 'SortOrder': None}, {'PhotoId': 12563, 'PhotoName': 'vaulted ceiling soalrs.jpg', 'IsDefault': False, 'AddedDateTime': '2019-04-04T14:34:06.000Z', 'listingId': 2123, 'PhotoUrl': 'https://images.listings.offcampusliving.cornell.edu/listings/2123/vaulted ceiling soalrs.jpg', 'SortOrder': None}, {'PhotoId': 12564, 'PhotoName': 'solars galley kitchen.jpg', 'IsDefault': False, 'AddedDateTime': '2019-04-04T14:34:06.000Z', 'listingId': 2123, 'PhotoUrl': 'https://images.listings.offcampusliving.cornell.edu/listings/2123/solars galley kitchen.jpg', 'SortOrder': None}, {'PhotoId': 12565, 'PhotoName': 'solars walk in shower.jpg', 'IsDefault': False, 'AddedDateTime': '2019-04-04T14:34:06.000Z', 'listingId': 2123, 'PhotoUrl': 'https://images.listings.offcampusliving.cornell.edu/listings/2123/solars walk in shower.jpg', 'SortOrder': None}, {'PhotoId': 12566, 'PhotoName': 'solars bathroom sliding door.jpg', 'IsDefault': False, 'AddedDateTime': '2019-04-04T14:34:06.000Z', 'listingId': 2123, 'PhotoUrl': 'https://images.listings.offcampusliving.cornell.edu/listings/2123/solars bathroom sliding door.jpg', 'SortOrder': None}, {'PhotoId': 12567, 'PhotoName': 'L shape kitchen upper level.jpg', 'IsDefault': False, 'AddedDateTime': '2019-04-04T14:34:06.000Z', 'listingId': 2123, 'PhotoUrl': 'https://images.listings.offcampusliving.cornell.edu/listings/2123/L shape kitchen upper level.jpg', 'SortOrder': None}, {'PhotoId': 12568, 'PhotoName': 'walking trail and wetland shot.jpg', 'IsDefault': False, 'AddedDateTime': '2019-04-04T14:34:06.000Z', 'listingId': 2123, 'PhotoUrl': 'https://images.listings.offcampusliving.cornell.edu/listings/2123/walking trail and wetland shot.jpg', 'SortOrder': None}, {'PhotoId': 12569, 'PhotoName': 'solars kitchen and window upper level.jpg', 'IsDefault': False, 'AddedDateTime': '2019-04-04T14:34:06.000Z', 'listingId': 2123, 'PhotoUrl': 'https://images.listings.offcampusliving.cornell.edu/listings/2123/solars kitchen and window upper level.jpg', 'SortOrder': None}, {'PhotoId': 12570, 'PhotoName': 'walking trail village solars.jpg', 'IsDefault': False, 'AddedDateTime': '2019-04-04T14:34:06.000Z', 'listingId': 2123, 'PhotoUrl': 'https://images.listings.offcampusliving.cornell.edu/listings/2123/walking trail village solars.jpg', 'SortOrder': None}, {'PhotoId': 12571, 'PhotoName': 'wetland and grill shot.jpg', 'IsDefault': False, 'AddedDateTime': '2019-04-04T14:34:07.000Z', 'listingId': 2123, 'PhotoUrl': 'https://images.listings.offcampusliving.cornell.edu/listings/2123/wetland and grill shot.jpg', 'SortOrder': None}, {'PhotoId': 26626, 'PhotoName': 'Village Solars office new 1.JPG', 'IsDefault': False, 'AddedDateTime': '2022-06-07T22:01:18.522Z', 'listingId': 2123, 'PhotoUrl': 'https://images.listings.offcampusliving.cornell.edu/listings/2123/Village Solars office new 1.JPG', 'SortOrder': None}, {'PhotoId': 35628, 'PhotoName': 'Village Solars Exterior.jpg', 'IsDefault': False, 'AddedDateTime': '2024-04-17T03:22:53.216Z', 'listingId': 2123, 'PhotoUrl': 'https://images.listings.offcampusliving.cornell.edu/listings/2123/Village Solars Exterior.jpg', 'SortOrder': None}, {'PhotoId': 38085, 'PhotoName': 'Studio.jpg', 'IsDefault': False, 'AddedDateTime': '2024-10-31T14:11:05.636Z', 'listingId': 2123, 'PhotoUrl': 'https://images.listings.offcampusliving.cornell.edu/listings/2123/Studio.jpg', 'SortOrder': None}]",
2276,1230,2025-08-03T00:00:00.000Z,12,1283 Ellis Hiollow Road,,Ithaca,14850,Nice big 1+ bedroom (has second room) close to Cornell (Ellis Hollow),"townhouse style with a bedroom and a study upstairs.  Living Rm, Kitchen, bathroom downstairs.   Dishwasher.  Large front porch.  Small patio off back kitchen door.  Quiet residential neighborhood.  Utilities average $110/mo.  Off-street parking.",1350,Price Per Unit,No,"['Electronic Payments Accepted ', 'Internet Available', 'Kitchen', 'Off-Street Parking Included', 'Water Included', 'Electronic Payments Accepted']",No Preference,2,1,"['Graduate', 'Sabbatic housing', 'Staff/Faculty']",Rent,42.43043259790139,-76.43006373147432,"{'lat': 42.43043259790139, 'lng': -76.43006373147432}",True,2025-09-02T00:00:00.000Z,True,No,2019-05-10T15:13:42.000Z,2025-08-02T17:43:07.151Z,,"[{'PhotoId': 42494, 'PhotoName': '3 bedroom1.jpg', 'IsDefault': True, 'AddedDateTime': '2025-08-02T17:52:02.255Z', 'listingId': 2276, 'PhotoUrl': 'https://images.listings.offcampusliving.cornell.edu/listings/2276/3 bedroom1.jpg', 'SortOrder': 2}, {'PhotoId': 42493, 'PhotoName': '3 livingroom.jpg', 'IsDefault': False, 'AddedDateTime': '2025-08-02T17:50:54.742Z', 'listingId': 2276, 'PhotoUrl': 'https://images.listings.offcampusliving.cornell.edu/listings/2276/3 livingroom.jpg', 'SortOrder': 1}, {'PhotoId': 13575, 'PhotoName': 'Ellis exterior front.jpg', 'IsDefault': False, 'AddedDateTime': '2019-05-10T15:14:38.000Z', 'listingId': 2276, 'PhotoUrl': 'https://images.listings.offcampusliving.cornell.edu/listings/2276/Ellis exterior front.jpg', 'SortOrder': 3}, {'PhotoId': 42495, 'PhotoName': '3 study1.jpg', 'IsDefault': False, 'AddedDateTime': '2025-08-02T17:52:18.924Z', 'listingId': 2276, 'PhotoUrl': 'https://images.listings.offcampusliving.cornell.edu/listings/2276/3 study1.jpg', 'SortOrder': 4}, {'PhotoId': 42497, 'PhotoName': 'EHR Kitchen.jpg', 'IsDefault': False, 'AddedDateTime': '2025-08-02T17:56:14.108Z', 'listingId': 2276, 'PhotoUrl': 'https://images.listings.offcampusliving.cornell.edu/listings/2276/EHR Kitchen.jpg', 'SortOrder': 5}]",
2472,37,2026-06-10T00:00:00.000Z,12,108 BLAIR STREET,03,Ithaca,14850," Fully Furnished, 3 bedrooms, 2 Bathrooms, Private Washer/Dryer Visit our website demosjohnnycollegetownrentals.com
 ","These apartments are newly built located within the Blair Street Complex. Fully furnished with spacious rooms, modern style, private laundry room and parking lot. - walking distance to Cornell and Collegetown. It is the perfect location for Cornell Students who want to be Close To It All (Downtown and Collegetown) Visit our website demosjohnnycollegetownrentals.com
Tour virtually our 30 Off Campus locations in the Heart of Collegetown Linden Ave, College Ave, Catherine Str, Blair Str, Eddy Str",1195,Price Per Person,No,"['Furnished', 'Electronic Payments Accepted ', 'Kitchen', 'Laundry Facilities', 'Near Bus Route', 'Off-Street Parking Available', 'Electronic Payments Accepted', 'Internet Available']",No Preference,3,2,"['Graduate', 'Undergraduate']",Rent,42.43837418616069,-76.48539987299901,"{'lat': 42.43837418616069, 'lng': -76.48539987299901}",True,2025-10-18T00:00:00.000Z,True,Yes,2019-08-23T21:46:09.000Z,2025-08-29T13:28:03.531Z,108 BLAIR STREET,"[{'PhotoId': 15155, 'PhotoName': '804B Blair Complex Outside.jpg', 'IsDefault': True, 'AddedDateTime': '2019-08-23T21:55:18.000Z', 'listingId': 2472, 'PhotoUrl': 'https://images.listings.offcampusliving.cornell.edu/listings/2472/804B Blair Complex Outside.jpg', 'SortOrder': None}, {'PhotoId': 15156, 'PhotoName': '804C Complex Outside1.jpg', 'IsDefault': False, 'AddedDateTime': '2019-08-23T21:55:18.000Z', 'listingId': 2472, 'PhotoUrl': 'https://images.listings.offcampusliving.cornell.edu/listings/2472/804C Complex Outside1.jpg', 'SortOrder': None}, {'PhotoId': 15157, 'PhotoName': '810 Blair Complex Outside1.jpg', 'IsDefault': False, 'AddedDateTime': '2019-08-23T21:55:18.000Z', 'listingId': 2472, 'PhotoUrl': 'https://images.listings.offcampusliving.cornell.edu/listings/2472/810 Blair Complex Outside1.jpg', 'SortOrder': None}, {'PhotoId': 15158, 'PhotoName': 'BTHRM2.JPG', 'IsDefault': False, 'AddedDateTime': '2019-08-23T21:55:50.000Z', 'listingId': 2472, 'PhotoUrl': 'https://images.listings.offcampusliving.cornell.edu/listings/2472/BTHRM2.JPG', 'SortOrder': None}, {'PhotoId': 15159, 'PhotoName': 'BED2.JPG', 'IsDefault': False, 'AddedDateTime': '2019-08-23T21:55:50.000Z', 'listingId': 2472, 'PhotoUrl': 'https://images.listings.offcampusliving.cornell.edu/listings/2472/BED2.JPG', 'SortOrder': None}, {'PhotoId': 15160, 'PhotoName': 'Kitchen.JPG', 'IsDefault': False, 'AddedDateTime': '2019-08-23T21:55:51.000Z', 'listingId': 2472, 'PhotoUrl': 'https://images.listings.offcampusliving.cornell.edu/listings/2472/Kitchen.JPG', 'SortOrder': None}, {'PhotoId': 15161, 'PhotoName': 'BED3.JPG', 'IsDefault': False, 'AddedDateTime': '2019-08-23T21:55:51.000Z', 'listingId': 2472, 'PhotoUrl': 'https://images.listings.offcampusliving.cornell.edu/listings/2472/BED3.JPG', 'SortOrder': None}, {'PhotoId': 15162, 'PhotoName': 'BTHRM.JPG', 'IsDefault': False, 'AddedDateTime': '2019-08-23T21:55:51.000Z', 'listingId': 2472, 'PhotoUrl': 'https://images.listings.offcampusliving.cornell.edu/listings/2472/BTHRM.JPG', 'SortOrder': None}, {'PhotoId': 15163, 'PhotoName': 'LivingRM2.JPG', 'IsDefault': False, 'AddedDateTime': '2019-08-23T21:55:51.000Z', 'listingId': 2472, 'PhotoUrl': 'https://images.listings.offcampusliving.cornell.edu/listings/2472/LivingRM2.JPG', 'SortOrder': None}, {'PhotoId': 15164, 'PhotoName': 'BED1.JPG', 'IsDefault': False, 'AddedDateTime': '2019-08-23T21:55:52.000Z', 'listingId': 2472, 'PhotoUrl': 'https://images.listings.offcampusliving.cornell.edu/listings/2472/BED1.JPG', 'SortOrder': None}, {'PhotoId': 15165, 'PhotoName': 'LivingRM.JPG', 'IsDefault': False, 'AddedDateTime': '2019-08-23T21:55:52.000Z', 'listingId': 2472, 'PhotoUrl': 'https://images.listings.offcampusliving.cornell.edu/listings/2472/LivingRM.JPG', 'SortOrder': None}, {'PhotoId': 15166, 'PhotoName': 'WASHERDRYERJPG.JPG', 'IsDefault': False, 'AddedDateTime': '2019-08-23T21:55:52.000Z', 'listingId': 2472, 'PhotoUrl': 'https://images.listings.offcampusliving.cornell.edu/listings/2472/WASHERDRYERJPG.JPG', 'SortOrder': None}]","{""BuildingAddress"": ""108 BLAIR STREET"", ""OverallSafetyRating"": 14, ""CategoryScores"": [{""Fire Protection"": 0}, {""Notification Systems"": 0}, {""Emergency Egress"": 0}, {""Applicable Code"": 6}, {""Fire Extinguishers"": 0}, {""Construction Type"": 0}, {""Valid Certificate of Compliance"": 8}], ""OverallSafetyRatingAsPercentage"": 30, ""CategoryScoresAsPercentage"": [{""Fire Protection"": 0}, {""Notification Systems"": 0}, {""Emergency Egress"": 0}, {""Applicable Code"": 100}, {""Fire Extinguishers"": 0}, {""Construction Type"": 0}, {""Valid Certificate of Compliance"": 100}], ""SprinklerType"": [], ""FireExtinguisherCertificateExpiration"": null, ""NotificationSystem"": [{""subCategory"": ""Single Station Smoke Alarm"", ""notificationType"": ""Single Station Smoke Alarm"", ""notificationSystemCertificateExpiration"": ""2024-03-22""}], ""HasValidCertificateOfOccupancy"": true, ""MeetsMinimumRequirements"": false, ""ExceedsRequirements"": false, ""HasFireResistantConstructionType"": false, ""SatisfiesApplicableCode"": true, ""CertificateExpirationDate"": ""2028-03-22T00:00:00.000Z"", ""DateLastUpdated"": ""2025-07-30T07:01:15.000Z""}"
2561,415,2025-08-04T00:00:00.000Z,12,410 STEWART AVENUE,3,Ithaca,14850,Room for Rent 2025-2026 School Year,"Fully furnished room in an apartment for rent at 410 Stewart Ave. Short walk to Cornell campus. Laundry in the building, bus stop right across the street. Rent is $675 per room which includes all utilities",675,Price Per Person,No,"['Electricity Included', 'Electronic Payments Accepted ', 'Furnished', 'Heat Included', 'Internet Available', 'Kitchen', 'Laundry Facilities', 'Near Bus Route', 'Off-Street Parking Available', 'Water Included', 'Electronic Payments Accepted']",No Preference,1,1,"['Undergraduate', 'Graduate']",Rent,42.44317723546801,-76.48967943648448,"{'lat': 42.44317723546801, 'lng': -76.48967943648448}",True,2025-09-16T00:00:00.000Z,True,Yes,2019-09-26T02:51:58.000Z,2025-07-16T12:28:25.638Z,410 STEWART AVENUE,"[{'PhotoId': 24880, 'PhotoName': 'Capture.JPG', 'IsDefault': True, 'AddedDateTime': '2021-11-11T01:21:19.000Z', 'listingId': 2561, 'PhotoUrl': 'https://images.listings.offcampusliving.cornell.edu/listings/2561/Capture.JPG', 'SortOrder': None}, {'PhotoId': 29254, 'PhotoName': '410.3 #4.JPG', 'IsDefault': False, 'AddedDateTime': '2023-01-16T03:42:27.152Z', 'listingId': 2561, 'PhotoUrl': 'https://images.listings.offcampusliving.cornell.edu/listings/2561/410.3 #4.JPG', 'SortOrder': None}]","{""BuildingAddress"": ""410 STEWART AVENUE"", ""OverallSafetyRating"": 8, ""CategoryScores"": [{""Fire Protection"": 0}, {""Notification Systems"": 0}, {""Emergency Egress"": 0}, {""Applicable Code"": 0}, {""Fire Extinguishers"": 0}, {""Construction Type"": 0}, {""Valid Certificate of Compliance"": 8}], ""OverallSafetyRatingAsPercentage"": 17, ""CategoryScoresAsPercentage"": [{""Fire Protection"": 0}, {""Notification Systems"": 0}, {""Emergency Egress"": 0}, {""Applicable Code"": 0}, {""Fire Extinguishers"": 0}, {""Construction Type"": 0}, {""Valid Certificate of Compliance"": 100}], ""SprinklerType"": [], ""FireExtinguisherCertificateExpiration"": null, ""NotificationSystem"": [{""subCategory"": ""Single Station Smoke Alarm"", ""notificationType"": ""Single Station Smoke Alarm"", ""notificationSystemCertificateExpiration"": ""2023-12-05""}, {""subCategory"": ""Fire Alarm System"", ""notificationType"": ""Fire Alarm System"", ""notificationSystemCertificateExpiration"": ""2025-01-01""}], ""HasValidCertificateOfOccupancy"": true, ""MeetsMinimumRequirements"": true, ""ExceedsRequirements"": false, ""HasFireResistantConstructionType"": false, ""SatisfiesApplicableCode"": false, ""CertificateExpirationDate"": ""2026-01-08T00:00:00.000Z"", ""DateLastUpdated"": ""2025-07-30T07:01:41.000Z""}"
3234,1579,2026-01-01T00:00:00.000Z,12,205 DRYDEN ROAD,Suite 302,Ithaca,14850,Spring 2026 sublet - Updated listing! Single bedrooms available in a Large four bedroom suite #302 with 3 male undergraduates.,"Spring 2026 sublet Jan 1 - May 31st. Suite # 302 has a single bedrooms avialble with 3 male tenants.  Please contact Leasing@drydensouth.com for more information.   Fully furnished. Lots of natural light with less exposure to activity from the street. Heat and hot water included, tenant pays electricity and wifi. Bedrooms included individually keyed door locks, bed, dresser, closet , desk and chair, with independent heat and ac controls. all building amenities included.  



",1795,Price Per Person,No,"['Air Conditioning', 'Electronic Payments Accepted ', 'Furnished', 'Heat Included', 'Internet Available', 'Kitchen', 'Laundry Facilities', 'Near Bus Route', 'Water Included']",No Preference,1,2,"['Undergraduate', 'Graduate', 'Fall Sublet']",Rent,42.44194683046216,-76.48532224497183,"{'lat': 42.44194683046216, 'lng': -76.48532224497183}",True,2025-09-06T00:00:00.000Z,True,Yes,2020-09-01T21:30:09.000Z,2025-08-25T14:31:11.991Z,205 DRYDEN ROAD,"[{'PhotoId': 39676, 'PhotoName': 'Dryden South Drone pic.jpg', 'IsDefault': True, 'AddedDateTime': '2025-03-11T13:07:43.744Z', 'listingId': 3234, 'PhotoUrl': 'https://images.listings.offcampusliving.cornell.edu/listings/3234/Dryden South Drone pic.jpg', 'SortOrder': None}, {'PhotoId': 21449, 'PhotoName': '049-205-dryden-road-ithaca-ny-usa-035_m.jpg', 'IsDefault': False, 'AddedDateTime': '2020-09-01T21:30:58.000Z', 'listingId': 3234, 'PhotoUrl': 'https://images.listings.offcampusliving.cornell.edu/listings/3234/049-205-dryden-road-ithaca-ny-usa-035_m.jpg', 'SortOrder': None}, {'PhotoId': 21450, 'PhotoName': '1PC69MO4EU71.jpg', 'IsDefault': False, 'AddedDateTime': '2020-09-01T21:32:23.000Z', 'listingId': 3234, 'PhotoUrl': 'https://images.listings.offcampusliving.cornell.edu/listings/3234/1PC69MO4EU71.jpg', 'SortOrder': None}, {'PhotoId': 21451, 'PhotoName': '1PC69UYRURMC.jpg', 'IsDefault': False, 'AddedDateTime': '2020-09-01T21:32:53.000Z', 'listingId': 3234, 'PhotoUrl': 'https://images.listings.offcampusliving.cornell.edu/listings/3234/1PC69UYRURMC.jpg', 'SortOrder': None}, {'PhotoId': 21452, 'PhotoName': '052-205-dryden-road-ithaca-ny-usa-003_m.jpg', 'IsDefault': False, 'AddedDateTime': '2020-09-01T21:33:13.000Z', 'listingId': 3234, 'PhotoUrl': 'https://images.listings.offcampusliving.cornell.edu/listings/3234/052-205-dryden-road-ithaca-ny-usa-003_m.jpg', 'SortOrder': None}, {'PhotoId': 21453, 'PhotoName': '1OHDYN95H7NL.jpg', 'IsDefault': False, 'AddedDateTime': '2020-09-01T21:34:24.000Z', 'listingId': 3234, 'PhotoUrl': 'https://images.listings.offcampusliving.cornell.edu/listings/3234/1OHDYN95H7NL.jpg', 'SortOrder': None}, {'PhotoId': 21454, 'PhotoName': '1PC67Q08380I.jpg', 'IsDefault': False, 'AddedDateTime': '2020-09-01T21:34:53.000Z', 'listingId': 3234, 'PhotoUrl': 'https://images.listings.offcampusliving.cornell.edu/listings/3234/1PC67Q08380I.jpg', 'SortOrder': None}, {'PhotoId': 21455, 'PhotoName': '1PC67UK7XSXS.jpg', 'IsDefault': False, 'AddedDateTime': '2020-09-01T21:35:00.000Z', 'listingId': 3234, 'PhotoUrl': 'https://images.listings.offcampusliving.cornell.edu/listings/3234/1PC67UK7XSXS.jpg', 'SortOrder': None}, {'PhotoId': 21456, 'PhotoName': '1PC678Z8FL7S.jpg', 'IsDefault': False, 'AddedDateTime': '2020-09-01T21:35:08.000Z', 'listingId': 3234, 'PhotoUrl': 'https://images.listings.offcampusliving.cornell.edu/listings/3234/1PC678Z8FL7S.jpg', 'SortOrder': None}]","{""BuildingAddress"": ""205 DRYDEN ROAD"", ""OverallSafetyRating"": 24, ""CategoryScores"": [{""Fire Protection"": 0}, {""Notification Systems"": 0}, {""Emergency Egress"": 0}, {""Applicable Code"": 6}, {""Fire Extinguishers"": 0}, {""Construction Type"": 10}, {""Valid Certificate of Compliance"": 8}], ""OverallSafetyRatingAsPercentage"": 52, ""CategoryScoresAsPercentage"": [{""Fire Protection"": 0}, {""Notification Systems"": 0}, {""Emergency Egress"": 0}, {""Applicable Code"": 100}, {""Fire Extinguishers"": 0}, {""Construction Type"": 83}, {""Valid Certificate of Compliance"": 100}], ""SprinklerType"": [{""sprinklerType"": ""NFPA 13R Sprinkler System"", ""sprinklerCertificateExpiration"": ""2025-02-13""}], ""FireExtinguisherCertificateExpiration"": null, ""NotificationSystem"": [{""subCategory"": ""Fire Alarm System"", ""notificationType"": ""Fire Alarm System"", ""notificationSystemCertificateExpiration"": ""2025-01-02""}, {""subCategory"": ""Single Station Smoke Alarm"", ""notificationType"": ""Single Station Smoke Alarm"", ""notificationSystemCertificateExpiration"": ""2024-01-10""}], ""HasValidCertificateOfOccupancy"": true, ""MeetsMinimumRequirements"": false, ""ExceedsRequirements"": false, ""HasFireResistantConstructionType"": true, ""SatisfiesApplicableCode"": true, ""CertificateExpirationDate"": ""2026-02-09T00:00:00.000Z"", ""DateLastUpdated"": ""2025-07-30T07:01:26.000Z""}"
3638,415,2025-08-05T00:00:00.000Z,12,410 STEWART AVENUE,3,Ithaca,14850,Rooms for Rent 2025-2026 School Year,"Fully furnished room in an apartment on 410 Stewart Ave, short walk to Cornell Campus and the bus stop right across the street. Rent is $765 room which includes all utilities. ",765,Price Per Person,No,"['Electricity Included', 'Heat Included', 'Furnished', 'Kitchen', 'Internet Available', 'Laundry Facilities', 'Near Bus Route', 'Permitted Street Parking Available ', 'Water Included', 'Electronic Payments Accepted', 'Off-Street Parking Available']",No Preference,9,2,"['Undergraduate', 'Graduate']",Rent,42.44310163600505,-76.48993632124831,"{'lat': 42.44310163600505, 'lng': -76.48993632124831}",True,2025-09-22T00:00:00.000Z,True,Yes,2021-11-15T03:28:47.000Z,2025-06-22T19:54:07.544Z,410 STEWART AVENUE,"[{'PhotoId': 37428, 'PhotoName': 'Screenshot 2024-09-07 142601.png', 'IsDefault': True, 'AddedDateTime': '2024-09-07T18:31:46.498Z', 'listingId': 3638, 'PhotoUrl': 'https://images.listings.offcampusliving.cornell.edu/listings/3638/Screenshot 2024-09-07 142601.png', 'SortOrder': None}]","{""BuildingAddress"": ""410 STEWART AVENUE"", ""OverallSafetyRating"": 8, ""CategoryScores"": [{""Fire Protection"": 0}, {""Notification Systems"": 0}, {""Emergency Egress"": 0}, {""Applicable Code"": 0}, {""Fire Extinguishers"": 0}, {""Construction Type"": 0}, {""Valid Certificate of Compliance"": 8}], ""OverallSafetyRatingAsPercentage"": 17, ""CategoryScoresAsPercentage"": [{""Fire Protection"": 0}, {""Notification Systems"": 0}, {""Emergency Egress"": 0}, {""Applicable Code"": 0}, {""Fire Extinguishers"": 0}, {""Construction Type"": 0}, {""Valid Certificate of Compliance"": 100}], ""SprinklerType"": [], ""FireExtinguisherCertificateExpiration"": null, ""NotificationSystem"": [{""subCategory"": ""Single Station Smoke Alarm"", ""notificationType"": ""Single Station Smoke Alarm"", ""notificationSystemCertificateExpiration"": ""2023-12-05""}, {""subCategory"": ""Fire Alarm System"", ""notificationType"": ""Fire Alarm System"", ""notificationSystemCertificateExpiration"": ""2025-01-01""}], ""HasValidCertificateOfOccupancy"": true, ""MeetsMinimumRequirements"": true, ""ExceedsRequirements"": false, ""HasFireResistantConstructionType"": false, ""SatisfiesApplicableCode"": false, ""CertificateExpirationDate"": ""2026-01-08T00:00:00.000Z"", ""DateLastUpdated"": ""2025-07-30T07:01:41.000Z""}"
3918,30,2026-08-01T00:00:00.000Z,12,412 University Avenue,1-4,Ithaca,14850,"3, 4, 5 Bedroom units","Rent for the 5 bedroom is 800 a person,4 bedroom is 890 a person and five bedroom is 915 a person. Includes: heat, water, sewer.  Garbage and electricity paid by tenant.  Has fire sprinkler system and monitored fire alarm. House renovated to 2003 building code. On site washer dryer.  Off street parking available.  One minute walk to bus route.    ",800,Price Per Person,No,"['Electronic Payments Accepted', 'Furnished', 'Heat Included', 'Internet Available', 'Kitchen', 'Laundry Facilities', 'Near Bus Route', 'Off-Street Parking Available', 'Water Included']",No Preference,5,2,"['Graduate', 'Undergraduate']",Rent,42.44813645933987,-76.49301053454424,"{'lat': 42.44813645933987, 'lng': -76.49301053454424}",True,2025-10-22T00:00:00.000Z,True,Yes,2022-09-07T14:30:57.896Z,2025-08-22T12:59:50.670Z,412 UNIVERSITY AVENUE,"[{'PhotoId': 27506, 'PhotoName': 'Cropped.jpg', 'IsDefault': True, 'AddedDateTime': '2022-09-07T14:39:30.853Z', 'listingId': 3918, 'PhotoUrl': 'https://images.listings.offcampusliving.cornell.edu/listings/3918/Cropped.jpg', 'SortOrder': None}, {'PhotoId': 27500, 'PhotoName': '1101171735.jpg', 'IsDefault': False, 'AddedDateTime': '2022-09-07T14:34:06.299Z', 'listingId': 3918, 'PhotoUrl': 'https://images.listings.offcampusliving.cornell.edu/listings/3918/1101171735.jpg', 'SortOrder': None}, {'PhotoId': 27501, 'PhotoName': '1101171737.jpg', 'IsDefault': False, 'AddedDateTime': '2022-09-07T14:34:55.311Z', 'listingId': 3918, 'PhotoUrl': 'https://images.listings.offcampusliving.cornell.edu/listings/3918/1101171737.jpg', 'SortOrder': None}, {'PhotoId': 27502, 'PhotoName': '1101171736.jpg', 'IsDefault': False, 'AddedDateTime': '2022-09-07T14:35:09.247Z', 'listingId': 3918, 'PhotoUrl': 'https://images.listings.offcampusliving.cornell.edu/listings/3918/1101171736.jpg', 'SortOrder': None}, {'PhotoId': 27503, 'PhotoName': '4thfl bath.JPG', 'IsDefault': False, 'AddedDateTime': '2022-09-07T14:35:28.220Z', 'listingId': 3918, 'PhotoUrl': 'https://images.listings.offcampusliving.cornell.edu/listings/3918/4thfl bath.JPG', 'SortOrder': None}, {'PhotoId': 27505, 'PhotoName': 'IMG_20181206_140323001.jpg', 'IsDefault': False, 'AddedDateTime': '2022-09-07T14:36:30.077Z', 'listingId': 3918, 'PhotoUrl': 'https://images.listings.offcampusliving.cornell.edu/listings/3918/IMG_20181206_140323001.jpg', 'SortOrder': None}, {'PhotoId': 27507, 'PhotoName': 'IMGP0030.JPG', 'IsDefault': False, 'AddedDateTime': '2022-09-07T14:40:09.051Z', 'listingId': 3918, 'PhotoUrl': 'https://images.listings.offcampusliving.cornell.edu/listings/3918/IMGP0030.JPG', 'SortOrder': None}, {'PhotoId': 27510, 'PhotoName': 'IMG_20181206_140341021.jpg', 'IsDefault': False, 'AddedDateTime': '2022-09-07T14:42:17.330Z', 'listingId': 3918, 'PhotoUrl': 'https://images.listings.offcampusliving.cornell.edu/listings/3918/IMG_20181206_140341021.jpg', 'SortOrder': None}, {'PhotoId': 42792, 'PhotoName': '20241001_111906.jpg', 'IsDefault': False, 'AddedDateTime': '2025-08-22T13:01:10.446Z', 'listingId': 3918, 'PhotoUrl': 'https://images.listings.offcampusliving.cornell.edu/listings/3918/20241001_111906.jpg', 'SortOrder': None}, {'PhotoId': 42793, 'PhotoName': '20241001_111956.jpg', 'IsDefault': False, 'AddedDateTime': '2025-08-22T13:01:12.261Z', 'listingId': 3918, 'PhotoUrl': 'https://images.listings.offcampusliving.cornell.edu/listings/3918/20241001_111956.jpg', 'SortOrder': None}, {'PhotoId': 42794, 'PhotoName': 'IMGP0046.JPG', 'IsDefault': False, 'AddedDateTime': '2025-08-22T13:02:10.738Z', 'listingId': 3918, 'PhotoUrl': 'https://images.listings.offcampusliving.cornell.edu/listings/3918/IMGP0046.JPG', 'SortOrder': None}]","{""BuildingAddress"": ""412 UNIVERSITY AVENUE"", ""OverallSafetyRating"": 28, ""CategoryScores"": [{""Fire Protection"": 10}, {""Notification Systems"": 2}, {""Emergency Egress"": 0}, {""Applicable Code"": 6}, {""Fire Extinguishers"": 2}, {""Construction Type"": 0}, {""Valid Certificate of Compliance"": 8}], ""OverallSafetyRatingAsPercentage"": 60, ""CategoryScoresAsPercentage"": [{""Fire Protection"": 83}, {""Notification Systems"": 33}, {""Emergency Egress"": 0}, {""Applicable Code"": 100}, {""Fire Extinguishers"": 100}, {""Construction Type"": 0}, {""Valid Certificate of Compliance"": 100}], ""SprinklerType"": [{""sprinklerType"": ""NFPA 13R Sprinkler System"", ""sprinklerCertificateExpiration"": ""2025-09-22""}], ""FireExtinguisherCertificateExpiration"": ""2025-09-30T00:00:00.000Z"", ""NotificationSystem"": [{""subCategory"": ""Single Station Smoke Alarm"", ""notificationType"": ""Single Station Smoke Alarm"", ""notificationSystemCertificateExpiration"": ""2025-01-07""}, {""subCategory"": ""Fire Alarm System"", ""notificationType"": ""Fire Alarm System"", ""notificationSystemCertificateExpiration"": ""2025-08-08""}], ""HasValidCertificateOfOccupancy"": true, ""MeetsMinimumRequirements"": true, ""ExceedsRequirements"": true, ""HasFireResistantConstructionType"": false, ""SatisfiesApplicableCode"": true, ""CertificateExpirationDate"": ""2027-01-07T00:00:00.000Z"", ""DateLastUpdated"": ""2025-07-30T07:01:42.000Z""}"
3936,3296,2025-08-04T00:00:00.000Z,10,239 Coy Glen Road,B,Ithaca,14850,"Quiet, Private 1BR Furnished Apartment, ALL Utilities included, Off-street parking, Washer & Dryer, Patio, ","Available ASAP. 1BR, 1 BA private apartment in the lower level of our home. Surrounded by nature yet conveniently located to Wegmans and Trader Joe's, & minutes away from Waterfront Trail & hiking at Treman State Park & Buttermilk Falls. Rent includes electric & gas, water & sewer, Wi-fi, garbage pickup, driveway snow removal, off-street parking. Call today for a tour!",1475,Price Per Unit,No,"['Electricity Included', 'Furnished', 'Heat Included', 'Kitchen', 'Laundry Facilities', 'Off-Street Parking Included', 'Water Included', 'Electronic Payments Accepted', 'Internet Included']",No Preference,1,1,"['Graduate', 'Staff/Faculty', 'Sabbatic Housing', 'Undergraduate', 'Short-Term Housing']",Rent,42.43247395706135,-76.53193149501665,"{'lat': 42.43247395706135, 'lng': -76.53193149501665}",True,2025-09-03T00:00:00.000Z,True,No,2022-09-29T18:49:29.387Z,2025-08-03T20:53:39.749Z,,"[{'PhotoId': 42508, 'PhotoName': 'IMG_1463.jpg', 'IsDefault': True, 'AddedDateTime': '2025-08-03T18:58:50.235Z', 'listingId': 3936, 'PhotoUrl': 'https://images.listings.offcampusliving.cornell.edu/listings/3936/IMG_1463.jpg', 'SortOrder': 1}, {'PhotoId': 42509, 'PhotoName': 'IMG_1471.jpg', 'IsDefault': False, 'AddedDateTime': '2025-08-03T18:59:25.145Z', 'listingId': 3936, 'PhotoUrl': 'https://images.listings.offcampusliving.cornell.edu/listings/3936/IMG_1471.jpg', 'SortOrder': 2}, {'PhotoId': 42510, 'PhotoName': 'IMG_1472.jpg', 'IsDefault': False, 'AddedDateTime': '2025-08-03T19:00:38.406Z', 'listingId': 3936, 'PhotoUrl': 'https://images.listings.offcampusliving.cornell.edu/listings/3936/IMG_1472.jpg', 'SortOrder': 3}, {'PhotoId': 42511, 'PhotoName': 'IMG_1473.jpg', 'IsDefault': False, 'AddedDateTime': '2025-08-03T19:01:05.774Z', 'listingId': 3936, 'PhotoUrl': 'https://images.listings.offcampusliving.cornell.edu/listings/3936/IMG_1473.jpg', 'SortOrder': 4}, {'PhotoId': 42507, 'PhotoName': 'IMG_1465.JPG', 'IsDefault': False, 'AddedDateTime': '2025-08-03T18:58:13.803Z', 'listingId': 3936, 'PhotoUrl': 'https://images.listings.offcampusliving.cornell.edu/listings/3936/IMG_1465.JPG', 'SortOrder': 5}, {'PhotoId': 42506, 'PhotoName': 'IMG_1469.jpg', 'IsDefault': False, 'AddedDateTime': '2025-08-03T18:51:00.645Z', 'listingId': 3936, 'PhotoUrl': 'https://images.listings.offcampusliving.cornell.edu/listings/3936/IMG_1469.jpg', 'SortOrder': 6}, {'PhotoId': 42515, 'PhotoName': 'IMG_1478.jpg', 'IsDefault': False, 'AddedDateTime': '2025-08-03T19:05:08.159Z', 'listingId': 3936, 'PhotoUrl': 'https://images.listings.offcampusliving.cornell.edu/listings/3936/IMG_1478.jpg', 'SortOrder': 7}, {'PhotoId': 42516, 'PhotoName': 'IMG_1470.jpg', 'IsDefault': False, 'AddedDateTime': '2025-08-03T19:05:53.347Z', 'listingId': 3936, 'PhotoUrl': 'https://images.listings.offcampusliving.cornell.edu/listings/3936/IMG_1470.jpg', 'SortOrder': 8}, {'PhotoId': 42512, 'PhotoName': 'IMG_1476.jpg', 'IsDefault': False, 'AddedDateTime': '2025-08-03T19:03:14.998Z', 'listingId': 3936, 'PhotoUrl': 'https://images.listings.offcampusliving.cornell.edu/listings/3936/IMG_1476.jpg', 'SortOrder': 9}, {'PhotoId': 42513, 'PhotoName': 'IMG_1475.jpg', 'IsDefault': False, 'AddedDateTime': '2025-08-03T19:03:47.642Z', 'listingId': 3936, 'PhotoUrl': 'https://images.listings.offcampusliving.cornell.edu/listings/3936/IMG_1475.jpg', 'SortOrder': 10}, {'PhotoId': 42504, 'PhotoName': 'IMG_1483.JPG', 'IsDefault': False, 'AddedDateTime': '2025-08-03T18:49:20.824Z', 'listingId': 3936, 'PhotoUrl': 'https://images.listings.offcampusliving.cornell.edu/listings/3936/IMG_1483.JPG', 'SortOrder': 11}, {'PhotoId': 42505, 'PhotoName': 'IMG_1488.jpg', 'IsDefault': False, 'AddedDateTime': '2025-08-03T18:49:57.351Z', 'listingId': 3936, 'PhotoUrl': 'https://images.listings.offcampusliving.cornell.edu/listings/3936/IMG_1488.jpg', 'SortOrder': 12}]",
3943,118,2026-08-08T00:00:00.000Z,12,112 Ferris Place,,Ithaca,14850,Gorgeous 6 Bedroom House Aug 2026,"Gorgeous 6 bedroom house available August 8, 2026 - July 31, 2027. 5 min walk to downtown area. 10 min walk to campus. Bus station is around the corner. $5550/month. No smoking or pets allowed. Perfect for a group of 6 friends.

Rental includes: 
~ Furnished bedrooms with bed, dresser, desk
~ Furnished living room
~ 2 renovated bathrooms
~ Updated kitchen appliances
~ Free laundry in basement

Utilities, internet, trash not included & split with housemates.",925,Price Per Person,No,"['Electronic Payments Accepted', 'Furnished', 'Internet Available', 'Kitchen', 'Laundry Facilities', 'Near Bus Route', 'Permitted Street Parking Available', 'Water Included']",No Preference,6,2,"['Graduate', 'Undergraduate', 'Spring Sublet', 'Short-Term Housing', 'Fall Sublet']",Rent,42.43834621953194,-76.4894381448146,"{'lat': 42.43834621953194, 'lng': -76.4894381448146}",True,2025-12-28T00:00:00.000Z,True,Yes,2022-10-01T19:08:18.407Z,2025-08-26T15:05:32.750Z,,"[{'PhotoId': 27808, 'PhotoName': 'new kitchen pic 4.JPG', 'IsDefault': True, 'AddedDateTime': '2022-10-01T19:13:53.734Z', 'listingId': 3943, 'PhotoUrl': 'https://images.listings.offcampusliving.cornell.edu/listings/3943/new kitchen pic 4.JPG', 'SortOrder': None}, {'PhotoId': 27807, 'PhotoName': 'new kitchen pic 1.JPG', 'IsDefault': False, 'AddedDateTime': '2022-10-01T19:13:35.689Z', 'listingId': 3943, 'PhotoUrl': 'https://images.listings.offcampusliving.cornell.edu/listings/3943/new kitchen pic 1.JPG', 'SortOrder': None}, {'PhotoId': 27809, 'PhotoName': 'New Living Room Couches.jpg', 'IsDefault': False, 'AddedDateTime': '2022-10-01T19:13:54.056Z', 'listingId': 3943, 'PhotoUrl': 'https://images.listings.offcampusliving.cornell.edu/listings/3943/New Living Room Couches.jpg', 'SortOrder': None}, {'PhotoId': 27811, 'PhotoName': '112 Ferris New Pic 3.JPG', 'IsDefault': False, 'AddedDateTime': '2022-10-01T19:14:12.044Z', 'listingId': 3943, 'PhotoUrl': 'https://images.listings.offcampusliving.cornell.edu/listings/3943/112 Ferris New Pic 3.JPG', 'SortOrder': None}, {'PhotoId': 27813, 'PhotoName': 'New bathroom pic 112 Ferris.jpg', 'IsDefault': False, 'AddedDateTime': '2022-10-01T19:14:59.653Z', 'listingId': 3943, 'PhotoUrl': 'https://images.listings.offcampusliving.cornell.edu/listings/3943/New bathroom pic 112 Ferris.jpg', 'SortOrder': None}, {'PhotoId': 27851, 'PhotoName': '112 114 Ferris New Hallway.JPG', 'IsDefault': False, 'AddedDateTime': '2022-10-01T20:46:00.033Z', 'listingId': 3943, 'PhotoUrl': 'https://images.listings.offcampusliving.cornell.edu/listings/3943/112 114 Ferris New Hallway.JPG', 'SortOrder': None}, {'PhotoId': 35092, 'PhotoName': '114 Ferris (1-1).JPG', 'IsDefault': False, 'AddedDateTime': '2024-03-08T17:12:52.392Z', 'listingId': 3943, 'PhotoUrl': 'https://images.listings.offcampusliving.cornell.edu/listings/3943/114 Ferris (1-1).JPG', 'SortOrder': None}, {'PhotoId': 35093, 'PhotoName': '114 Ferris (1-1) wardrobe.JPG', 'IsDefault': False, 'AddedDateTime': '2024-03-08T17:12:54.949Z', 'listingId': 3943, 'PhotoUrl': 'https://images.listings.offcampusliving.cornell.edu/listings/3943/114 Ferris (1-1) wardrobe.JPG', 'SortOrder': None}, {'PhotoId': 35095, 'PhotoName': '114 Ferris Study Lounge CL.jpg', 'IsDefault': False, 'AddedDateTime': '2024-03-08T17:15:40.109Z', 'listingId': 3943, 'PhotoUrl': 'https://images.listings.offcampusliving.cornell.edu/listings/3943/114 Ferris Study Lounge CL.jpg', 'SortOrder': None}, {'PhotoId': 35096, 'PhotoName': '114 Ferris 1-2 wardrobe & inside bdrm door view.JPG', 'IsDefault': False, 'AddedDateTime': '2024-03-08T17:15:43.108Z', 'listingId': 3943, 'PhotoUrl': 'https://images.listings.offcampusliving.cornell.edu/listings/3943/114 Ferris 1-2 wardrobe & inside bdrm door view.JPG', 'SortOrder': None}, {'PhotoId': 35097, 'PhotoName': '114 Ferris 1-2.JPG', 'IsDefault': False, 'AddedDateTime': '2024-03-08T17:16:38.352Z', 'listingId': 3943, 'PhotoUrl': 'https://images.listings.offcampusliving.cornell.edu/listings/3943/114 Ferris 1-2.JPG', 'SortOrder': None}, {'PhotoId': 42308, 'PhotoName': '112Ferris1-1.png', 'IsDefault': False, 'AddedDateTime': '2025-07-26T12:44:14.608Z', 'listingId': 3943, 'PhotoUrl': 'https://images.listings.offcampusliving.cornell.edu/listings/3943/112Ferris1-1.png', 'SortOrder': None}, {'PhotoId': 42309, 'PhotoName': '112 ferris 2.3 bedroom.jpg', 'IsDefault': False, 'AddedDateTime': '2025-07-26T12:44:17.696Z', 'listingId': 3943, 'PhotoUrl': 'https://images.listings.offcampusliving.cornell.edu/listings/3943/112 ferris 2.3 bedroom.jpg', 'SortOrder': None}, {'PhotoId': 42310, 'PhotoName': '112 Ferris New Pic 2.JPG', 'IsDefault': False, 'AddedDateTime': '2025-07-26T12:45:20.005Z', 'listingId': 3943, 'PhotoUrl': 'https://images.listings.offcampusliving.cornell.edu/listings/3943/112 Ferris New Pic 2.JPG', 'SortOrder': None}, {'PhotoId': 42311, 'PhotoName': '112 Ferris 2-2 better pic.jpg', 'IsDefault': False, 'AddedDateTime': '2025-07-26T12:45:22.807Z', 'listingId': 3943, 'PhotoUrl': 'https://images.listings.offcampusliving.cornell.edu/listings/3943/112 Ferris 2-2 better pic.jpg', 'SortOrder': None}, {'PhotoId': 42312, 'PhotoName': 'new kitchen pic 2 .JPG', 'IsDefault': False, 'AddedDateTime': '2025-07-26T12:45:23.105Z', 'listingId': 3943, 'PhotoUrl': 'https://images.listings.offcampusliving.cornell.edu/listings/3943/new kitchen pic 2 .JPG', 'SortOrder': None}]",
4069,3409,2025-11-20T00:00:00.000Z,6,115 Halcyon Hill Rd.,,ithaca,14850, Apartment in first floor of a home; private;in Forest Home-walk to Cornell;  private entry& parking;fully furnished;fully supplied kitchen;washer & dryer; 4-6month beg.late Nov.2025; dates flexible," Beautiful place-inside & out; wooden beans& floors; wall size windows in bedroom (comfortable bed), a functional fully furnished office with an extra futon, a spacious living room with large window; dinning area and big kitchen. Fine furniture & rugs ;lots of light, sense of openness & space, among trees & by a creek that you see & hear its gushing water; home is well insulated; heating via water; washer &dryer in laundry room; secluded; private parking.Yard & porch outside.   ",2000,Price Per Unit,No,"['Furnished', 'Kitchen', 'Laundry Facilities', 'Off-Street Parking Included', 'Water Included', 'Electronic Payments Accepted', 'Internet Available', 'Air Conditioning']",No Preference,2,1,"['Staff/Faculty', 'Graduate', 'Short-Term Housing', 'Sabbatic Housing']",Rent,42.45234499354239,-76.46696033969741,"{'lat': 42.45234499354239, 'lng': -76.46696033969741}",True,2025-09-04T00:00:00.000Z,True,No,2022-11-30T17:21:39.364Z,2025-08-13T23:48:36.519Z,,"[{'PhotoId': 37688, 'PhotoName': 'home cherry blossom.jpg', 'IsDefault': True, 'AddedDateTime': '2024-09-30T17:32:00.693Z', 'listingId': 4069, 'PhotoUrl': 'https://images.listings.offcampusliving.cornell.edu/listings/4069/home cherry blossom.jpg', 'SortOrder': 2}, {'PhotoId': 37686, 'PhotoName': 'view from kitchen side.jpg', 'IsDefault': False, 'AddedDateTime': '2024-09-30T16:46:37.774Z', 'listingId': 4069, 'PhotoUrl': 'https://images.listings.offcampusliving.cornell.edu/listings/4069/view from kitchen side.jpg', 'SortOrder': 1}, {'PhotoId': 37696, 'PhotoName': 'Living Room.jpg', 'IsDefault': False, 'AddedDateTime': '2024-09-30T17:37:07.397Z', 'listingId': 4069, 'PhotoUrl': 'https://images.listings.offcampusliving.cornell.edu/listings/4069/Living Room.jpg', 'SortOrder': 3}, {'PhotoId': 37694, 'PhotoName': 'living room sofa.jpg', 'IsDefault': False, 'AddedDateTime': '2024-09-30T17:35:37.188Z', 'listingId': 4069, 'PhotoUrl': 'https://images.listings.offcampusliving.cornell.edu/listings/4069/living room sofa.jpg', 'SortOrder': 4}, {'PhotoId': 37720, 'PhotoName': 'Bedroom down, an angle.jpg', 'IsDefault': False, 'AddedDateTime': '2024-10-01T15:48:36.413Z', 'listingId': 4069, 'PhotoUrl': 'https://images.listings.offcampusliving.cornell.edu/listings/4069/Bedroom down, an angle.jpg', 'SortOrder': 6}, {'PhotoId': 37719, 'PhotoName': 'Bedroom downstairs.jpg', 'IsDefault': False, 'AddedDateTime': '2024-10-01T15:48:22.456Z', 'listingId': 4069, 'PhotoUrl': 'https://images.listings.offcampusliving.cornell.edu/listings/4069/Bedroom downstairs.jpg', 'SortOrder': 7}, {'PhotoId': 37698, 'PhotoName': 'bathroom downstairs.jpg', 'IsDefault': False, 'AddedDateTime': '2024-09-30T17:41:15.229Z', 'listingId': 4069, 'PhotoUrl': 'https://images.listings.offcampusliving.cornell.edu/listings/4069/bathroom downstairs.jpg', 'SortOrder': 8}, {'PhotoId': 37695, 'PhotoName': 'office new.jpg', 'IsDefault': False, 'AddedDateTime': '2024-09-30T17:36:21.033Z', 'listingId': 4069, 'PhotoUrl': 'https://images.listings.offcampusliving.cornell.edu/listings/4069/office new.jpg', 'SortOrder': 9}, {'PhotoId': 37689, 'PhotoName': 'kitchen island.jpg', 'IsDefault': False, 'AddedDateTime': '2024-09-30T17:32:24.465Z', 'listingId': 4069, 'PhotoUrl': 'https://images.listings.offcampusliving.cornell.edu/listings/4069/kitchen island.jpg', 'SortOrder': 10}, {'PhotoId': 37693, 'PhotoName': 'kitchen table.jpg', 'IsDefault': False, 'AddedDateTime': '2024-09-30T17:35:10.100Z', 'listingId': 4069, 'PhotoUrl': 'https://images.listings.offcampusliving.cornell.edu/listings/4069/kitchen table.jpg', 'SortOrder': 11}, {'PhotoId': 37697, 'PhotoName': 'porch-preferred.jpg', 'IsDefault': False, 'AddedDateTime': '2024-09-30T17:37:46.304Z', 'listingId': 4069, 'PhotoUrl': 'https://images.listings.offcampusliving.cornell.edu/listings/4069/porch-preferred.jpg', 'SortOrder': 12}, {'PhotoId': 37687, 'PhotoName': 'fall creek.jpg', 'IsDefault': False, 'AddedDateTime': '2024-09-30T17:31:38.461Z', 'listingId': 4069, 'PhotoUrl': 'https://images.listings.offcampusliving.cornell.edu/listings/4069/fall creek.jpg', 'SortOrder': 13}]",
4117,3214,2026-01-02T00:00:00.000Z,6,329 Buffalo Street W,2,Ithaca,14850,"Mid- Term, short-term, or Spring 2026 start- Furnished 1-bedroom, private apt. all utilities and WiFi included; off-street parking included. Downtown. ","Furnished, downtown 1-bedroom apt (private apartment not shared). Minutes from the commons and the West End.  Located around the  block from a No 11  bus stop.  Rent includes WIFI, electricity, cooking gas, heat, hot water, water-sewer, snow, and parking. Tenant pays for trash tags.  New carpeting,  fully furnished;  Flex on start date. Local, highly responsive landlord. Available for mid-term rental (1 month or more), or standard lease starting January 1. Sorry no pets. 6-month lease possible.",1175,Price Per Unit,No,"['Air Conditioning', 'Electricity Included', 'Electronic Payments Accepted', 'Furnished', 'Heat Included', 'Kitchen', 'Near Bus Route', 'Off-Street Parking Included', 'Water Included', 'Internet Included']",No Preference,1,1,"['Graduate', 'Spring Sublet', 'Staff/Faculty', 'Short-Term Housing', 'Summer Sublet', 'Sabbatic Housing']",Rent,42.44113735113109,-76.50393200857313,"{'lat': 42.44113735113109, 'lng': -76.50393200857313}",True,2025-09-27T00:00:00.000Z,True,Yes,2023-01-06T15:36:27.548Z,2025-08-27T14:00:25.248Z,329 BUFFALO STREET W,"[{'PhotoId': 42791, 'PhotoName': 'bed .png', 'IsDefault': True, 'AddedDateTime': '2025-08-21T21:46:26.399Z', 'listingId': 4117, 'PhotoUrl': 'https://images.listings.offcampusliving.cornell.edu/listings/4117/bed .png', 'SortOrder': 1}, {'PhotoId': 42788, 'PhotoName': 'living2.png', 'IsDefault': False, 'AddedDateTime': '2025-08-21T21:45:49.164Z', 'listingId': 4117, 'PhotoUrl': 'https://images.listings.offcampusliving.cornell.edu/listings/4117/living2.png', 'SortOrder': 2}, {'PhotoId': 42787, 'PhotoName': 'living.png', 'IsDefault': False, 'AddedDateTime': '2025-08-21T21:45:12.080Z', 'listingId': 4117, 'PhotoUrl': 'https://images.listings.offcampusliving.cornell.edu/listings/4117/living.png', 'SortOrder': 3}, {'PhotoId': 42790, 'PhotoName': 'kitchen.png', 'IsDefault': False, 'AddedDateTime': '2025-08-21T21:46:14.888Z', 'listingId': 4117, 'PhotoUrl': 'https://images.listings.offcampusliving.cornell.edu/listings/4117/kitchen.png', 'SortOrder': 4}, {'PhotoId': 42789, 'PhotoName': 'bath.png', 'IsDefault': False, 'AddedDateTime': '2025-08-21T21:46:02.789Z', 'listingId': 4117, 'PhotoUrl': 'https://images.listings.offcampusliving.cornell.edu/listings/4117/bath.png', 'SortOrder': 5}]","{""BuildingAddress"": ""329 BUFFALO STREET W"", ""OverallSafetyRating"": 8, ""CategoryScores"": [{""Fire Protection"": 0}, {""Notification Systems"": 0}, {""Emergency Egress"": 0}, {""Applicable Code"": 0}, {""Fire Extinguishers"": 0}, {""Construction Type"": 0}, {""Valid Certificate of Compliance"": 8}], ""OverallSafetyRatingAsPercentage"": 17, ""CategoryScoresAsPercentage"": [{""Fire Protection"": 0}, {""Notification Systems"": 0}, {""Emergency Egress"": 0}, {""Applicable Code"": 0}, {""Fire Extinguishers"": 0}, {""Construction Type"": 0}, {""Valid Certificate of Compliance"": 100}], ""SprinklerType"": [], ""FireExtinguisherCertificateExpiration"": null, ""NotificationSystem"": [{""subCategory"": ""Single Station Smoke Alarm"", ""notificationType"": ""Single Station Smoke Alarm"", ""notificationSystemCertificateExpiration"": ""2023-08-11""}], ""HasValidCertificateOfOccupancy"": true, ""MeetsMinimumRequirements"": true, ""ExceedsRequirements"": false, ""HasFireResistantConstructionType"": false, ""SatisfiesApplicableCode"": false, ""CertificateExpirationDate"": ""2027-09-15T00:00:00.000Z"", ""DateLastUpdated"": ""2025-07-30T07:01:38.000Z""}"
4148,3463,2026-07-12T00:00:00.000Z,12,116 Delaware Avenue,1,Ithaca,14850,Furnished 1  Bedroom apartment located in a quiet neighborhood close to campus . A plus for someone looking for a quiet place. Tour or more detailed information is available.,"500 Sq ,1 bedroom  apartment in a charming 3 story  house ,located close distance  to Cornell Campus.The unit has been throughout renovated ,and its assess to all amenities that Ithaca has to offer, is certainly a plus. Bakeries.Coffee houses, Restaurants , grocery store . this 500 Sq foot unit has a large living room, 1 bathroom, 1 bedroom. A fully equipped kitchen ,Washer and dryer on location, internet available.",1500,Price Per Unit,No,"['Air Conditioning', 'Furnished', 'Heat Included', 'Kitchen', 'Laundry Facilities', 'Near Bus Route', 'Off-Street Parking Available', 'Permitted Street Parking Available', 'Water Included', 'Off-Street Parking Included', 'Internet Available', 'Internet Included']",No Preference,1,1,"['Graduate', 'Sabbatic Housing', 'Undergraduate', 'Spring Sublet', 'Staff/Faculty']",Rent,42.43877312044132,-76.48331720818365,"{'lat': 42.43877312044132, 'lng': -76.48331720818365}",True,2025-09-13T00:00:00.000Z,True,Yes,2023-01-31T05:13:09.386Z,2025-08-07T09:32:19.494Z,116 DELAWARE AVENUE,"[{'PhotoId': 42637, 'PhotoName': 'IMG_0225.jpeg', 'IsDefault': True, 'AddedDateTime': '2025-08-10T22:32:51.869Z', 'listingId': 4148, 'PhotoUrl': 'https://images.listings.offcampusliving.cornell.edu/listings/4148/IMG_0225.jpeg', 'SortOrder': 4}, {'PhotoId': 29469, 'PhotoName': '5F34EE82-6ACB-4793-BA38-A1AE01095631.jpeg', 'IsDefault': False, 'AddedDateTime': '2023-01-31T05:38:47.159Z', 'listingId': 4148, 'PhotoUrl': 'https://images.listings.offcampusliving.cornell.edu/listings/4148/5F34EE82-6ACB-4793-BA38-A1AE01095631.jpeg', 'SortOrder': 1}, {'PhotoId': 42639, 'PhotoName': 'IMG_0219.jpeg', 'IsDefault': False, 'AddedDateTime': '2025-08-10T22:32:52.354Z', 'listingId': 4148, 'PhotoUrl': 'https://images.listings.offcampusliving.cornell.edu/listings/4148/IMG_0219.jpeg', 'SortOrder': 2}, {'PhotoId': 42638, 'PhotoName': 'IMG_0223.jpeg', 'IsDefault': False, 'AddedDateTime': '2025-08-10T22:32:52.141Z', 'listingId': 4148, 'PhotoUrl': 'https://images.listings.offcampusliving.cornell.edu/listings/4148/IMG_0223.jpeg', 'SortOrder': 3}, {'PhotoId': 42629, 'PhotoName': 'IMG_0236.jpeg', 'IsDefault': False, 'AddedDateTime': '2025-08-10T22:29:33.578Z', 'listingId': 4148, 'PhotoUrl': 'https://images.listings.offcampusliving.cornell.edu/listings/4148/IMG_0236.jpeg', 'SortOrder': 5}, {'PhotoId': 42630, 'PhotoName': 'IMG_0234.jpeg', 'IsDefault': False, 'AddedDateTime': '2025-08-10T22:29:33.902Z', 'listingId': 4148, 'PhotoUrl': 'https://images.listings.offcampusliving.cornell.edu/listings/4148/IMG_0234.jpeg', 'SortOrder': 6}, {'PhotoId': 42633, 'PhotoName': 'IMG_0231.jpeg', 'IsDefault': False, 'AddedDateTime': '2025-08-10T22:30:47.779Z', 'listingId': 4148, 'PhotoUrl': 'https://images.listings.offcampusliving.cornell.edu/listings/4148/IMG_0231.jpeg', 'SortOrder': 7}, {'PhotoId': 42631, 'PhotoName': 'IMG_0235.jpeg', 'IsDefault': False, 'AddedDateTime': '2025-08-10T22:29:34.178Z', 'listingId': 4148, 'PhotoUrl': 'https://images.listings.offcampusliving.cornell.edu/listings/4148/IMG_0235.jpeg', 'SortOrder': 8}, {'PhotoId': 42632, 'PhotoName': 'IMG_0236.jpeg', 'IsDefault': False, 'AddedDateTime': '2025-08-10T22:30:43.509Z', 'listingId': 4148, 'PhotoUrl': 'https://images.listings.offcampusliving.cornell.edu/listings/4148/IMG_0236.jpeg', 'SortOrder': 9}, {'PhotoId': 42634, 'PhotoName': 'IMG_0230.jpeg', 'IsDefault': False, 'AddedDateTime': '2025-08-10T22:30:50.168Z', 'listingId': 4148, 'PhotoUrl': 'https://images.listings.offcampusliving.cornell.edu/listings/4148/IMG_0230.jpeg', 'SortOrder': 10}, {'PhotoId': 42635, 'PhotoName': 'IMG_0226.jpeg', 'IsDefault': False, 'AddedDateTime': '2025-08-10T22:31:32.593Z', 'listingId': 4148, 'PhotoUrl': 'https://images.listings.offcampusliving.cornell.edu/listings/4148/IMG_0226.jpeg', 'SortOrder': 11}, {'PhotoId': 42636, 'PhotoName': 'IMG_0227.jpeg', 'IsDefault': False, 'AddedDateTime': '2025-08-10T22:31:32.937Z', 'listingId': 4148, 'PhotoUrl': 'https://images.listings.offcampusliving.cornell.edu/listings/4148/IMG_0227.jpeg', 'SortOrder': 12}, {'PhotoId': 42628, 'PhotoName': 'IMG_0215.jpeg', 'IsDefault': False, 'AddedDateTime': '2025-08-10T22:28:26.251Z', 'listingId': 4148, 'PhotoUrl': 'https://images.listings.offcampusliving.cornell.edu/listings/4148/IMG_0215.jpeg', 'SortOrder': 13}, {'PhotoId': 42010, 'PhotoName': 'IMG_8161.jpeg', 'IsDefault': False, 'AddedDateTime': '2025-07-13T09:57:44.971Z', 'listingId': 4148, 'PhotoUrl': 'https://images.listings.offcampusliving.cornell.edu/listings/4148/IMG_8161.jpeg', 'SortOrder': 14}, {'PhotoId': 33559, 'PhotoName': 'IMG_1466.jpeg', 'IsDefault': False, 'AddedDateTime': '2023-11-14T10:27:56.299Z', 'listingId': 4148, 'PhotoUrl': 'https://images.listings.offcampusliving.cornell.edu/listings/4148/IMG_1466.jpeg', 'SortOrder': 15}, {'PhotoId': 42012, 'PhotoName': 'IMG_7183.jpeg', 'IsDefault': False, 'AddedDateTime': '2025-07-13T10:02:30.582Z', 'listingId': 4148, 'PhotoUrl': 'https://images.listings.offcampusliving.cornell.edu/listings/4148/IMG_7183.jpeg', 'SortOrder': 16}, {'PhotoId': 29470, 'PhotoName': 'D8A88FF1-F32C-4C2F-8F0B-EC82AEF642BC.jpeg', 'IsDefault': False, 'AddedDateTime': '2023-01-31T05:41:00.386Z', 'listingId': 4148, 'PhotoUrl': 'https://images.listings.offcampusliving.cornell.edu/listings/4148/D8A88FF1-F32C-4C2F-8F0B-EC82AEF642BC.jpeg', 'SortOrder': 17}]","{""BuildingAddress"": ""116 DELAWARE AVENUE"", ""OverallSafetyRating"": 8, ""CategoryScores"": [{""Fire Protection"": 0}, {""Notification Systems"": 0}, {""Emergency Egress"": 0}, {""Applicable Code"": 0}, {""Fire Extinguishers"": 0}, {""Construction Type"": 0}, {""Valid Certificate of Compliance"": 8}], ""OverallSafetyRatingAsPercentage"": 17, ""CategoryScoresAsPercentage"": [{""Fire Protection"": 0}, {""Notification Systems"": 0}, {""Emergency Egress"": 0}, {""Applicable Code"": 0}, {""Fire Extinguishers"": 0}, {""Construction Type"": 0}, {""Valid Certificate of Compliance"": 100}], ""SprinklerType"": [], ""FireExtinguisherCertificateExpiration"": ""2025-03-06T00:00:00.000Z"", ""NotificationSystem"": [{""subCategory"": ""Single Station Smoke Alarm"", ""notificationType"": ""Single Station Smoke Alarm"", ""notificationSystemCertificateExpiration"": ""2025-03-26""}], ""HasValidCertificateOfOccupancy"": true, ""MeetsMinimumRequirements"": false, ""ExceedsRequirements"": false, ""HasFireResistantConstructionType"": false, ""SatisfiesApplicableCode"": false, ""CertificateExpirationDate"": ""2027-05-06T00:00:00.000Z"", ""DateLastUpdated"": ""2025-07-30T07:01:19.000Z""}"
4151,826,2026-06-01T00:00:00.000Z,12,810 Seneca Street E,,Ithaca,14850,810 E. Seneca Newly Renovated House - Available June 2026!,8 bedroom house was recently renovated! Brand new kitchen and bathrooms! Located a block from Cornell and in the heart of CTown!,1275,Price Per Person,No,"['Furnished', 'Laundry Facilities', 'Near Bus Route']",No Preference,8,3,"['Short-Term Housing', 'Undergraduate']",Rent,42.4409311,-76.48764609999999,"{'lat': 42.4409311, 'lng': -76.48764609999999}",True,2025-09-18T00:00:00.000Z,True,Yes,2023-02-01T21:14:28.061Z,2025-08-18T07:22:03.899Z,810 SENECA STREET E,"[{'PhotoId': 29491, 'PhotoName': 'Screenshot 2023-02-01 at 11.16.21 PM.png', 'IsDefault': True, 'AddedDateTime': '2023-02-01T21:17:36.308Z', 'listingId': 4151, 'PhotoUrl': 'https://images.listings.offcampusliving.cornell.edu/listings/4151/Screenshot 2023-02-01 at 11.16.21 PM.png', 'SortOrder': None}]","{""BuildingAddress"": ""810 SENECA STREET E"", ""OverallSafetyRating"": 8, ""CategoryScores"": [{""Fire Protection"": 0}, {""Notification Systems"": 0}, {""Emergency Egress"": 0}, {""Applicable Code"": 0}, {""Fire Extinguishers"": 0}, {""Construction Type"": 0}, {""Valid Certificate of Compliance"": 8}], ""OverallSafetyRatingAsPercentage"": 17, ""CategoryScoresAsPercentage"": [{""Fire Protection"": 0}, {""Notification Systems"": 0}, {""Emergency Egress"": 0}, {""Applicable Code"": 0}, {""Fire Extinguishers"": 0}, {""Construction Type"": 0}, {""Valid Certificate of Compliance"": 100}], ""SprinklerType"": [], ""FireExtinguisherCertificateExpiration"": null, ""NotificationSystem"": [{""subCategory"": ""Single Station Smoke Alarm"", ""notificationType"": ""Single Station Smoke Alarm"", ""notificationSystemCertificateExpiration"": ""2023-09-07""}], ""HasValidCertificateOfOccupancy"": true, ""MeetsMinimumRequirements"": true, ""ExceedsRequirements"": false, ""HasFireResistantConstructionType"": false, ""SatisfiesApplicableCode"": false, ""CertificateExpirationDate"": ""2025-09-21T00:00:00.000Z"", ""DateLastUpdated"": ""2025-07-30T07:01:53.000Z""}"
4435,415,2025-06-22T00:00:00.000Z,10,505 Dryden Road,3,Ithaca,14850,Bed for Rent in 4-bed apartment 2025-2026 School Year,"Furnished bedroom for lease for the 2025-2026 school year. Short walk to Cornell campus. Laundry on premise, bus stop right across the street. All utilities are included.",875,Price Per Person,No,"['Electronic Payments Accepted', 'Furnished', 'Heat Included', 'Internet Available', 'Kitchen', 'Laundry Facilities', 'Near Bus Route', 'Off-Street Parking Available', 'Permitted Street Parking Available', 'Water Included']",No Preference,4,1,"['Graduate', 'Undergraduate']",Rent,42.44069527344116,-76.47923088774378,"{'lat': 42.44069527344116, 'lng': -76.47923088774378}",True,2025-09-22T00:00:00.000Z,True,Yes,2023-08-29T03:18:22.374Z,2025-06-22T19:49:21.488Z,505 DRYDEN ROAD,"[{'PhotoId': 32224, 'PhotoName': '1536634367-11035.jpg', 'IsDefault': True, 'AddedDateTime': '2023-08-29T03:19:03.429Z', 'listingId': 4435, 'PhotoUrl': 'https://images.listings.offcampusliving.cornell.edu/listings/4435/1536634367-11035.jpg', 'SortOrder': None}, {'PhotoId': 41604, 'PhotoName': '2CCA3566-B71D-4C8F-871F-BE367ACF84EA.jpeg', 'IsDefault': False, 'AddedDateTime': '2025-06-22T19:51:18.057Z', 'listingId': 4435, 'PhotoUrl': 'https://images.listings.offcampusliving.cornell.edu/listings/4435/2CCA3566-B71D-4C8F-871F-BE367ACF84EA.jpeg', 'SortOrder': None}, {'PhotoId': 41605, 'PhotoName': '100F7299-D693-4694-9496-640B29C8BAAC.jpeg', 'IsDefault': False, 'AddedDateTime': '2025-06-22T19:51:19.648Z', 'listingId': 4435, 'PhotoUrl': 'https://images.listings.offcampusliving.cornell.edu/listings/4435/100F7299-D693-4694-9496-640B29C8BAAC.jpeg', 'SortOrder': None}, {'PhotoId': 41606, 'PhotoName': '19A14374-700D-401F-A600-85472F287892.jpeg', 'IsDefault': False, 'AddedDateTime': '2025-06-22T19:51:21.355Z', 'listingId': 4435, 'PhotoUrl': 'https://images.listings.offcampusliving.cornell.edu/listings/4435/19A14374-700D-401F-A600-85472F287892.jpeg', 'SortOrder': None}, {'PhotoId': 41607, 'PhotoName': 'AD90ADC4-42FF-456B-8A35-17929DFF9459.jpeg', 'IsDefault': False, 'AddedDateTime': '2025-06-22T19:51:22.725Z', 'listingId': 4435, 'PhotoUrl': 'https://images.listings.offcampusliving.cornell.edu/listings/4435/AD90ADC4-42FF-456B-8A35-17929DFF9459.jpeg', 'SortOrder': None}, {'PhotoId': 41608, 'PhotoName': '3EE1D491-F33C-4B32-B960-795613ACD571.jpeg', 'IsDefault': False, 'AddedDateTime': '2025-06-22T19:51:24.047Z', 'listingId': 4435, 'PhotoUrl': 'https://images.listings.offcampusliving.cornell.edu/listings/4435/3EE1D491-F33C-4B32-B960-795613ACD571.jpeg', 'SortOrder': None}]","{""BuildingAddress"": ""505 DRYDEN ROAD"", ""OverallSafetyRating"": 8, ""CategoryScores"": [{""Fire Protection"": 0}, {""Notification Systems"": 0}, {""Emergency Egress"": 0}, {""Applicable Code"": 0}, {""Fire Extinguishers"": 0}, {""Construction Type"": 0}, {""Valid Certificate of Compliance"": 8}], ""OverallSafetyRatingAsPercentage"": 17, ""CategoryScoresAsPercentage"": [{""Fire Protection"": 0}, {""Notification Systems"": 0}, {""Emergency Egress"": 0}, {""Applicable Code"": 0}, {""Fire Extinguishers"": 0}, {""Construction Type"": 0}, {""Valid Certificate of Compliance"": 100}], ""SprinklerType"": [], ""FireExtinguisherCertificateExpiration"": ""2023-05-31T00:00:00.000Z"", ""NotificationSystem"": [{""subCategory"": ""Single Station Smoke Alarm"", ""notificationType"": ""Single Station Smoke Alarm"", ""notificationSystemCertificateExpiration"": ""2023-08-29""}], ""HasValidCertificateOfOccupancy"": true, ""MeetsMinimumRequirements"": false, ""ExceedsRequirements"": false, ""HasFireResistantConstructionType"": false, ""SatisfiesApplicableCode"": false, ""CertificateExpirationDate"": ""2025-10-16T00:00:00.000Z"", ""DateLastUpdated"": ""2025-07-30T07:01:45.000Z""}"
4470,3463,2026-05-31T00:00:00.000Z,12,116 Delaware Avenue,#3,Ithaca,14850,"5 bedrooms house located just off Bryant ave , in a quiet neighborhood short walk  to campus . ","  large 2 story Colonial house available . large porch.Parking lot. Laundry room . First floor has 3 bedrooms , large eat in kitchen 1 bathroom.  Second floor ,  has two bedrooms, 1 large bathroom ,and a lounge . Each bedroom has plenty of storage and space. Each floor has its own character.The property location is a must for students or professionals looking to live in a quiet environment.Flexible starting time. 6 months lease time.",890,Price Per Person,No,"['Air Conditioning', 'Laundry Facilities', 'Near Bus Route', 'Off-Street Parking Available', 'Off-Street Parking Included', 'Permitted Street Parking Available', 'Furnished', 'Heat Included', 'Internet Available', 'Kitchen', 'Internet Included']",No Preference,5,2,"['Undergraduate', 'Graduate']",Rent,42.45333923760659,-76.48452943412649,"{'lat': 42.45333923760659, 'lng': -76.48452943412649}",True,2025-09-13T00:00:00.000Z,True,Yes,2023-09-18T04:51:56.209Z,2025-08-10T22:49:14.483Z,116 DELAWARE AVENUE,"[{'PhotoId': 33557, 'PhotoName': 'IMG_8440.jpeg', 'IsDefault': True, 'AddedDateTime': '2023-11-14T09:56:30.838Z', 'listingId': 4470, 'PhotoUrl': 'https://images.listings.offcampusliving.cornell.edu/listings/4470/IMG_8440.jpeg', 'SortOrder': 1}, {'PhotoId': 42641, 'PhotoName': 'IMG_0712.jpeg', 'IsDefault': False, 'AddedDateTime': '2025-08-10T22:42:46.712Z', 'listingId': 4470, 'PhotoUrl': 'https://images.listings.offcampusliving.cornell.edu/listings/4470/IMG_0712.jpeg', 'SortOrder': 2}, {'PhotoId': 42640, 'PhotoName': 'IMG_0238.jpeg', 'IsDefault': False, 'AddedDateTime': '2025-08-10T22:38:53.610Z', 'listingId': 4470, 'PhotoUrl': 'https://images.listings.offcampusliving.cornell.edu/listings/4470/IMG_0238.jpeg', 'SortOrder': 3}, {'PhotoId': 42582, 'PhotoName': 'IMG_0723.jpeg', 'IsDefault': False, 'AddedDateTime': '2025-08-07T09:36:42.958Z', 'listingId': 4470, 'PhotoUrl': 'https://images.listings.offcampusliving.cornell.edu/listings/4470/IMG_0723.jpeg', 'SortOrder': 4}, {'PhotoId': 42583, 'PhotoName': 'IMG_0722.jpeg', 'IsDefault': False, 'AddedDateTime': '2025-08-07T09:36:45.208Z', 'listingId': 4470, 'PhotoUrl': 'https://images.listings.offcampusliving.cornell.edu/listings/4470/IMG_0722.jpeg', 'SortOrder': 5}, {'PhotoId': 42584, 'PhotoName': 'IMG_7720.jpeg', 'IsDefault': False, 'AddedDateTime': '2025-08-07T09:39:03.840Z', 'listingId': 4470, 'PhotoUrl': 'https://images.listings.offcampusliving.cornell.edu/listings/4470/IMG_7720.jpeg', 'SortOrder': 6}, {'PhotoId': 34142, 'PhotoName': 'IMG_7729.jpeg', 'IsDefault': False, 'AddedDateTime': '2023-12-22T12:20:53.064Z', 'listingId': 4470, 'PhotoUrl': 'https://images.listings.offcampusliving.cornell.edu/listings/4470/IMG_7729.jpeg', 'SortOrder': 7}, {'PhotoId': 34143, 'PhotoName': 'IMG_5752.jpeg', 'IsDefault': False, 'AddedDateTime': '2023-12-22T12:20:53.383Z', 'listingId': 4470, 'PhotoUrl': 'https://images.listings.offcampusliving.cornell.edu/listings/4470/IMG_5752.jpeg', 'SortOrder': 8}, {'PhotoId': 32584, 'PhotoName': 'IMG_7705.jpeg', 'IsDefault': False, 'AddedDateTime': '2023-09-18T05:12:46.357Z', 'listingId': 4470, 'PhotoUrl': 'https://images.listings.offcampusliving.cornell.edu/listings/4470/IMG_7705.jpeg', 'SortOrder': 9}, {'PhotoId': 34145, 'PhotoName': 'IMG_7720.jpeg', 'IsDefault': False, 'AddedDateTime': '2023-12-22T12:21:00.395Z', 'listingId': 4470, 'PhotoUrl': 'https://images.listings.offcampusliving.cornell.edu/listings/4470/IMG_7720.jpeg', 'SortOrder': 10}, {'PhotoId': 34138, 'PhotoName': 'IMG_7740.jpeg', 'IsDefault': False, 'AddedDateTime': '2023-12-22T12:14:51.095Z', 'listingId': 4470, 'PhotoUrl': 'https://images.listings.offcampusliving.cornell.edu/listings/4470/IMG_7740.jpeg', 'SortOrder': 11}, {'PhotoId': 34137, 'PhotoName': 'IMG_1727.jpeg', 'IsDefault': False, 'AddedDateTime': '2023-12-22T12:14:47.356Z', 'listingId': 4470, 'PhotoUrl': 'https://images.listings.offcampusliving.cornell.edu/listings/4470/IMG_1727.jpeg', 'SortOrder': 12}, {'PhotoId': 32830, 'PhotoName': 'IMG_1736.jpeg', 'IsDefault': False, 'AddedDateTime': '2023-10-02T10:58:38.887Z', 'listingId': 4470, 'PhotoUrl': 'https://images.listings.offcampusliving.cornell.edu/listings/4470/IMG_1736.jpeg', 'SortOrder': 13}, {'PhotoId': 32834, 'PhotoName': 'IMG_5710.jpeg', 'IsDefault': False, 'AddedDateTime': '2023-10-02T11:06:46.164Z', 'listingId': 4470, 'PhotoUrl': 'https://images.listings.offcampusliving.cornell.edu/listings/4470/IMG_5710.jpeg', 'SortOrder': 14}, {'PhotoId': 32835, 'PhotoName': 'IMG_1721.jpeg', 'IsDefault': False, 'AddedDateTime': '2023-10-02T11:09:08.621Z', 'listingId': 4470, 'PhotoUrl': 'https://images.listings.offcampusliving.cornell.edu/listings/4470/IMG_1721.jpeg', 'SortOrder': 15}, {'PhotoId': 34139, 'PhotoName': 'IMG_7731.jpeg', 'IsDefault': False, 'AddedDateTime': '2023-12-22T12:14:54.479Z', 'listingId': 4470, 'PhotoUrl': 'https://images.listings.offcampusliving.cornell.edu/listings/4470/IMG_7731.jpeg', 'SortOrder': 16}]","{""BuildingAddress"": ""116 DELAWARE AVENUE"", ""OverallSafetyRating"": 8, ""CategoryScores"": [{""Fire Protection"": 0}, {""Notification Systems"": 0}, {""Emergency Egress"": 0}, {""Applicable Code"": 0}, {""Fire Extinguishers"": 0}, {""Construction Type"": 0}, {""Valid Certificate of Compliance"": 8}], ""OverallSafetyRatingAsPercentage"": 17, ""CategoryScoresAsPercentage"": [{""Fire Protection"": 0}, {""Notification Systems"": 0}, {""Emergency Egress"": 0}, {""Applicable Code"": 0}, {""Fire Extinguishers"": 0}, {""Construction Type"": 0}, {""Valid Certificate of Compliance"": 100}], ""SprinklerType"": [], ""FireExtinguisherCertificateExpiration"": ""2025-03-06T00:00:00.000Z"", ""NotificationSystem"": [{""subCategory"": ""Single Station Smoke Alarm"", ""notificationType"": ""Single Station Smoke Alarm"", ""notificationSystemCertificateExpiration"": ""2025-03-26""}], ""HasValidCertificateOfOccupancy"": true, ""MeetsMinimumRequirements"": false, ""ExceedsRequirements"": false, ""HasFireResistantConstructionType"": false, ""SatisfiesApplicableCode"": false, ""CertificateExpirationDate"": ""2027-05-06T00:00:00.000Z"", ""DateLastUpdated"": ""2025-07-30T07:01:19.000Z""}"
4471,3463,2025-08-06T00:00:00.000Z,12,116 Delaware Avenue,#2,Ithaca,14850,"2 Bedrooms available for 2025/2026.Short distance walking to  Cornell campus ,15 minutes walk to Ithaca Commons and close to all amenities needed. flexible on starting lease date. ","Large 2 bedrooms house . furnished. air conditioner . free parking. Nicely decorated . short walking distance to campus and everything you need. There are two entrances for the unit. One enters directly to one of the bedrooms , the second entrance is located in the back of the building . The bathroom has been totally renovated , Kitchen is a fairly good size and equipped with appliances one need. The living room is fairly large ,with plenty of windows . Video is available .",990,Price Per Person,No,"['Air Conditioning', 'Furnished', 'Heat Included', 'Internet Available', 'Kitchen', 'Near Bus Route', 'Laundry Facilities', 'Off-Street Parking Available', 'Permitted Street Parking Available', 'Off-Street Parking Included', 'Water Included', 'Internet Included']",No Preference,2,1,"['Graduate', 'Undergraduate']",Rent,42.44798067647766,-76.48152141431767,"{'lat': 42.44798067647766, 'lng': -76.48152141431767}",True,2025-09-13T00:00:00.000Z,True,Yes,2023-09-18T05:20:00.515Z,2025-08-07T09:13:51.708Z,116 DELAWARE AVENUE,"[{'PhotoId': 32837, 'PhotoName': 'IMG_8194.jpeg', 'IsDefault': True, 'AddedDateTime': '2023-10-02T11:16:08.110Z', 'listingId': 4471, 'PhotoUrl': 'https://images.listings.offcampusliving.cornell.edu/listings/4471/IMG_8194.jpeg', 'SortOrder': 1}, {'PhotoId': 37320, 'PhotoName': 'IMG_8222.jpeg', 'IsDefault': False, 'AddedDateTime': '2024-08-29T10:27:46.467Z', 'listingId': 4471, 'PhotoUrl': 'https://images.listings.offcampusliving.cornell.edu/listings/4471/IMG_8222.jpeg', 'SortOrder': 2}, {'PhotoId': 32586, 'PhotoName': 'IMG_3843.jpeg', 'IsDefault': False, 'AddedDateTime': '2023-09-18T05:22:50.699Z', 'listingId': 4471, 'PhotoUrl': 'https://images.listings.offcampusliving.cornell.edu/listings/4471/IMG_3843.jpeg', 'SortOrder': 3}, {'PhotoId': 34134, 'PhotoName': 'IMG_7115.jpeg', 'IsDefault': False, 'AddedDateTime': '2023-12-22T11:09:09.686Z', 'listingId': 4471, 'PhotoUrl': 'https://images.listings.offcampusliving.cornell.edu/listings/4471/IMG_7115.jpeg', 'SortOrder': 4}, {'PhotoId': 34132, 'PhotoName': 'IMG_8203.jpeg', 'IsDefault': False, 'AddedDateTime': '2023-12-22T11:00:32.754Z', 'listingId': 4471, 'PhotoUrl': 'https://images.listings.offcampusliving.cornell.edu/listings/4471/IMG_8203.jpeg', 'SortOrder': 5}, {'PhotoId': 33560, 'PhotoName': 'IMG_8207.jpeg', 'IsDefault': False, 'AddedDateTime': '2023-11-14T10:37:03.468Z', 'listingId': 4471, 'PhotoUrl': 'https://images.listings.offcampusliving.cornell.edu/listings/4471/IMG_8207.jpeg', 'SortOrder': 6}, {'PhotoId': 34131, 'PhotoName': 'IMG_8189.jpeg', 'IsDefault': False, 'AddedDateTime': '2023-12-22T10:51:30.021Z', 'listingId': 4471, 'PhotoUrl': 'https://images.listings.offcampusliving.cornell.edu/listings/4471/IMG_8189.jpeg', 'SortOrder': 7}, {'PhotoId': 33561, 'PhotoName': 'IMG_8191.jpeg', 'IsDefault': False, 'AddedDateTime': '2023-11-14T10:44:04.529Z', 'listingId': 4471, 'PhotoUrl': 'https://images.listings.offcampusliving.cornell.edu/listings/4471/IMG_8191.jpeg', 'SortOrder': 8}, {'PhotoId': 34133, 'PhotoName': 'IMG_8210.jpeg', 'IsDefault': False, 'AddedDateTime': '2023-12-22T11:04:47.011Z', 'listingId': 4471, 'PhotoUrl': 'https://images.listings.offcampusliving.cornell.edu/listings/4471/IMG_8210.jpeg', 'SortOrder': 9}, {'PhotoId': 33159, 'PhotoName': 'IMG_8203.jpeg', 'IsDefault': False, 'AddedDateTime': '2023-10-18T10:40:05.206Z', 'listingId': 4471, 'PhotoUrl': 'https://images.listings.offcampusliving.cornell.edu/listings/4471/IMG_8203.jpeg', 'SortOrder': 10}, {'PhotoId': 33158, 'PhotoName': 'IMG_8219.jpeg', 'IsDefault': False, 'AddedDateTime': '2023-10-18T10:38:05.581Z', 'listingId': 4471, 'PhotoUrl': 'https://images.listings.offcampusliving.cornell.edu/listings/4471/IMG_8219.jpeg', 'SortOrder': 11}, {'PhotoId': 33157, 'PhotoName': 'IMG_8441.jpeg', 'IsDefault': False, 'AddedDateTime': '2023-10-18T10:33:54.086Z', 'listingId': 4471, 'PhotoUrl': 'https://images.listings.offcampusliving.cornell.edu/listings/4471/IMG_8441.jpeg', 'SortOrder': 12}, {'PhotoId': 33156, 'PhotoName': 'IMG_8189.jpeg', 'IsDefault': False, 'AddedDateTime': '2023-10-18T10:32:56.506Z', 'listingId': 4471, 'PhotoUrl': 'https://images.listings.offcampusliving.cornell.edu/listings/4471/IMG_8189.jpeg', 'SortOrder': 13}, {'PhotoId': 32839, 'PhotoName': 'IMG_8198.jpeg', 'IsDefault': False, 'AddedDateTime': '2023-10-03T09:59:29.052Z', 'listingId': 4471, 'PhotoUrl': 'https://images.listings.offcampusliving.cornell.edu/listings/4471/IMG_8198.jpeg', 'SortOrder': 14}, {'PhotoId': 32836, 'PhotoName': 'IMG_8217.jpeg', 'IsDefault': False, 'AddedDateTime': '2023-10-02T11:13:57.830Z', 'listingId': 4471, 'PhotoUrl': 'https://images.listings.offcampusliving.cornell.edu/listings/4471/IMG_8217.jpeg', 'SortOrder': 15}]","{""BuildingAddress"": ""116 DELAWARE AVENUE"", ""OverallSafetyRating"": 8, ""CategoryScores"": [{""Fire Protection"": 0}, {""Notification Systems"": 0}, {""Emergency Egress"": 0}, {""Applicable Code"": 0}, {""Fire Extinguishers"": 0}, {""Construction Type"": 0}, {""Valid Certificate of Compliance"": 8}], ""OverallSafetyRatingAsPercentage"": 17, ""CategoryScoresAsPercentage"": [{""Fire Protection"": 0}, {""Notification Systems"": 0}, {""Emergency Egress"": 0}, {""Applicable Code"": 0}, {""Fire Extinguishers"": 0}, {""Construction Type"": 0}, {""Valid Certificate of Compliance"": 100}], ""SprinklerType"": [], ""FireExtinguisherCertificateExpiration"": ""2025-03-06T00:00:00.000Z"", ""NotificationSystem"": [{""subCategory"": ""Single Station Smoke Alarm"", ""notificationType"": ""Single Station Smoke Alarm"", ""notificationSystemCertificateExpiration"": ""2025-03-26""}], ""HasValidCertificateOfOccupancy"": true, ""MeetsMinimumRequirements"": false, ""ExceedsRequirements"": false, ""HasFireResistantConstructionType"": false, ""SatisfiesApplicableCode"": false, ""CertificateExpirationDate"": ""2027-05-06T00:00:00.000Z"", ""DateLastUpdated"": ""2025-07-30T07:01:19.000Z""}"
4560,232,2025-08-20T00:00:00.000Z,1,968 Snyder Hill Road,,Ithaca,14850,"Very large, 2 bedroom, furnished apartment available for rent on 8 acres of woods, short drive to Cornell. Lease can be as short as 1 month or as long as 5 months. Dogs allowed. ","Rent includes heat and water. Laundry available on site. Sorry, no cats allowed. Beautiful park-like setting. AWD vehicle recommended. ",1950,Price Per Unit,Yes,"['Electricity Included', 'Electronic Payments Accepted', 'Furnished', 'Heat Included', 'Internet Available', 'Kitchen', 'Laundry Facilities', 'Off-Street Parking Included', 'Water Included']",No Preference,2,1,"['Graduate', 'Sabbatic Housing', 'Short-Term Housing', 'Spring Sublet', 'Staff/Faculty', 'Fall Sublet', 'Summer Sublet']",Rent,42.4046961148825,-76.3908372969516,"{'lat': 42.4046961148825, 'lng': -76.3908372969516}",True,2025-10-10T00:00:00.000Z,True,No,2023-11-15T01:06:38.809Z,2025-04-10T00:01:31.415Z,,"[{'PhotoId': 33574, 'PhotoName': 'IMG_2794.jpeg', 'IsDefault': True, 'AddedDateTime': '2023-11-15T01:18:02.537Z', 'listingId': 4560, 'PhotoUrl': 'https://images.listings.offcampusliving.cornell.edu/listings/4560/IMG_2794.jpeg', 'SortOrder': 1}, {'PhotoId': 33572, 'PhotoName': 'IMG_2773.jpeg', 'IsDefault': False, 'AddedDateTime': '2023-11-15T01:15:50.292Z', 'listingId': 4560, 'PhotoUrl': 'https://images.listings.offcampusliving.cornell.edu/listings/4560/IMG_2773.jpeg', 'SortOrder': 2}, {'PhotoId': 36089, 'PhotoName': 'IMG_1130.jpeg', 'IsDefault': False, 'AddedDateTime': '2024-05-17T01:26:48.882Z', 'listingId': 4560, 'PhotoUrl': 'https://images.listings.offcampusliving.cornell.edu/listings/4560/IMG_1130.jpeg', 'SortOrder': 3}, {'PhotoId': 36091, 'PhotoName': 'IMG_3775.jpeg', 'IsDefault': False, 'AddedDateTime': '2024-05-17T01:28:23.454Z', 'listingId': 4560, 'PhotoUrl': 'https://images.listings.offcampusliving.cornell.edu/listings/4560/IMG_3775.jpeg', 'SortOrder': 4}, {'PhotoId': 36083, 'PhotoName': 'IMG_1131.jpeg', 'IsDefault': False, 'AddedDateTime': '2024-05-17T01:23:27.040Z', 'listingId': 4560, 'PhotoUrl': 'https://images.listings.offcampusliving.cornell.edu/listings/4560/IMG_1131.jpeg', 'SortOrder': 5}, {'PhotoId': 36088, 'PhotoName': 'IMG_3772.jpeg', 'IsDefault': False, 'AddedDateTime': '2024-05-17T01:26:22.505Z', 'listingId': 4560, 'PhotoUrl': 'https://images.listings.offcampusliving.cornell.edu/listings/4560/IMG_3772.jpeg', 'SortOrder': 6}, {'PhotoId': 36084, 'PhotoName': 'IMG_3778.jpeg', 'IsDefault': False, 'AddedDateTime': '2024-05-17T01:24:04.420Z', 'listingId': 4560, 'PhotoUrl': 'https://images.listings.offcampusliving.cornell.edu/listings/4560/IMG_3778.jpeg', 'SortOrder': 7}, {'PhotoId': 36087, 'PhotoName': 'IMG_3776.jpeg', 'IsDefault': False, 'AddedDateTime': '2024-05-17T01:25:53.604Z', 'listingId': 4560, 'PhotoUrl': 'https://images.listings.offcampusliving.cornell.edu/listings/4560/IMG_3776.jpeg', 'SortOrder': 8}, {'PhotoId': 36085, 'PhotoName': 'IMG_3781.jpeg', 'IsDefault': False, 'AddedDateTime': '2024-05-17T01:24:41.234Z', 'listingId': 4560, 'PhotoUrl': 'https://images.listings.offcampusliving.cornell.edu/listings/4560/IMG_3781.jpeg', 'SortOrder': 9}, {'PhotoId': 36086, 'PhotoName': 'IMG_3782.jpeg', 'IsDefault': False, 'AddedDateTime': '2024-05-17T01:25:27.312Z', 'listingId': 4560, 'PhotoUrl': 'https://images.listings.offcampusliving.cornell.edu/listings/4560/IMG_3782.jpeg', 'SortOrder': 10}, {'PhotoId': 33576, 'PhotoName': 'IMG_2784.jpeg', 'IsDefault': False, 'AddedDateTime': '2023-11-15T01:19:39.550Z', 'listingId': 4560, 'PhotoUrl': 'https://images.listings.offcampusliving.cornell.edu/listings/4560/IMG_2784.jpeg', 'SortOrder': 11}, {'PhotoId': 36090, 'PhotoName': 'IMG_1133.jpeg', 'IsDefault': False, 'AddedDateTime': '2024-05-17T01:27:38.086Z', 'listingId': 4560, 'PhotoUrl': 'https://images.listings.offcampusliving.cornell.edu/listings/4560/IMG_1133.jpeg', 'SortOrder': 12}]",
4583,3856,2025-08-20T00:00:00.000Z,10,1140 Agard Rd,0,Trumansburg,14886,"FALL SEMESTER or ACADEMIC YEAR. ALL utilities included, fully furnished, QUIET 1 bedroom apartment, 10 min. drive up west side of lake from downtown Ithaca. Private deck. Covered parking. No kitchen","For 1 person. Quiet furnished apartment. Utilities included! Car needed. Not on bus route. Private deck, full bathroom, living room, food prep area with refrigerator and a freezer. No full kitchen, no open cooking allowed. Gas grill outside. Carport. Laundry. Typically rented to faculty, post-docs. Other side of house occupied by 1 quiet adult. On 20 acres, set back from road; mowed walking paths. Near Black Diamond Trail and Taughannock Park. No pets or smoking. Internet included in utilities.",975,Price Per Unit,No,"['Air Conditioning', 'Electricity Included', 'Electronic Payments Accepted', 'Furnished', 'Heat Included', 'Internet Included', 'Laundry Facilities', 'Off-Street Parking Included', 'Water Included', 'Internet Available']",No Preference,1,1,"['Graduate', 'Sabbatic Housing', 'Short-Term Housing', 'Spring Sublet', 'Staff/Faculty', 'Fall Sublet']",Rent,42.51779627363286,-76.57221712340868,"{'lat': 42.51779627363286, 'lng': -76.57221712340868}",True,2025-09-03T00:00:00.000Z,True,No,2023-11-30T13:28:43.498Z,2025-08-20T14:24:02.586Z,,"[{'PhotoId': 41211, 'PhotoName': 'living4.jpg', 'IsDefault': True, 'AddedDateTime': '2025-05-25T14:36:44.103Z', 'listingId': 4583, 'PhotoUrl': 'https://images.listings.offcampusliving.cornell.edu/listings/4583/living4.jpg', 'SortOrder': 1}, {'PhotoId': 33780, 'PhotoName': 'ag bed1.png', 'IsDefault': False, 'AddedDateTime': '2023-11-30T13:31:17.154Z', 'listingId': 4583, 'PhotoUrl': 'https://images.listings.offcampusliving.cornell.edu/listings/4583/ag bed1.png', 'SortOrder': 2}, {'PhotoId': 33781, 'PhotoName': 'ag deck.png', 'IsDefault': False, 'AddedDateTime': '2023-11-30T13:31:27.912Z', 'listingId': 4583, 'PhotoUrl': 'https://images.listings.offcampusliving.cornell.edu/listings/4583/ag deck.png', 'SortOrder': 3}, {'PhotoId': 41204, 'PhotoName': 'ag deck3.png', 'IsDefault': False, 'AddedDateTime': '2025-05-25T14:27:17.902Z', 'listingId': 4583, 'PhotoUrl': 'https://images.listings.offcampusliving.cornell.edu/listings/4583/ag deck3.png', 'SortOrder': 4}, {'PhotoId': 41212, 'PhotoName': '20231230_155611.jpg', 'IsDefault': False, 'AddedDateTime': '2025-05-25T14:38:13.042Z', 'listingId': 4583, 'PhotoUrl': 'https://images.listings.offcampusliving.cornell.edu/listings/4583/20231230_155611.jpg', 'SortOrder': 5}, {'PhotoId': 41206, 'PhotoName': '20210727_180059.jpg', 'IsDefault': False, 'AddedDateTime': '2025-05-25T14:31:34.434Z', 'listingId': 4583, 'PhotoUrl': 'https://images.listings.offcampusliving.cornell.edu/listings/4583/20210727_180059.jpg', 'SortOrder': 7}, {'PhotoId': 41207, 'PhotoName': '01010_jSeeOURJz5Rz_0hq08f_1200x900.jpg', 'IsDefault': False, 'AddedDateTime': '2025-05-25T14:31:53.682Z', 'listingId': 4583, 'PhotoUrl': 'https://images.listings.offcampusliving.cornell.edu/listings/4583/01010_jSeeOURJz5Rz_0hq08f_1200x900.jpg', 'SortOrder': 8}, {'PhotoId': 41202, 'PhotoName': 'ag deck2.png', 'IsDefault': False, 'AddedDateTime': '2025-05-25T14:26:57.631Z', 'listingId': 4583, 'PhotoUrl': 'https://images.listings.offcampusliving.cornell.edu/listings/4583/ag deck2.png', 'SortOrder': 9}, {'PhotoId': 41200, 'PhotoName': 'ag bed2.png', 'IsDefault': False, 'AddedDateTime': '2025-05-25T14:24:24.455Z', 'listingId': 4583, 'PhotoUrl': 'https://images.listings.offcampusliving.cornell.edu/listings/4583/ag bed2.png', 'SortOrder': 10}, {'PhotoId': 33779, 'PhotoName': 'ag barn.png', 'IsDefault': False, 'AddedDateTime': '2023-11-30T13:31:02.734Z', 'listingId': 4583, 'PhotoUrl': 'https://images.listings.offcampusliving.cornell.edu/listings/4583/ag barn.png', 'SortOrder': 11}, {'PhotoId': 41209, 'PhotoName': '00b0b_fr66ywTY6MS_09G04A_1200x900.jpg', 'IsDefault': False, 'AddedDateTime': '2025-05-25T14:34:54.676Z', 'listingId': 4583, 'PhotoUrl': 'https://images.listings.offcampusliving.cornell.edu/listings/4583/00b0b_fr66ywTY6MS_09G04A_1200x900.jpg', 'SortOrder': 12}, {'PhotoId': 41214, 'PhotoName': '20231230_155727.jpg', 'IsDefault': False, 'AddedDateTime': '2025-05-25T14:39:10.267Z', 'listingId': 4583, 'PhotoUrl': 'https://images.listings.offcampusliving.cornell.edu/listings/4583/20231230_155727.jpg', 'SortOrder': 13}, {'PhotoId': 41210, 'PhotoName': '20231224_092959.jpg', 'IsDefault': False, 'AddedDateTime': '2025-05-25T14:35:51.478Z', 'listingId': 4583, 'PhotoUrl': 'https://images.listings.offcampusliving.cornell.edu/listings/4583/20231224_092959.jpg', 'SortOrder': 14}, {'PhotoId': 41203, 'PhotoName': 'ag pop.png', 'IsDefault': False, 'AddedDateTime': '2025-05-25T14:27:06.876Z', 'listingId': 4583, 'PhotoUrl': 'https://images.listings.offcampusliving.cornell.edu/listings/4583/ag pop.png', 'SortOrder': 15}, {'PhotoId': 41215, 'PhotoName': 'bath2.jpg', 'IsDefault': False, 'AddedDateTime': '2025-05-25T14:44:32.777Z', 'listingId': 4583, 'PhotoUrl': 'https://images.listings.offcampusliving.cornell.edu/listings/4583/bath2.jpg', 'SortOrder': 16}, {'PhotoId': 33784, 'PhotoName': 'ag micro.png', 'IsDefault': False, 'AddedDateTime': '2023-11-30T13:32:10.039Z', 'listingId': 4583, 'PhotoUrl': 'https://images.listings.offcampusliving.cornell.edu/listings/4583/ag micro.png', 'SortOrder': 17}, {'PhotoId': 33785, 'PhotoName': 'ag house2.png', 'IsDefault': False, 'AddedDateTime': '2023-11-30T13:32:20.697Z', 'listingId': 4583, 'PhotoUrl': 'https://images.listings.offcampusliving.cornell.edu/listings/4583/ag house2.png', 'SortOrder': 18}, {'PhotoId': 33787, 'PhotoName': 'ag drive.png', 'IsDefault': False, 'AddedDateTime': '2023-11-30T13:32:48.762Z', 'listingId': 4583, 'PhotoUrl': 'https://images.listings.offcampusliving.cornell.edu/listings/4583/ag drive.png', 'SortOrder': 19}]",
4614,3869,2025-12-23T00:00:00.000Z,10,811 N Tioga St.,2,Ithaca,14850,"Programmers/AI experts: AI House Jan. 11! Your own bedroom + an office! Renovated, open airy w/9' ceilings. Chef's kitchen. All utilities included, in quiet Fall Creek, ideal for grad students, PhDs.","Programmer-owned/run: live, build, ship.

🚀 Pilot by Steve Moraff (MoraffWare): part housing, part startup incubator.

1 mile to Cornell. $800/mo incl. utils. Apt 2 (3-person): lead Jayden + 2 founding spots. 

Opening A: medium bedroom.
Opening B: small bedroom + small office.
Fastest internet, Linux workstation w/ dual 4K monitors.

Flex lease terms, YOU set! 6 mo, 12, extensions, leave early? We can handle it. Programmers/AI folks welcome. Details at:

luxury811.com

or Call 607-220-4006",800,Price Per Person,No,"['Furnished', 'Electricity Included', 'Electronic Payments Accepted', 'Heat Included', 'Internet Included', 'Kitchen', 'Laundry Facilities', 'Near Bus Route', 'Permitted Street Parking Available', 'Water Included', 'Air Conditioning', 'Internet Available']",No Preference,3,1.5,"['Graduate', 'Staff/Faculty', 'Undergraduate']",Rent,42.44904034816353,-76.49743025417872,"{'lat': 42.44904034816353, 'lng': -76.49743025417872}",True,2025-09-07T00:00:00.000Z,True,Yes,2023-12-12T20:53:05.983Z,2025-08-25T05:19:22.168Z,,"[{'PhotoId': 33956, 'PhotoName': '811-N-Tioga-St-Apt-2-08062019_073821.jpg', 'IsDefault': True, 'AddedDateTime': '2023-12-12T20:57:13.314Z', 'listingId': 4614, 'PhotoUrl': 'https://images.listings.offcampusliving.cornell.edu/listings/4614/811-N-Tioga-St-Apt-2-08062019_073821.jpg', 'SortOrder': 1}, {'PhotoId': 33970, 'PhotoName': '811-N-Tioga-St-Apt-2-Kitchen.jpg', 'IsDefault': False, 'AddedDateTime': '2023-12-12T21:01:26.397Z', 'listingId': 4614, 'PhotoUrl': 'https://images.listings.offcampusliving.cornell.edu/listings/4614/811-N-Tioga-St-Apt-2-Kitchen.jpg', 'SortOrder': 2}, {'PhotoId': 33968, 'PhotoName': '811-N-Tioga-St-Apt-2-08062019_074000.jpg', 'IsDefault': False, 'AddedDateTime': '2023-12-12T21:00:34.311Z', 'listingId': 4614, 'PhotoUrl': 'https://images.listings.offcampusliving.cornell.edu/listings/4614/811-N-Tioga-St-Apt-2-08062019_074000.jpg', 'SortOrder': 3}, {'PhotoId': 33966, 'PhotoName': '811-N-Tioga-St-Apt-2-08062019_073755.jpg', 'IsDefault': False, 'AddedDateTime': '2023-12-12T21:00:01.230Z', 'listingId': 4614, 'PhotoUrl': 'https://images.listings.offcampusliving.cornell.edu/listings/4614/811-N-Tioga-St-Apt-2-08062019_073755.jpg', 'SortOrder': 4}, {'PhotoId': 33975, 'PhotoName': '5.JPG', 'IsDefault': False, 'AddedDateTime': '2023-12-12T21:05:56.655Z', 'listingId': 4614, 'PhotoUrl': 'https://images.listings.offcampusliving.cornell.edu/listings/4614/5.JPG', 'SortOrder': 5}, {'PhotoId': 41758, 'PhotoName': 'k 811-N-Tioga-St-Apt-2-Bedroom.jpg', 'IsDefault': False, 'AddedDateTime': '2025-07-06T02:08:28.184Z', 'listingId': 4614, 'PhotoUrl': 'https://images.listings.offcampusliving.cornell.edu/listings/4614/k 811-N-Tioga-St-Apt-2-Bedroom.jpg', 'SortOrder': 6}, {'PhotoId': 41756, 'PhotoName': 'l 811-N-Tioga-St-Apt-2-08062019_073459.jpg', 'IsDefault': False, 'AddedDateTime': '2025-07-06T02:02:26.620Z', 'listingId': 4614, 'PhotoUrl': 'https://images.listings.offcampusliving.cornell.edu/listings/4614/l 811-N-Tioga-St-Apt-2-08062019_073459.jpg', 'SortOrder': 7}, {'PhotoId': 41755, 'PhotoName': 'k 811-N-Tioga-St-Apt-2-Bedroom.jpg', 'IsDefault': False, 'AddedDateTime': '2025-07-06T01:59:26.460Z', 'listingId': 4614, 'PhotoUrl': 'https://images.listings.offcampusliving.cornell.edu/listings/4614/k 811-N-Tioga-St-Apt-2-Bedroom.jpg', 'SortOrder': 8}, {'PhotoId': 41759, 'PhotoName': 'q2 811-N-Tioga-St-Apt-2-08062019_073330.jpg', 'IsDefault': False, 'AddedDateTime': '2025-07-06T02:11:32.725Z', 'listingId': 4614, 'PhotoUrl': 'https://images.listings.offcampusliving.cornell.edu/listings/4614/q2 811-N-Tioga-St-Apt-2-08062019_073330.jpg', 'SortOrder': 9}, {'PhotoId': 41760, 'PhotoName': 'q1 811-N-Tioga-St-Apt-2-08062019_073308.jpg', 'IsDefault': False, 'AddedDateTime': '2025-07-06T02:11:49.128Z', 'listingId': 4614, 'PhotoUrl': 'https://images.listings.offcampusliving.cornell.edu/listings/4614/q1 811-N-Tioga-St-Apt-2-08062019_073308.jpg', 'SortOrder': 10}, {'PhotoId': 41761, 'PhotoName': 'r 811-N-Tioga-St-Apt-2-08062019_073924.jpg', 'IsDefault': False, 'AddedDateTime': '2025-07-06T02:11:58.601Z', 'listingId': 4614, 'PhotoUrl': 'https://images.listings.offcampusliving.cornell.edu/listings/4614/r 811-N-Tioga-St-Apt-2-08062019_073924.jpg', 'SortOrder': 11}, {'PhotoId': 41753, 'PhotoName': '2SmallestBedroomAd.JPG', 'IsDefault': False, 'AddedDateTime': '2025-07-06T01:56:04.802Z', 'listingId': 4614, 'PhotoUrl': 'https://images.listings.offcampusliving.cornell.edu/listings/4614/2SmallestBedroomAd.JPG', 'SortOrder': 12}, {'PhotoId': 34040, 'PhotoName': 'IMG_6551L.jpeg', 'IsDefault': False, 'AddedDateTime': '2023-12-15T22:08:00.563Z', 'listingId': 4614, 'PhotoUrl': 'https://images.listings.offcampusliving.cornell.edu/listings/4614/IMG_6551L.jpeg', 'SortOrder': 13}, {'PhotoId': 34039, 'PhotoName': 'IMG_20231215_115248988L.jpg', 'IsDefault': False, 'AddedDateTime': '2023-12-15T22:07:49.414Z', 'listingId': 4614, 'PhotoUrl': 'https://images.listings.offcampusliving.cornell.edu/listings/4614/IMG_20231215_115248988L.jpg', 'SortOrder': 14}, {'PhotoId': 34036, 'PhotoName': 'IMG_6547.jpeg', 'IsDefault': False, 'AddedDateTime': '2023-12-15T22:06:24.138Z', 'listingId': 4614, 'PhotoUrl': 'https://images.listings.offcampusliving.cornell.edu/listings/4614/IMG_6547.jpeg', 'SortOrder': 15}, {'PhotoId': 34037, 'PhotoName': 'IMG_6545.jpeg', 'IsDefault': False, 'AddedDateTime': '2023-12-15T22:07:30.301Z', 'listingId': 4614, 'PhotoUrl': 'https://images.listings.offcampusliving.cornell.edu/listings/4614/IMG_6545.jpeg', 'SortOrder': 16}, {'PhotoId': 34038, 'PhotoName': 'IMG_20231215_115053202.jpg', 'IsDefault': False, 'AddedDateTime': '2023-12-15T22:07:40.757Z', 'listingId': 4614, 'PhotoUrl': 'https://images.listings.offcampusliving.cornell.edu/listings/4614/IMG_20231215_115053202.jpg', 'SortOrder': 17}, {'PhotoId': 33964, 'PhotoName': '811-N-Tioga-St-Apt-2-08062019_073418.jpg', 'IsDefault': False, 'AddedDateTime': '2023-12-12T20:59:07.063Z', 'listingId': 4614, 'PhotoUrl': 'https://images.listings.offcampusliving.cornell.edu/listings/4614/811-N-Tioga-St-Apt-2-08062019_073418.jpg', 'SortOrder': 18}, {'PhotoId': 33963, 'PhotoName': '811-N-Tioga-St-Apt-2-08062019_073402.jpg', 'IsDefault': False, 'AddedDateTime': '2023-12-12T20:58:55.941Z', 'listingId': 4614, 'PhotoUrl': 'https://images.listings.offcampusliving.cornell.edu/listings/4614/811-N-Tioga-St-Apt-2-08062019_073402.jpg', 'SortOrder': 19}, {'PhotoId': 33974, 'PhotoName': '2BathroomAd.JPG', 'IsDefault': False, 'AddedDateTime': '2023-12-12T21:04:54.193Z', 'listingId': 4614, 'PhotoUrl': 'https://images.listings.offcampusliving.cornell.edu/listings/4614/2BathroomAd.JPG', 'SortOrder': 20}, {'PhotoId': 33965, 'PhotoName': '811-N-Tioga-St-Apt-2-08062019_073649.jpg', 'IsDefault': False, 'AddedDateTime': '2023-12-12T20:59:28.461Z', 'listingId': 4614, 'PhotoUrl': 'https://images.listings.offcampusliving.cornell.edu/listings/4614/811-N-Tioga-St-Apt-2-08062019_073649.jpg', 'SortOrder': 21}, {'PhotoId': 41757, 'PhotoName': 'n 811-N-Tioga-St-Apt-2-08062019_073559.jpg', 'IsDefault': False, 'AddedDateTime': '2025-07-06T02:03:22.952Z', 'listingId': 4614, 'PhotoUrl': 'https://images.listings.offcampusliving.cornell.edu/listings/4614/n 811-N-Tioga-St-Apt-2-08062019_073559.jpg', 'SortOrder': 22}, {'PhotoId': 41754, 'PhotoName': 'm 811-N-Tioga-St-Apt-2-08062019_073520.jpg', 'IsDefault': False, 'AddedDateTime': '2025-07-06T01:58:02.898Z', 'listingId': 4614, 'PhotoUrl': 'https://images.listings.offcampusliving.cornell.edu/listings/4614/m 811-N-Tioga-St-Apt-2-08062019_073520.jpg', 'SortOrder': 23}, {'PhotoId': 33980, 'PhotoName': '6.jpg', 'IsDefault': False, 'AddedDateTime': '2023-12-12T21:08:43.264Z', 'listingId': 4614, 'PhotoUrl': 'https://images.listings.offcampusliving.cornell.edu/listings/4614/6.jpg', 'SortOrder': 24}, {'PhotoId': 33979, 'PhotoName': 'P1030136.JPG', 'IsDefault': False, 'AddedDateTime': '2023-12-12T21:08:34.353Z', 'listingId': 4614, 'PhotoUrl': 'https://images.listings.offcampusliving.cornell.edu/listings/4614/P1030136.JPG', 'SortOrder': 25}, {'PhotoId': 33960, 'PhotoName': '-6291510459812730194.jpg', 'IsDefault': False, 'AddedDateTime': '2023-12-12T20:58:05.566Z', 'listingId': 4614, 'PhotoUrl': 'https://images.listings.offcampusliving.cornell.edu/listings/4614/-6291510459812730194.jpg', 'SortOrder': 26}, {'PhotoId': 33955, 'PhotoName': '-2362924309249181634.jpg', 'IsDefault': False, 'AddedDateTime': '2023-12-12T20:55:53.188Z', 'listingId': 4614, 'PhotoUrl': 'https://images.listings.offcampusliving.cornell.edu/listings/4614/-2362924309249181634.jpg', 'SortOrder': 27}, {'PhotoId': 33959, 'PhotoName': '-8907537490304561538.jpg', 'IsDefault': False, 'AddedDateTime': '2023-12-12T20:57:56.842Z', 'listingId': 4614, 'PhotoUrl': 'https://images.listings.offcampusliving.cornell.edu/listings/4614/-8907537490304561538.jpg', 'SortOrder': 28}, {'PhotoId': 33958, 'PhotoName': '-2820572539580183564.jpg', 'IsDefault': False, 'AddedDateTime': '2023-12-12T20:57:47.762Z', 'listingId': 4614, 'PhotoUrl': 'https://images.listings.offcampusliving.cornell.edu/listings/4614/-2820572539580183564.jpg', 'SortOrder': 29}, {'PhotoId': 33971, 'PhotoName': 'Ithaca43.jpg', 'IsDefault': False, 'AddedDateTime': '2023-12-12T21:03:15.884Z', 'listingId': 4614, 'PhotoUrl': 'https://images.listings.offcampusliving.cornell.edu/listings/4614/Ithaca43.jpg', 'SortOrder': 30}, {'PhotoId': 33969, 'PhotoName': 'Apt 2.jpg', 'IsDefault': False, 'AddedDateTime': '2023-12-12T21:00:44.576Z', 'listingId': 4614, 'PhotoUrl': 'https://images.listings.offcampusliving.cornell.edu/listings/4614/Apt 2.jpg', 'SortOrder': 31}]",
4703,3966,2025-08-25T00:00:00.000Z,10,115 The Knoll,,Ithaca,14850,"Intentional Christian Community: Chesterton House offers a unique living experience for residents: single, double, & triple rooms for rent near campus for a Christian college experience at Cornell","*10 month leases* (aligning with the academic calendar)

Pricing is as follows: 
Single Room: $1,105/month
Double Room: $770/month
Triple Room: $630/month

An intensive residential college experience for Cornell students with vibrant community life.

Creating spaces where students can grow in their path to Christ through embodied practices while living in community.

Apply today! Email residential@chestertonhouse.org for application or more info.
www.chestertonhouse.org/residences",630,Price Per Unit,No,"['Electricity Included', 'Heat Included', 'Internet Included', 'Laundry Facilities', 'Kitchen', 'Off-Street Parking Available', 'Water Included', 'Furnished', 'Electronic Payments Accepted', 'Near Bus Route']",Male,10,4,"['Graduate', 'Undergraduate']",Rent,42.45439570272013,-76.49035107411378,"{'lat': 42.45439570272013, 'lng': -76.49035107411378}",True,2025-09-29T00:00:00.000Z,True,Yes,2024-03-06T01:47:30.433Z,2025-08-29T15:29:51.581Z,115 THE KNOLL,"[{'PhotoId': 34991, 'PhotoName': '115 .jpeg', 'IsDefault': True, 'AddedDateTime': '2024-03-06T13:47:51.901Z', 'listingId': 4703, 'PhotoUrl': 'https://images.listings.offcampusliving.cornell.edu/listings/4703/115 .jpeg', 'SortOrder': 1}, {'PhotoId': 34992, 'PhotoName': 'IMG_1663.JPG', 'IsDefault': False, 'AddedDateTime': '2024-03-06T13:50:51.145Z', 'listingId': 4703, 'PhotoUrl': 'https://images.listings.offcampusliving.cornell.edu/listings/4703/IMG_1663.JPG', 'SortOrder': None}, {'PhotoId': 34993, 'PhotoName': 'IMG_1660.JPG', 'IsDefault': False, 'AddedDateTime': '2024-03-06T13:50:51.985Z', 'listingId': 4703, 'PhotoUrl': 'https://images.listings.offcampusliving.cornell.edu/listings/4703/IMG_1660.JPG', 'SortOrder': None}, {'PhotoId': 38178, 'PhotoName': 'IMG_3153.JPG', 'IsDefault': False, 'AddedDateTime': '2024-11-05T20:22:13.973Z', 'listingId': 4703, 'PhotoUrl': 'https://images.listings.offcampusliving.cornell.edu/listings/4703/IMG_3153.JPG', 'SortOrder': None}, {'PhotoId': 34990, 'PhotoName': 'IMG_2122.JPG', 'IsDefault': False, 'AddedDateTime': '2024-03-06T13:47:51.643Z', 'listingId': 4703, 'PhotoUrl': 'https://images.listings.offcampusliving.cornell.edu/listings/4703/IMG_2122.JPG', 'SortOrder': 3}, {'PhotoId': 34986, 'PhotoName': 'IMG_2118.JPG', 'IsDefault': False, 'AddedDateTime': '2024-03-06T01:53:11.370Z', 'listingId': 4703, 'PhotoUrl': 'https://images.listings.offcampusliving.cornell.edu/listings/4703/IMG_2118.JPG', 'SortOrder': 4}, {'PhotoId': 34988, 'PhotoName': 'IMG_2132.JPG', 'IsDefault': False, 'AddedDateTime': '2024-03-06T01:53:49.744Z', 'listingId': 4703, 'PhotoUrl': 'https://images.listings.offcampusliving.cornell.edu/listings/4703/IMG_2132.JPG', 'SortOrder': 5}, {'PhotoId': 34989, 'PhotoName': 'IMG_2123.JPG', 'IsDefault': False, 'AddedDateTime': '2024-03-06T01:53:59.547Z', 'listingId': 4703, 'PhotoUrl': 'https://images.listings.offcampusliving.cornell.edu/listings/4703/IMG_2123.JPG', 'SortOrder': 6}]","{""BuildingAddress"": ""115 THE KNOLL"", ""OverallSafetyRating"": 13, ""CategoryScores"": [{""Fire Protection"": 0}, {""Notification Systems"": 5}, {""Emergency Egress"": 0}, {""Applicable Code"": 0}, {""Fire Extinguishers"": 0}, {""Construction Type"": 0}, {""Valid Certificate of Compliance"": 8}], ""OverallSafetyRatingAsPercentage"": 28, ""CategoryScoresAsPercentage"": [{""Fire Protection"": 0}, {""Notification Systems"": 83}, {""Emergency Egress"": 0}, {""Applicable Code"": 0}, {""Fire Extinguishers"": 0}, {""Construction Type"": 0}, {""Valid Certificate of Compliance"": 100}], ""SprinklerType"": [{""sprinklerType"": ""MRL Exiting Sprinkler System"", ""sprinklerCertificateExpiration"": ""2025-07-31""}], ""FireExtinguisherCertificateExpiration"": null, ""NotificationSystem"": [{""subCategory"": ""Single Station Smoke Alarm"", ""notificationType"": ""Single Station Smoke Alarm"", ""notificationSystemCertificateExpiration"": ""2025-08-13""}, {""subCategory"": ""Fire Alarm System"", ""notificationType"": ""Fire Alarm System"", ""notificationSystemCertificateExpiration"": ""2025-07-31""}, {""subCategory"": ""CO Detector"", ""notificationType"": ""CO Detector"", ""notificationSystemCertificateExpiration"": ""2025-08-13""}], ""HasValidCertificateOfOccupancy"": true, ""MeetsMinimumRequirements"": false, ""ExceedsRequirements"": false, ""HasFireResistantConstructionType"": false, ""SatisfiesApplicableCode"": false, ""CertificateExpirationDate"": ""2025-09-15T00:00:00.000Z"", ""DateLastUpdated"": ""2025-07-30T07:01:19.000Z""}"
4711,3966,2025-08-25T00:00:00.000Z,10,111 The Knoll,,Ithaca,14850,Intentional Christian Community: Chesterton House offers a unique living experience for residents: Single or Double for rent near campus for a Christian college experience at Cornell,"*10 month leases* (aligning with the academic calendar)

Pricing is as follows: 
Addition Single :$1,500/for 10m.
Addition Double:$1,100 for 10m.
Double: $850/for 10m.

An intensive residential college experience for Cornell students with vibrant community life.

Creating spaces where students can grow in their path to Christ through embodied practices while living in community.

Apply today! Email residential@chestertonhouse.org for application or more info.
www.chestertonhouse.org/residences",850,Price Per Person,No,"['Kitchen', 'Internet Included', 'Electricity Included', 'Electronic Payments Accepted', 'Furnished', 'Near Bus Route', 'Laundry Facilities', 'Off-Street Parking Available', 'Water Included', 'Heat Included']",Female,10,4,"['Graduate', 'Undergraduate']",Rent,42.45400755344843,-76.4902951981813,"{'lat': 42.45400755344843, 'lng': -76.4902951981813}",True,2025-09-29T00:00:00.000Z,True,Yes,2024-03-12T00:46:20.111Z,2024-11-05T20:38:10.958Z,111 THE KNOLL,"[{'PhotoId': 35150, 'PhotoName': 'Copy of _MG_9214.jpeg', 'IsDefault': True, 'AddedDateTime': '2024-03-12T00:54:06.687Z', 'listingId': 4711, 'PhotoUrl': 'https://images.listings.offcampusliving.cornell.edu/listings/4711/Copy of _MG_9214.jpeg', 'SortOrder': None}, {'PhotoId': 35146, 'PhotoName': 'IMG_2134.JPG', 'IsDefault': False, 'AddedDateTime': '2024-03-12T00:52:05.655Z', 'listingId': 4711, 'PhotoUrl': 'https://images.listings.offcampusliving.cornell.edu/listings/4711/IMG_2134.JPG', 'SortOrder': None}, {'PhotoId': 35147, 'PhotoName': 'IMG_2149.jpg', 'IsDefault': False, 'AddedDateTime': '2024-03-12T00:52:18.031Z', 'listingId': 4711, 'PhotoUrl': 'https://images.listings.offcampusliving.cornell.edu/listings/4711/IMG_2149.jpg', 'SortOrder': None}, {'PhotoId': 35148, 'PhotoName': 'IMG_2151.jpg', 'IsDefault': False, 'AddedDateTime': '2024-03-12T00:52:33.188Z', 'listingId': 4711, 'PhotoUrl': 'https://images.listings.offcampusliving.cornell.edu/listings/4711/IMG_2151.jpg', 'SortOrder': None}, {'PhotoId': 35149, 'PhotoName': 'IMG_2152.JPG', 'IsDefault': False, 'AddedDateTime': '2024-03-12T00:52:43.581Z', 'listingId': 4711, 'PhotoUrl': 'https://images.listings.offcampusliving.cornell.edu/listings/4711/IMG_2152.JPG', 'SortOrder': None}, {'PhotoId': 35151, 'PhotoName': 'IMG_2143.jpg', 'IsDefault': False, 'AddedDateTime': '2024-03-12T00:54:21.254Z', 'listingId': 4711, 'PhotoUrl': 'https://images.listings.offcampusliving.cornell.edu/listings/4711/IMG_2143.jpg', 'SortOrder': None}]","{""BuildingAddress"": ""111 THE KNOLL"", ""OverallSafetyRating"": 13, ""CategoryScores"": [{""Fire Protection"": 0}, {""Notification Systems"": 5}, {""Emergency Egress"": 0}, {""Applicable Code"": 0}, {""Fire Extinguishers"": 0}, {""Construction Type"": 0}, {""Valid Certificate of Compliance"": 8}], ""OverallSafetyRatingAsPercentage"": 28, ""CategoryScoresAsPercentage"": [{""Fire Protection"": 0}, {""Notification Systems"": 83}, {""Emergency Egress"": 0}, {""Applicable Code"": 0}, {""Fire Extinguishers"": 0}, {""Construction Type"": 0}, {""Valid Certificate of Compliance"": 100}], ""SprinklerType"": [{""sprinklerType"": ""NFPA 13D Sprinkler System"", ""sprinklerCertificateExpiration"": ""2024-11-19""}], ""FireExtinguisherCertificateExpiration"": null, ""NotificationSystem"": [{""subCategory"": ""Single Station Smoke Alarm"", ""notificationType"": ""Single Station Smoke Alarm"", ""notificationSystemCertificateExpiration"": ""2025-08-13""}, {""subCategory"": ""Fire Alarm System"", ""notificationType"": ""Fire Alarm System"", ""notificationSystemCertificateExpiration"": ""2025-07-31""}, {""subCategory"": ""CO Detector"", ""notificationType"": ""CO Detector"", ""notificationSystemCertificateExpiration"": ""2025-08-13""}], ""HasValidCertificateOfOccupancy"": true, ""MeetsMinimumRequirements"": true, ""ExceedsRequirements"": true, ""HasFireResistantConstructionType"": false, ""SatisfiesApplicableCode"": false, ""CertificateExpirationDate"": ""2027-09-15T00:00:00.000Z"", ""DateLastUpdated"": ""2025-07-30T07:01:17.000Z""}"
4725,3912,2025-09-15T00:00:00.000Z,11,765 Aurora Street S,1,Ithaca,14850,"Nice, spacious and adorable 3 bed, 1 bath unit with off-street parking! Renting now for 2025-26 and 2026-2027. Located on S Aurora St (South Hill). Fully furnished, hardwood floors, laundry & parking.","3 Beds 1 Bath House. Currently Renting for now/2025-26 year.  Also available for 2026-2027.
Located at 765 S Aurora St, Ithaca. This a charming, spacious unit in duplex home on South Hill.

$765/person plus utilities. Trash, parking, snow removal, and lawn care included.

Amenities:
Furnished
Living room
Dining room 
Kitchen
Hardwood and tile flooring
Laundry on site
Porch
Yard
Off-street Parking
Cable/WiFi ready ",2295,Price Per Unit,Yes,"['Furnished', 'Internet Available', 'Kitchen', 'Laundry Facilities', 'Off-Street Parking Included', 'Electronic Payments Accepted', 'Near Bus Route', 'Off-Street Parking Available']",No Preference,3,1,"['Graduate', 'Undergraduate']",Rent,42.43184593755521,-76.49551826033618,"{'lat': 42.43184593755521, 'lng': -76.49551826033618}",True,2025-09-27T00:00:00.000Z,True,Yes,2024-03-23T23:28:14.545Z,2025-08-27T03:18:53.642Z,765 AURORA STREET S,"[{'PhotoId': 35296, 'PhotoName': 'IMG_1969.jpeg', 'IsDefault': True, 'AddedDateTime': '2024-03-25T01:25:11.391Z', 'listingId': 4725, 'PhotoUrl': 'https://images.listings.offcampusliving.cornell.edu/listings/4725/IMG_1969.jpeg', 'SortOrder': 1}, {'PhotoId': 40002, 'PhotoName': 'IMG_8137.jpg', 'IsDefault': False, 'AddedDateTime': '2025-03-27T00:47:27.373Z', 'listingId': 4725, 'PhotoUrl': 'https://images.listings.offcampusliving.cornell.edu/listings/4725/IMG_8137.jpg', 'SortOrder': 2}, {'PhotoId': 42876, 'PhotoName': 'IMG_5241.jpg', 'IsDefault': False, 'AddedDateTime': '2025-08-27T03:20:21.057Z', 'listingId': 4725, 'PhotoUrl': 'https://images.listings.offcampusliving.cornell.edu/listings/4725/IMG_5241.jpg', 'SortOrder': 3}, {'PhotoId': 35299, 'PhotoName': 'IMG_7693.jpeg', 'IsDefault': False, 'AddedDateTime': '2024-03-25T01:28:30.465Z', 'listingId': 4725, 'PhotoUrl': 'https://images.listings.offcampusliving.cornell.edu/listings/4725/IMG_7693.jpeg', 'SortOrder': 4}, {'PhotoId': 42875, 'PhotoName': 'IMG_1967.jpg', 'IsDefault': False, 'AddedDateTime': '2025-08-27T03:20:20.636Z', 'listingId': 4725, 'PhotoUrl': 'https://images.listings.offcampusliving.cornell.edu/listings/4725/IMG_1967.jpg', 'SortOrder': 5}, {'PhotoId': 35300, 'PhotoName': 'IMG_5243.jpeg', 'IsDefault': False, 'AddedDateTime': '2024-03-25T01:29:32.626Z', 'listingId': 4725, 'PhotoUrl': 'https://images.listings.offcampusliving.cornell.edu/listings/4725/IMG_5243.jpeg', 'SortOrder': 6}, {'PhotoId': 35298, 'PhotoName': 'IMG_7689.jpeg', 'IsDefault': False, 'AddedDateTime': '2024-03-25T01:27:36.299Z', 'listingId': 4725, 'PhotoUrl': 'https://images.listings.offcampusliving.cornell.edu/listings/4725/IMG_7689.jpeg', 'SortOrder': 7}, {'PhotoId': 40012, 'PhotoName': 'IMG_3845.jpg', 'IsDefault': False, 'AddedDateTime': '2025-03-31T12:53:39.483Z', 'listingId': 4725, 'PhotoUrl': 'https://images.listings.offcampusliving.cornell.edu/listings/4725/IMG_3845.jpg', 'SortOrder': 8}, {'PhotoId': 40013, 'PhotoName': 'IMG_3846.jpg', 'IsDefault': False, 'AddedDateTime': '2025-03-31T12:54:01.088Z', 'listingId': 4725, 'PhotoUrl': 'https://images.listings.offcampusliving.cornell.edu/listings/4725/IMG_3846.jpg', 'SortOrder': 9}, {'PhotoId': 35275, 'PhotoName': 'IMG_7789.jpeg', 'IsDefault': False, 'AddedDateTime': '2024-03-23T23:34:43.562Z', 'listingId': 4725, 'PhotoUrl': 'https://images.listings.offcampusliving.cornell.edu/listings/4725/IMG_7789.jpeg', 'SortOrder': 10}, {'PhotoId': 35302, 'PhotoName': 'IMG_1970.jpeg', 'IsDefault': False, 'AddedDateTime': '2024-03-25T01:31:47.698Z', 'listingId': 4725, 'PhotoUrl': 'https://images.listings.offcampusliving.cornell.edu/listings/4725/IMG_1970.jpeg', 'SortOrder': 11}, {'PhotoId': 35550, 'PhotoName': 'IMG_1971.jpg', 'IsDefault': False, 'AddedDateTime': '2024-04-11T21:28:28.561Z', 'listingId': 4725, 'PhotoUrl': 'https://images.listings.offcampusliving.cornell.edu/listings/4725/IMG_1971.jpg', 'SortOrder': 12}, {'PhotoId': 35301, 'PhotoName': 'IMG_7530.jpeg', 'IsDefault': False, 'AddedDateTime': '2024-03-25T01:30:41.867Z', 'listingId': 4725, 'PhotoUrl': 'https://images.listings.offcampusliving.cornell.edu/listings/4725/IMG_7530.jpeg', 'SortOrder': 13}, {'PhotoId': 35553, 'PhotoName': 'IMG_8146.jpg', 'IsDefault': False, 'AddedDateTime': '2024-04-11T21:34:18.414Z', 'listingId': 4725, 'PhotoUrl': 'https://images.listings.offcampusliving.cornell.edu/listings/4725/IMG_8146.jpg', 'SortOrder': 14}, {'PhotoId': 35552, 'PhotoName': 'IMG_8145.jpg', 'IsDefault': False, 'AddedDateTime': '2024-04-11T21:34:18.120Z', 'listingId': 4725, 'PhotoUrl': 'https://images.listings.offcampusliving.cornell.edu/listings/4725/IMG_8145.jpg', 'SortOrder': 15}, {'PhotoId': 35555, 'PhotoName': 'IMG_5254.jpg', 'IsDefault': False, 'AddedDateTime': '2024-04-11T21:35:59.419Z', 'listingId': 4725, 'PhotoUrl': 'https://images.listings.offcampusliving.cornell.edu/listings/4725/IMG_5254.jpg', 'SortOrder': 16}, {'PhotoId': 35551, 'PhotoName': 'IMG_9532.jpg', 'IsDefault': False, 'AddedDateTime': '2024-04-11T21:28:31.726Z', 'listingId': 4725, 'PhotoUrl': 'https://images.listings.offcampusliving.cornell.edu/listings/4725/IMG_9532.jpg', 'SortOrder': 17}, {'PhotoId': 37980, 'PhotoName': 'IMG_8078.jpg', 'IsDefault': False, 'AddedDateTime': '2024-10-29T01:55:00.447Z', 'listingId': 4725, 'PhotoUrl': 'https://images.listings.offcampusliving.cornell.edu/listings/4725/IMG_8078.jpg', 'SortOrder': 18}, {'PhotoId': 35554, 'PhotoName': 'IMG_5249.jpg', 'IsDefault': False, 'AddedDateTime': '2024-04-11T21:35:58.130Z', 'listingId': 4725, 'PhotoUrl': 'https://images.listings.offcampusliving.cornell.edu/listings/4725/IMG_5249.jpg', 'SortOrder': 19}, {'PhotoId': 36004, 'PhotoName': '765 S Aurora Street Apt (unit) 1 floor plan.JPG', 'IsDefault': False, 'AddedDateTime': '2024-05-09T20:27:11.574Z', 'listingId': 4725, 'PhotoUrl': 'https://images.listings.offcampusliving.cornell.edu/listings/4725/765 S Aurora Street Apt (unit) 1 floor plan.JPG', 'SortOrder': 20}]","{""BuildingAddress"": ""765 AURORA STREET S"", ""OverallSafetyRating"": 8, ""CategoryScores"": [{""Fire Protection"": 0}, {""Notification Systems"": 0}, {""Emergency Egress"": 0}, {""Applicable Code"": 0}, {""Fire Extinguishers"": 0}, {""Construction Type"": 0}, {""Valid Certificate of Compliance"": 8}], ""OverallSafetyRatingAsPercentage"": 17, ""CategoryScoresAsPercentage"": [{""Fire Protection"": 0}, {""Notification Systems"": 0}, {""Emergency Egress"": 0}, {""Applicable Code"": 0}, {""Fire Extinguishers"": 0}, {""Construction Type"": 0}, {""Valid Certificate of Compliance"": 100}], ""SprinklerType"": [], ""FireExtinguisherCertificateExpiration"": null, ""NotificationSystem"": [{""subCategory"": ""Single Station Smoke Alarm"", ""notificationType"": ""Single Station Smoke Alarm"", ""notificationSystemCertificateExpiration"": ""2022-07-22""}], ""HasValidCertificateOfOccupancy"": true, ""MeetsMinimumRequirements"": true, ""ExceedsRequirements"": false, ""HasFireResistantConstructionType"": false, ""SatisfiesApplicableCode"": false, ""CertificateExpirationDate"": ""2026-07-22T00:00:00.000Z"", ""DateLastUpdated"": ""2025-07-30T07:01:52.000Z""}"
4840,3463,2026-04-01T00:00:00.000Z,12,406 Green Street W,1,Ithaca,14850,"Historical brick townhouse , unit #2. located near the Ithaca commons . ","Two family home townhouse .  2 bedrooms, kitchen , living dinning room, small porch , large backyard ,1 Bathroom. off street  parking.laundry room in the premises. Property has security system outside located outside the property,Updated smoke and fire detector inside the unit  and it is registered with the City of Ithaca . ",2400,Price Per Unit,No,"['Air Conditioning', 'Furnished', 'Kitchen', 'Laundry Facilities', 'Near Bus Route', 'Off-Street Parking Available', 'Off-Street Parking Included', 'Internet Available', 'Electronic Payments Accepted', 'Internet Included']",No Preference,2,1,"['Sabbatic Housing', 'Short-Term Housing', 'Staff/Faculty', 'Spring Sublet', 'Summer Sublet', 'Graduate', 'Fall Sublet']",Rent,42.4404518315871,-76.48773355011393,"{'lat': 42.4404518315871, 'lng': -76.48773355011393}",True,2025-09-07T00:00:00.000Z,True,Yes,2024-06-25T14:12:16.995Z,2025-08-07T09:30:42.336Z,406 GREEN STREET W,"[{'PhotoId': 36409, 'PhotoName': 'IMG_7418.jpeg', 'IsDefault': True, 'AddedDateTime': '2024-06-25T14:16:44.867Z', 'listingId': 4840, 'PhotoUrl': 'https://images.listings.offcampusliving.cornell.edu/listings/4840/IMG_7418.jpeg', 'SortOrder': 1}, {'PhotoId': 40545, 'PhotoName': 'IMG_0577.jpeg', 'IsDefault': False, 'AddedDateTime': '2025-04-26T08:59:08.461Z', 'listingId': 4840, 'PhotoUrl': 'https://images.listings.offcampusliving.cornell.edu/listings/4840/IMG_0577.jpeg', 'SortOrder': 2}, {'PhotoId': 39388, 'PhotoName': 'IMG_9440.jpeg', 'IsDefault': False, 'AddedDateTime': '2025-02-20T12:49:40.375Z', 'listingId': 4840, 'PhotoUrl': 'https://images.listings.offcampusliving.cornell.edu/listings/4840/IMG_9440.jpeg', 'SortOrder': 3}, {'PhotoId': 37655, 'PhotoName': 'IMG_7690.jpeg', 'IsDefault': False, 'AddedDateTime': '2024-09-26T12:29:16.442Z', 'listingId': 4840, 'PhotoUrl': 'https://images.listings.offcampusliving.cornell.edu/listings/4840/IMG_7690.jpeg', 'SortOrder': 4}, {'PhotoId': 37654, 'PhotoName': 'IMG_7430.jpeg', 'IsDefault': False, 'AddedDateTime': '2024-09-26T12:27:54.431Z', 'listingId': 4840, 'PhotoUrl': 'https://images.listings.offcampusliving.cornell.edu/listings/4840/IMG_7430.jpeg', 'SortOrder': 5}, {'PhotoId': 37666, 'PhotoName': 'IMG_5685.jpeg', 'IsDefault': False, 'AddedDateTime': '2024-09-26T12:39:47.667Z', 'listingId': 4840, 'PhotoUrl': 'https://images.listings.offcampusliving.cornell.edu/listings/4840/IMG_5685.jpeg', 'SortOrder': 6}, {'PhotoId': 37664, 'PhotoName': 'IMG_3072.jpeg', 'IsDefault': False, 'AddedDateTime': '2024-09-26T12:39:43.659Z', 'listingId': 4840, 'PhotoUrl': 'https://images.listings.offcampusliving.cornell.edu/listings/4840/IMG_3072.jpeg', 'SortOrder': 7}, {'PhotoId': 37665, 'PhotoName': 'IMG_5294.jpeg', 'IsDefault': False, 'AddedDateTime': '2024-09-26T12:39:45.915Z', 'listingId': 4840, 'PhotoUrl': 'https://images.listings.offcampusliving.cornell.edu/listings/4840/IMG_5294.jpeg', 'SortOrder': 8}, {'PhotoId': 37657, 'PhotoName': 'IMG_7421.jpeg', 'IsDefault': False, 'AddedDateTime': '2024-09-26T12:32:19.366Z', 'listingId': 4840, 'PhotoUrl': 'https://images.listings.offcampusliving.cornell.edu/listings/4840/IMG_7421.jpeg', 'SortOrder': 9}, {'PhotoId': 37656, 'PhotoName': 'IMG_7429.jpeg', 'IsDefault': False, 'AddedDateTime': '2024-09-26T12:29:18.578Z', 'listingId': 4840, 'PhotoUrl': 'https://images.listings.offcampusliving.cornell.edu/listings/4840/IMG_7429.jpeg', 'SortOrder': 10}, {'PhotoId': 37658, 'PhotoName': 'IMG_7418.jpeg', 'IsDefault': False, 'AddedDateTime': '2024-09-26T12:32:22.382Z', 'listingId': 4840, 'PhotoUrl': 'https://images.listings.offcampusliving.cornell.edu/listings/4840/IMG_7418.jpeg', 'SortOrder': 11}, {'PhotoId': 37659, 'PhotoName': 'IMG_7415.jpeg', 'IsDefault': False, 'AddedDateTime': '2024-09-26T12:32:22.683Z', 'listingId': 4840, 'PhotoUrl': 'https://images.listings.offcampusliving.cornell.edu/listings/4840/IMG_7415.jpeg', 'SortOrder': 12}, {'PhotoId': 37660, 'PhotoName': 'IMG_7420.jpeg', 'IsDefault': False, 'AddedDateTime': '2024-09-26T12:32:22.913Z', 'listingId': 4840, 'PhotoUrl': 'https://images.listings.offcampusliving.cornell.edu/listings/4840/IMG_7420.jpeg', 'SortOrder': 13}, {'PhotoId': 37662, 'PhotoName': 'IMG_5367.jpeg', 'IsDefault': False, 'AddedDateTime': '2024-09-26T12:39:38.252Z', 'listingId': 4840, 'PhotoUrl': 'https://images.listings.offcampusliving.cornell.edu/listings/4840/IMG_5367.jpeg', 'SortOrder': 14}, {'PhotoId': 37663, 'PhotoName': 'IMG_3074.jpeg', 'IsDefault': False, 'AddedDateTime': '2024-09-26T12:39:41.268Z', 'listingId': 4840, 'PhotoUrl': 'https://images.listings.offcampusliving.cornell.edu/listings/4840/IMG_3074.jpeg', 'SortOrder': 15}, {'PhotoId': 37652, 'PhotoName': 'IMG_3761.jpeg', 'IsDefault': False, 'AddedDateTime': '2024-09-26T12:26:28.882Z', 'listingId': 4840, 'PhotoUrl': 'https://images.listings.offcampusliving.cornell.edu/listings/4840/IMG_3761.jpeg', 'SortOrder': 16}, {'PhotoId': 37653, 'PhotoName': 'IMG_7689.jpeg', 'IsDefault': False, 'AddedDateTime': '2024-09-26T12:26:29.244Z', 'listingId': 4840, 'PhotoUrl': 'https://images.listings.offcampusliving.cornell.edu/listings/4840/IMG_7689.jpeg', 'SortOrder': 17}]","{""BuildingAddress"": ""406 GREEN STREET W"", ""OverallSafetyRating"": 8, ""CategoryScores"": [{""Fire Protection"": 0}, {""Notification Systems"": 0}, {""Emergency Egress"": 0}, {""Applicable Code"": 0}, {""Fire Extinguishers"": 0}, {""Construction Type"": 0}, {""Valid Certificate of Compliance"": 8}], ""OverallSafetyRatingAsPercentage"": 17, ""CategoryScoresAsPercentage"": [{""Fire Protection"": 0}, {""Notification Systems"": 0}, {""Emergency Egress"": 0}, {""Applicable Code"": 0}, {""Fire Extinguishers"": 0}, {""Construction Type"": 0}, {""Valid Certificate of Compliance"": 100}], ""SprinklerType"": [], ""FireExtinguisherCertificateExpiration"": null, ""NotificationSystem"": [{""subCategory"": ""Single Station Smoke Alarm"", ""notificationType"": ""Single Station Smoke Alarm"", ""notificationSystemCertificateExpiration"": ""2023-09-19""}], ""HasValidCertificateOfOccupancy"": true, ""MeetsMinimumRequirements"": false, ""ExceedsRequirements"": false, ""HasFireResistantConstructionType"": false, ""SatisfiesApplicableCode"": false, ""CertificateExpirationDate"": ""2027-09-19T00:00:00.000Z"", ""DateLastUpdated"": ""2025-07-30T07:01:40.000Z""}"
4844,4100,2025-08-15T00:00:00.000Z,9,31 janivar dr,,Ithaca,14850,"3 Bedroom, 2 Bath Efficient Home! Lease ends May 2026 with opportunity to extend if desired!","Charming One-Level Home – Available Aug 15! Beautifully maintained single-level home near shopping, services & nature. Open floorplan with spacious Great Room, large windows, deck access & private yard. Eat-in kitchen, heated 1-car garage, attic storage, mini-split A/C, gas fireplace & generator. Efficient utilities. Renter is responsible for lawn care, snow removal & utilities. Perfect for easy living & entertaining!",2995,Price Per Unit,Yes,"['Air Conditioning', 'Kitchen', 'Laundry Facilities', 'Near Bus Route', 'Wheelchair Accessible', 'Internet Available', 'Off-Street Parking Included']",No Preference,3,2,"['Staff/Faculty', 'Graduate']",Rent,42.44760555852647,-76.50121659105703,"{'lat': 42.44760555852647, 'lng': -76.50121659105703}",True,2025-09-04T00:00:00.000Z,True,No,2024-07-02T14:25:38.262Z,2025-08-04T19:59:45.386Z,,"[{'PhotoId': 36467, 'PhotoName': 'IMG_6931.jpeg', 'IsDefault': True, 'AddedDateTime': '2024-07-02T14:42:54.230Z', 'listingId': 4844, 'PhotoUrl': 'https://images.listings.offcampusliving.cornell.edu/listings/4844/IMG_6931.jpeg', 'SortOrder': 1}, {'PhotoId': 36465, 'PhotoName': 'IMG_6917.jpeg', 'IsDefault': False, 'AddedDateTime': '2024-07-02T14:38:12.980Z', 'listingId': 4844, 'PhotoUrl': 'https://images.listings.offcampusliving.cornell.edu/listings/4844/IMG_6917.jpeg', 'SortOrder': 2}, {'PhotoId': 36471, 'PhotoName': 'IMG_6923.jpeg', 'IsDefault': False, 'AddedDateTime': '2024-07-02T14:44:56.028Z', 'listingId': 4844, 'PhotoUrl': 'https://images.listings.offcampusliving.cornell.edu/listings/4844/IMG_6923.jpeg', 'SortOrder': 3}, {'PhotoId': 36468, 'PhotoName': 'IMG_6933.jpeg', 'IsDefault': False, 'AddedDateTime': '2024-07-02T14:43:48.697Z', 'listingId': 4844, 'PhotoUrl': 'https://images.listings.offcampusliving.cornell.edu/listings/4844/IMG_6933.jpeg', 'SortOrder': 4}, {'PhotoId': 36470, 'PhotoName': 'IMG_4220.jpeg', 'IsDefault': False, 'AddedDateTime': '2024-07-02T14:44:29.354Z', 'listingId': 4844, 'PhotoUrl': 'https://images.listings.offcampusliving.cornell.edu/listings/4844/IMG_4220.jpeg', 'SortOrder': 5}, {'PhotoId': 36469, 'PhotoName': 'IMG_4221.jpeg', 'IsDefault': False, 'AddedDateTime': '2024-07-02T14:44:07.416Z', 'listingId': 4844, 'PhotoUrl': 'https://images.listings.offcampusliving.cornell.edu/listings/4844/IMG_4221.jpeg', 'SortOrder': 6}, {'PhotoId': 36488, 'PhotoName': 'IMG_4244.jpeg', 'IsDefault': False, 'AddedDateTime': '2024-07-02T14:53:04.166Z', 'listingId': 4844, 'PhotoUrl': 'https://images.listings.offcampusliving.cornell.edu/listings/4844/IMG_4244.jpeg', 'SortOrder': 7}, {'PhotoId': 36483, 'PhotoName': 'IMG_4238.jpeg', 'IsDefault': False, 'AddedDateTime': '2024-07-02T14:51:27.230Z', 'listingId': 4844, 'PhotoUrl': 'https://images.listings.offcampusliving.cornell.edu/listings/4844/IMG_4238.jpeg', 'SortOrder': 8}, {'PhotoId': 36473, 'PhotoName': 'IMG_6928.jpeg', 'IsDefault': False, 'AddedDateTime': '2024-07-02T14:46:24.457Z', 'listingId': 4844, 'PhotoUrl': 'https://images.listings.offcampusliving.cornell.edu/listings/4844/IMG_6928.jpeg', 'SortOrder': 9}, {'PhotoId': 36475, 'PhotoName': 'IMG_6929.jpeg', 'IsDefault': False, 'AddedDateTime': '2024-07-02T14:47:13.153Z', 'listingId': 4844, 'PhotoUrl': 'https://images.listings.offcampusliving.cornell.edu/listings/4844/IMG_6929.jpeg', 'SortOrder': 10}, {'PhotoId': 36472, 'PhotoName': 'IMG_4227.jpeg', 'IsDefault': False, 'AddedDateTime': '2024-07-02T14:45:28.822Z', 'listingId': 4844, 'PhotoUrl': 'https://images.listings.offcampusliving.cornell.edu/listings/4844/IMG_4227.jpeg', 'SortOrder': 11}, {'PhotoId': 36477, 'PhotoName': 'IMG_4224.jpeg', 'IsDefault': False, 'AddedDateTime': '2024-07-02T14:49:03.942Z', 'listingId': 4844, 'PhotoUrl': 'https://images.listings.offcampusliving.cornell.edu/listings/4844/IMG_4224.jpeg', 'SortOrder': 12}, {'PhotoId': 36476, 'PhotoName': 'IMG_6943.jpeg', 'IsDefault': False, 'AddedDateTime': '2024-07-02T14:47:51.652Z', 'listingId': 4844, 'PhotoUrl': 'https://images.listings.offcampusliving.cornell.edu/listings/4844/IMG_6943.jpeg', 'SortOrder': 13}, {'PhotoId': 36478, 'PhotoName': 'IMG_4223.jpeg', 'IsDefault': False, 'AddedDateTime': '2024-07-02T14:49:07.567Z', 'listingId': 4844, 'PhotoUrl': 'https://images.listings.offcampusliving.cornell.edu/listings/4844/IMG_4223.jpeg', 'SortOrder': 14}, {'PhotoId': 36480, 'PhotoName': 'IMG_4229.jpeg', 'IsDefault': False, 'AddedDateTime': '2024-07-02T14:49:12.601Z', 'listingId': 4844, 'PhotoUrl': 'https://images.listings.offcampusliving.cornell.edu/listings/4844/IMG_4229.jpeg', 'SortOrder': 15}, {'PhotoId': 36479, 'PhotoName': 'IMG_4236.jpeg', 'IsDefault': False, 'AddedDateTime': '2024-07-02T14:49:10.615Z', 'listingId': 4844, 'PhotoUrl': 'https://images.listings.offcampusliving.cornell.edu/listings/4844/IMG_4236.jpeg', 'SortOrder': 16}, {'PhotoId': 36481, 'PhotoName': 'IMG_4230.jpeg', 'IsDefault': False, 'AddedDateTime': '2024-07-02T14:49:14.252Z', 'listingId': 4844, 'PhotoUrl': 'https://images.listings.offcampusliving.cornell.edu/listings/4844/IMG_4230.jpeg', 'SortOrder': 17}, {'PhotoId': 36485, 'PhotoName': 'IMG_6915.jpeg', 'IsDefault': False, 'AddedDateTime': '2024-07-02T14:51:30.634Z', 'listingId': 4844, 'PhotoUrl': 'https://images.listings.offcampusliving.cornell.edu/listings/4844/IMG_6915.jpeg', 'SortOrder': 18}, {'PhotoId': 36487, 'PhotoName': 'IMG_4215.jpeg', 'IsDefault': False, 'AddedDateTime': '2024-07-02T14:51:37.360Z', 'listingId': 4844, 'PhotoUrl': 'https://images.listings.offcampusliving.cornell.edu/listings/4844/IMG_4215.jpeg', 'SortOrder': 19}, {'PhotoId': 36486, 'PhotoName': 'IMG_4214.jpeg', 'IsDefault': False, 'AddedDateTime': '2024-07-02T14:51:33.557Z', 'listingId': 4844, 'PhotoUrl': 'https://images.listings.offcampusliving.cornell.edu/listings/4844/IMG_4214.jpeg', 'SortOrder': 20}, {'PhotoId': 36484, 'PhotoName': '31 Janivar Dr Floor Plan.png', 'IsDefault': False, 'AddedDateTime': '2024-07-02T14:51:27.857Z', 'listingId': 4844, 'PhotoUrl': 'https://images.listings.offcampusliving.cornell.edu/listings/4844/31 Janivar Dr Floor Plan.png', 'SortOrder': 21}]",
4845,4101,2024-07-15T00:00:00.000Z,12,316 Fall Creek Drive,,Ithaca,14850,A three-story single-family house located in Cornell Fall Creek neighborhood,"Þ Four furnished private rooms are available for the new semester
Þ Walking distance to Cornell campus through Suspension Bridge
Þ Less than 2 minutes walking distance to Johnson Museum of Art
Þ 12-month lease starts from $750 to $1150 (depending on room location/size and private full bathroom access)
Þ All utilities are included in the rent
Þ Access to washer and dryer
Þ Shared kitchen with two fridges/freezers and commercial cooking stove and washing sink",750,Price Per Person,Yes,"['Electricity Included', 'Electronic Payments Accepted', 'Furnished', 'Heat Included', 'Internet Available', 'Internet Included', 'Kitchen', 'Laundry Facilities', 'Near Bus Route', 'Off-Street Parking Available', 'Off-Street Parking Included', 'Permitted Street Parking Available', 'Water Included']",No Preference,4,3.5,"['Summer Sublet', 'Undergraduate', 'Staff/Faculty', 'Spring Sublet', 'Sabbatic Housing', 'Graduate', 'Fall Sublet', 'Short-Term Housing', 'Commencement']",Room to Rent,42.44855536095034,-76.48415193438673,"{'lat': 42.44855536095034, 'lng': -76.48415193438673}",True,2026-01-06T00:00:00.000Z,True,Yes,2024-07-02T14:50:13.935Z,2024-08-22T21:29:56.907Z,316 FALL CREEK DRIVE,"[{'PhotoId': 36489, 'PhotoName': 'imgp0631_orig.jpg', 'IsDefault': True, 'AddedDateTime': '2024-07-02T14:59:58.905Z', 'listingId': 4845, 'PhotoUrl': 'https://images.listings.offcampusliving.cornell.edu/listings/4845/imgp0631_orig.jpg', 'SortOrder': None}, {'PhotoId': 36490, 'PhotoName': 'imgp0623_orig.jpg', 'IsDefault': False, 'AddedDateTime': '2024-07-02T15:00:10.327Z', 'listingId': 4845, 'PhotoUrl': 'https://images.listings.offcampusliving.cornell.edu/listings/4845/imgp0623_orig.jpg', 'SortOrder': None}, {'PhotoId': 36491, 'PhotoName': 'dining-room_orig.jpg', 'IsDefault': False, 'AddedDateTime': '2024-07-02T15:00:21.239Z', 'listingId': 4845, 'PhotoUrl': 'https://images.listings.offcampusliving.cornell.edu/listings/4845/dining-room_orig.jpg', 'SortOrder': None}, {'PhotoId': 36492, 'PhotoName': 'imgp0626-copy_orig.jpg', 'IsDefault': False, 'AddedDateTime': '2024-07-02T15:00:39.853Z', 'listingId': 4845, 'PhotoUrl': 'https://images.listings.offcampusliving.cornell.edu/listings/4845/imgp0626-copy_orig.jpg', 'SortOrder': None}]","{""BuildingAddress"": ""316 FALL CREEK DRIVE"", ""OverallSafetyRating"": 8, ""CategoryScores"": [{""Fire Protection"": 0}, {""Notification Systems"": 0}, {""Emergency Egress"": 0}, {""Applicable Code"": 0}, {""Fire Extinguishers"": 0}, {""Construction Type"": 0}, {""Valid Certificate of Compliance"": 8}], ""OverallSafetyRatingAsPercentage"": 17, ""CategoryScoresAsPercentage"": [{""Fire Protection"": 0}, {""Notification Systems"": 0}, {""Emergency Egress"": 0}, {""Applicable Code"": 0}, {""Fire Extinguishers"": 0}, {""Construction Type"": 0}, {""Valid Certificate of Compliance"": 100}], ""SprinklerType"": [], ""FireExtinguisherCertificateExpiration"": null, ""NotificationSystem"": [{""subCategory"": ""Single Station Smoke Alarm"", ""notificationType"": ""Single Station Smoke Alarm"", ""notificationSystemCertificateExpiration"": ""2024-11-01""}], ""HasValidCertificateOfOccupancy"": true, ""MeetsMinimumRequirements"": false, ""ExceedsRequirements"": false, ""HasFireResistantConstructionType"": false, ""SatisfiesApplicableCode"": false, ""CertificateExpirationDate"": ""2029-04-24T00:00:00.000Z"", ""DateLastUpdated"": ""2025-07-30T07:01:36.000Z""}"
4857,4111,2025-01-20T00:00:00.000Z,12,609 E State Street,1,Ithaca,14850,Single Room In House,"
Looking for a roommate to fill a room in a 6 bedroom house.
This 3-story, 6 bedroom house was renovated in 2019 with all new stainless steel kitchen appliances, granite counter tops, new bathroom tiling, new vanities, touch screen mirrors, and new light fixture",800,Price Per Person,Yes,"['Furnished', 'Internet Available', 'Kitchen', 'Laundry Facilities', 'Near Bus Route', 'Off-Street Parking Available', 'Permitted Street Parking Available']",No Preference,6,1,"['Summer Sublet', 'Spring Sublet', 'Short-Term Housing']",Room to Rent,42.43921752515239,-76.48955632936246,"{'lat': 42.43921752515239, 'lng': -76.48955632936246}",True,2026-01-20T00:00:00.000Z,True,Yes,2024-07-09T19:29:51.393Z,2025-01-20T02:35:49.358Z,,"[{'PhotoId': 36645, 'PhotoName': 'Screen Shot 2024-07-09 at 2.15.01 PM.png', 'IsDefault': True, 'AddedDateTime': '2024-07-09T19:36:56.863Z', 'listingId': 4857, 'PhotoUrl': 'https://images.listings.offcampusliving.cornell.edu/listings/4857/Screen Shot 2024-07-09 at 2.15.01 PM.png', 'SortOrder': None}, {'PhotoId': 36634, 'PhotoName': 'Screen Shot 2024-07-09 at 2.12.35 PM.png', 'IsDefault': False, 'AddedDateTime': '2024-07-09T19:35:30.924Z', 'listingId': 4857, 'PhotoUrl': 'https://images.listings.offcampusliving.cornell.edu/listings/4857/Screen Shot 2024-07-09 at 2.12.35 PM.png', 'SortOrder': None}, {'PhotoId': 36635, 'PhotoName': 'Screen Shot 2024-07-09 at 2.12.46 PM.png', 'IsDefault': False, 'AddedDateTime': '2024-07-09T19:35:31.689Z', 'listingId': 4857, 'PhotoUrl': 'https://images.listings.offcampusliving.cornell.edu/listings/4857/Screen Shot 2024-07-09 at 2.12.46 PM.png', 'SortOrder': None}, {'PhotoId': 36636, 'PhotoName': 'Screen Shot 2024-07-09 at 2.13.01 PM.png', 'IsDefault': False, 'AddedDateTime': '2024-07-09T19:36:49.726Z', 'listingId': 4857, 'PhotoUrl': 'https://images.listings.offcampusliving.cornell.edu/listings/4857/Screen Shot 2024-07-09 at 2.13.01 PM.png', 'SortOrder': None}, {'PhotoId': 36637, 'PhotoName': 'Screen Shot 2024-07-09 at 2.13.18 PM.png', 'IsDefault': False, 'AddedDateTime': '2024-07-09T19:36:50.825Z', 'listingId': 4857, 'PhotoUrl': 'https://images.listings.offcampusliving.cornell.edu/listings/4857/Screen Shot 2024-07-09 at 2.13.18 PM.png', 'SortOrder': None}, {'PhotoId': 36638, 'PhotoName': 'Screen Shot 2024-07-09 at 2.13.27 PM.png', 'IsDefault': False, 'AddedDateTime': '2024-07-09T19:36:51.635Z', 'listingId': 4857, 'PhotoUrl': 'https://images.listings.offcampusliving.cornell.edu/listings/4857/Screen Shot 2024-07-09 at 2.13.27 PM.png', 'SortOrder': None}, {'PhotoId': 36639, 'PhotoName': 'Screen Shot 2024-07-09 at 2.13.47 PM.png', 'IsDefault': False, 'AddedDateTime': '2024-07-09T19:36:52.515Z', 'listingId': 4857, 'PhotoUrl': 'https://images.listings.offcampusliving.cornell.edu/listings/4857/Screen Shot 2024-07-09 at 2.13.47 PM.png', 'SortOrder': None}, {'PhotoId': 36640, 'PhotoName': 'Screen Shot 2024-07-09 at 2.14.10 PM.png', 'IsDefault': False, 'AddedDateTime': '2024-07-09T19:36:53.210Z', 'listingId': 4857, 'PhotoUrl': 'https://images.listings.offcampusliving.cornell.edu/listings/4857/Screen Shot 2024-07-09 at 2.14.10 PM.png', 'SortOrder': None}, {'PhotoId': 36641, 'PhotoName': 'Screen Shot 2024-07-09 at 2.14.19 PM.png', 'IsDefault': False, 'AddedDateTime': '2024-07-09T19:36:53.778Z', 'listingId': 4857, 'PhotoUrl': 'https://images.listings.offcampusliving.cornell.edu/listings/4857/Screen Shot 2024-07-09 at 2.14.19 PM.png', 'SortOrder': None}, {'PhotoId': 36642, 'PhotoName': 'Screen Shot 2024-07-09 at 2.14.30 PM.png', 'IsDefault': False, 'AddedDateTime': '2024-07-09T19:36:54.573Z', 'listingId': 4857, 'PhotoUrl': 'https://images.listings.offcampusliving.cornell.edu/listings/4857/Screen Shot 2024-07-09 at 2.14.30 PM.png', 'SortOrder': None}, {'PhotoId': 36643, 'PhotoName': 'Screen Shot 2024-07-09 at 2.14.40 PM.png', 'IsDefault': False, 'AddedDateTime': '2024-07-09T19:36:55.170Z', 'listingId': 4857, 'PhotoUrl': 'https://images.listings.offcampusliving.cornell.edu/listings/4857/Screen Shot 2024-07-09 at 2.14.40 PM.png', 'SortOrder': None}, {'PhotoId': 36644, 'PhotoName': 'Screen Shot 2024-07-09 at 2.14.51 PM.png', 'IsDefault': False, 'AddedDateTime': '2024-07-09T19:36:55.857Z', 'listingId': 4857, 'PhotoUrl': 'https://images.listings.offcampusliving.cornell.edu/listings/4857/Screen Shot 2024-07-09 at 2.14.51 PM.png', 'SortOrder': None}, {'PhotoId': 36646, 'PhotoName': 'Screen Shot 2024-07-09 at 2.15.25 PM.png', 'IsDefault': False, 'AddedDateTime': '2024-07-09T19:36:57.404Z', 'listingId': 4857, 'PhotoUrl': 'https://images.listings.offcampusliving.cornell.edu/listings/4857/Screen Shot 2024-07-09 at 2.15.25 PM.png', 'SortOrder': None}, {'PhotoId': 36647, 'PhotoName': 'Screen Shot 2024-07-09 at 2.15.33 PM.png', 'IsDefault': False, 'AddedDateTime': '2024-07-09T19:36:57.784Z', 'listingId': 4857, 'PhotoUrl': 'https://images.listings.offcampusliving.cornell.edu/listings/4857/Screen Shot 2024-07-09 at 2.15.33 PM.png', 'SortOrder': None}]",
4894,4146,2025-01-01T00:00:00.000Z,6,127 Linden Avenue,2,Ithaca,14850,Medium-sized room is conveniently located on the first floor at the back of the house. It is adjacent to the bathroom and directly off the kitchen and back door. ,"This inviting medium-sized room is thoughtfully designed for comfort and convenience. It offers easy access to the bathroom and is directly adjacent to the kitchen, with the added benefit of discreet back door access for coming and going with ease. The room features tan hardwood floors and is equipped with a window unit and brand-new charcoal grey furniture, including a sleek queen-size bed and a matching dresser.",955,Price Per Unit,Yes,"['Air Conditioning', 'Furnished', 'Heat Included', 'Internet Available', 'Kitchen', 'Laundry Facilities', 'Off-Street Parking Available', 'Near Bus Route']",No Preference,1,1,['Spring Sublet'],Room to Rent,42.448870231652,-76.48422372394334,"{'lat': 42.448870231652, 'lng': -76.48422372394334}",True,2026-06-16T00:00:00.000Z,True,Yes,2024-08-18T20:49:31.302Z,2024-10-25T13:44:44.837Z,127 LINDEN AVENUE,"[{'PhotoId': 37153, 'PhotoName': 'IMG-8814-Original.jpg', 'IsDefault': True, 'AddedDateTime': '2024-08-18T20:58:42.915Z', 'listingId': 4894, 'PhotoUrl': 'https://images.listings.offcampusliving.cornell.edu/listings/4894/IMG-8814-Original.jpg', 'SortOrder': None}, {'PhotoId': 37154, 'PhotoName': 'IMG-8810-Original.jpg', 'IsDefault': False, 'AddedDateTime': '2024-08-18T20:58:44.870Z', 'listingId': 4894, 'PhotoUrl': 'https://images.listings.offcampusliving.cornell.edu/listings/4894/IMG-8810-Original.jpg', 'SortOrder': None}, {'PhotoId': 37155, 'PhotoName': 'IMG-8807-Original.jpg', 'IsDefault': False, 'AddedDateTime': '2024-08-18T20:58:47.372Z', 'listingId': 4894, 'PhotoUrl': 'https://images.listings.offcampusliving.cornell.edu/listings/4894/IMG-8807-Original.jpg', 'SortOrder': None}, {'PhotoId': 37156, 'PhotoName': 'IMG-8811-Original.jpg', 'IsDefault': False, 'AddedDateTime': '2024-08-18T20:58:49.445Z', 'listingId': 4894, 'PhotoUrl': 'https://images.listings.offcampusliving.cornell.edu/listings/4894/IMG-8811-Original.jpg', 'SortOrder': None}, {'PhotoId': 37157, 'PhotoName': 'IMG-8815-Original.jpg', 'IsDefault': False, 'AddedDateTime': '2024-08-18T20:58:51.720Z', 'listingId': 4894, 'PhotoUrl': 'https://images.listings.offcampusliving.cornell.edu/listings/4894/IMG-8815-Original.jpg', 'SortOrder': None}]","{""BuildingAddress"": ""127 LINDEN AVENUE"", ""OverallSafetyRating"": 0, ""CategoryScores"": [{""Fire Protection"": 0}, {""Notification Systems"": 0}, {""Emergency Egress"": 0}, {""Applicable Code"": 0}, {""Fire Extinguishers"": 0}, {""Construction Type"": 0}, {""Valid Certificate of Compliance"": 0}], ""OverallSafetyRatingAsPercentage"": 0, ""CategoryScoresAsPercentage"": [{""Fire Protection"": 0}, {""Notification Systems"": 0}, {""Emergency Egress"": 0}, {""Applicable Code"": 0}, {""Fire Extinguishers"": 0}, {""Construction Type"": 0}, {""Valid Certificate of Compliance"": 0}], ""SprinklerType"": [], ""FireExtinguisherCertificateExpiration"": null, ""NotificationSystem"": [{""subCategory"": ""Fire Alarm System"", ""notificationType"": ""Fire Alarm System"", ""notificationSystemCertificateExpiration"": ""2024-08-23""}, {""subCategory"": ""Single Station Smoke Alarm"", ""notificationType"": ""Single Station Smoke Alarm"", ""notificationSystemCertificateExpiration"": ""2023-04-04""}], ""HasValidCertificateOfOccupancy"": false, ""MeetsMinimumRequirements"": false, ""ExceedsRequirements"": false, ""HasFireResistantConstructionType"": false, ""SatisfiesApplicableCode"": false, ""CertificateExpirationDate"": ""2025-04-04T00:00:00.000Z"", ""DateLastUpdated"": ""2025-07-30T07:01:22.000Z""}"
4917,4166,2024-12-23T00:00:00.000Z,7,201 College Avenue,3B - A,Ithaca,14850,Looking for one female to live with one other female.,"Sun-soaked, furnished Collegetown bedroom with amazing views in a 2 bed/1bath duplex apartment (with washer/dryer in unit!).
Asking rent includes everything: utilities, central AC, and Gym in the building.
Willing to rent for partial time and pro-rate.
Please reach out!",1500,Price Per Person,Yes,"['Air Conditioning', 'Furnished', 'Electricity Included', 'Electronic Payments Accepted', 'Heat Included', 'Internet Available', 'Internet Included', 'Kitchen', 'Laundry Facilities', 'Near Bus Route', 'Water Included']",Female,1,1,"['Spring Sublet', 'Graduate', 'Undergraduate', 'Summer Sublet']",Room to Rent,42.43948925576437,-76.48489952645873,"{'lat': 42.43948925576437, 'lng': -76.48489952645873}",True,2026-02-03T00:00:00.000Z,True,Yes,2024-09-10T19:33:45.318Z,2024-11-03T23:52:21.822Z,201 COLLEGE AVENUE,"[{'PhotoId': 37505, 'PhotoName': 'IMG_3303.jpeg', 'IsDefault': True, 'AddedDateTime': '2024-09-10T19:41:20.864Z', 'listingId': 4917, 'PhotoUrl': 'https://images.listings.offcampusliving.cornell.edu/listings/4917/IMG_3303.jpeg', 'SortOrder': None}, {'PhotoId': 37506, 'PhotoName': 'IMG_3298.jpeg', 'IsDefault': False, 'AddedDateTime': '2024-09-10T19:41:21.736Z', 'listingId': 4917, 'PhotoUrl': 'https://images.listings.offcampusliving.cornell.edu/listings/4917/IMG_3298.jpeg', 'SortOrder': None}, {'PhotoId': 37507, 'PhotoName': 'IMG_3296.jpeg', 'IsDefault': False, 'AddedDateTime': '2024-09-10T19:41:22.766Z', 'listingId': 4917, 'PhotoUrl': 'https://images.listings.offcampusliving.cornell.edu/listings/4917/IMG_3296.jpeg', 'SortOrder': None}, {'PhotoId': 37508, 'PhotoName': 'IMG_3295.jpeg', 'IsDefault': False, 'AddedDateTime': '2024-09-10T19:41:23.498Z', 'listingId': 4917, 'PhotoUrl': 'https://images.listings.offcampusliving.cornell.edu/listings/4917/IMG_3295.jpeg', 'SortOrder': None}, {'PhotoId': 37509, 'PhotoName': 'IMG_3294.jpeg', 'IsDefault': False, 'AddedDateTime': '2024-09-10T19:41:24.429Z', 'listingId': 4917, 'PhotoUrl': 'https://images.listings.offcampusliving.cornell.edu/listings/4917/IMG_3294.jpeg', 'SortOrder': None}]","{""BuildingAddress"": ""201 COLLEGE AVENUE"", ""OverallSafetyRating"": 24, ""CategoryScores"": [{""Fire Protection"": 0}, {""Notification Systems"": 2}, {""Emergency Egress"": 0}, {""Applicable Code"": 6}, {""Fire Extinguishers"": 0}, {""Construction Type"": 8}, {""Valid Certificate of Compliance"": 8}], ""OverallSafetyRatingAsPercentage"": 52, ""CategoryScoresAsPercentage"": [{""Fire Protection"": 0}, {""Notification Systems"": 33}, {""Emergency Egress"": 0}, {""Applicable Code"": 100}, {""Fire Extinguishers"": 0}, {""Construction Type"": 66}, {""Valid Certificate of Compliance"": 100}], ""SprinklerType"": [{""sprinklerType"": ""NFPA 13 Sprinkler System"", ""sprinklerCertificateExpiration"": ""2024-09-18""}], ""FireExtinguisherCertificateExpiration"": ""2024-06-12T00:00:00.000Z"", ""NotificationSystem"": [{""subCategory"": ""Fire Alarm System"", ""notificationType"": ""Fire Alarm System"", ""notificationSystemCertificateExpiration"": ""2024-06-12""}, {""subCategory"": ""CO Detector"", ""notificationType"": ""CO Detector"", ""notificationSystemCertificateExpiration"": ""auto""}], ""HasValidCertificateOfOccupancy"": true, ""MeetsMinimumRequirements"": false, ""ExceedsRequirements"": false, ""HasFireResistantConstructionType"": true, ""SatisfiesApplicableCode"": true, ""CertificateExpirationDate"": ""2027-02-05T00:00:00.000Z"", ""DateLastUpdated"": ""2025-07-30T07:01:25.000Z""}"
4984,192,2025-08-13T00:00:00.000Z,10,88 Village Circle,88-T,Ithaca,14850,Jr. 1 bed (500 sq ft) apartment in the Village Solars leases for $1471-$1502/month plus utilities & extras. Electric averages $70/month.,"Free W/D with 1st lease. 50% off August Security deposit! Tours & Virtual Viewings Available! Brand New Units, Never Before Lived-In, Ready to Lease Now!
Sign a Lease Today!

Secure a new rental from the convenience of your current residence via Facetime or Skype!!
The nicest and newest apartments in Ithaca, these Lawrence Fabroni II designs feature passive solar construction built to be the brightest day lit apartments we can possibly create at an affordable price. ",1471,Price Per Unit,Yes,"['Air Conditioning', 'Electronic Payments Accepted', 'Internet Available', 'Kitchen', 'Near Bus Route', 'Off-Street Parking Available']",No Preference,1,1,"['Graduate', 'Sabbatic Housing', 'Short-Term Housing', 'Staff/Faculty', 'Undergraduate']",Rent,42.36791247151956,-76.51083726564926,"{'lat': 42.36791247151956, 'lng': -76.51083726564926}",True,2025-09-05T00:00:00.000Z,True,No,2024-10-31T19:32:00.436Z,2025-08-13T17:26:52.771Z,,"[{'PhotoId': 38092, 'PhotoName': 'J1Bed.jpg', 'IsDefault': True, 'AddedDateTime': '2024-10-31T19:41:01.717Z', 'listingId': 4984, 'PhotoUrl': 'https://images.listings.offcampusliving.cornell.edu/listings/4984/J1Bed.jpg', 'SortOrder': None}]",
4985,192,2025-08-13T00:00:00.000Z,10,88 VILLAGE CIRCLE ,U,Ithac,14850,"Lg. 1 bed (715 sq ft) apartment in the Village Solars leases for $1686- $1717/month 
 plus utilities & extras. Electric averages $70/month. 
","Free washer/dryer with 1st lease. 50% off August Security deposit! Tours & Virtual Viewings Available! Brand New Units, Never Before Lived-In, Ready to Lease Now!
Sign a Lease Today!

Secure a new rental from the convenience of your current residence via Facetime or Skype!!!
The nicest and newest apartments in Ithaca, these Lawrence Fabroni II designs feature passive solar construction built to be the brightest day lit apartments we can possibly create at an affordable price.",1686,Price Per Unit,Yes,"['Air Conditioning', 'Electronic Payments Accepted', 'Internet Available', 'Kitchen', 'Near Bus Route', 'Off-Street Parking Available']",No Preference,1,1,"['Fall Sublet', 'Short-Term Housing', 'Graduate', 'Spring Sublet', 'Staff/Faculty', 'Undergraduate', 'Summer Sublet']",Rent,42.27289996907663,-76.46627100923502,"{'lat': 42.27289996907663, 'lng': -76.46627100923502}",True,2025-09-05T00:00:00.000Z,True,No,2024-10-31T19:47:07.133Z,2025-08-13T17:29:06.571Z,,"[{'PhotoId': 38093, 'PhotoName': 'J1Bed.jpg', 'IsDefault': True, 'AddedDateTime': '2024-10-31T19:49:21.721Z', 'listingId': 4985, 'PhotoUrl': 'https://images.listings.offcampusliving.cornell.edu/listings/4985/J1Bed.jpg', 'SortOrder': None}]",
4986,192,2025-08-18T00:00:00.000Z,10,88 VILLAGE CIRCLE ,K,Ithaca,14850,"Three bedroom apartments in the Village Solars (1185 sq. feet)  lease for $2025-$2065/month 
plus utilities & extras. The heat/AC is electric and averages $130/month.
","Free washer/dryer with 1st lease. 50% off August Security deposit! 2nd full month free. Online Tours & Virtual! Brand New Units, Never Before Lived-In, Ready to Lease Now!
Sign a Lease Today!

Secure a new rental from the convenience of your current residence via Facetime or Skype!
The nicest and newest apartments in Ithaca, these Lawrence Fabroni II designs feature passive solar construction built to be the brightest day lit apartments we can possibly create at an affordable price.",2025,Price Per Unit,Yes,"['Air Conditioning', 'Electronic Payments Accepted', 'Internet Available', 'Kitchen', 'Near Bus Route', 'Off-Street Parking Available', 'Wheelchair Accessible']",No Preference,3,2,"['Fall Sublet', 'Graduate', 'Short-Term Housing', 'Spring Sublet', 'Staff/Faculty', 'Summer Sublet', 'Undergraduate']",Rent,42.36994395803578,-76.5058654319559,"{'lat': 42.36994395803578, 'lng': -76.5058654319559}",True,2025-09-05T00:00:00.000Z,True,No,2024-10-31T19:53:58.359Z,2025-08-18T17:14:15.978Z,,"[{'PhotoId': 38094, 'PhotoName': '3Bed.jpg', 'IsDefault': True, 'AddedDateTime': '2024-10-31T19:55:47.414Z', 'listingId': 4986, 'PhotoUrl': 'https://images.listings.offcampusliving.cornell.edu/listings/4986/3Bed.jpg', 'SortOrder': None}]",
5003,3966,2025-08-25T00:00:00.000Z,10,536 Thurston Avenue,,Ithaca,14850,Intentional Christian Community: Chesterton House offers a unique living experience for residents: single & double rooms for rent near campus for a Christian college experience at Cornell,"*10 month leases* (aligning with the academic calendar)

Pricing is as follows: 
Single Room w private bath: $1,105/month
Double Room: $770/month


An intensive residential college experience for Cornell students with vibrant community life.

Creating spaces where students can grow in their path to Christ through embodied practices while living in community.

Apply today! Email residential@chestertonhouse.org for application or more info.
www.chestertonhouse.org/residences",770,Price Per Person,No,"['Electricity Included', 'Heat Included', 'Internet Included', 'Electronic Payments Accepted', 'Furnished', 'Laundry Facilities', 'Kitchen', 'Water Included', 'Off-Street Parking Available', 'Near Bus Route']",Male,3,2.5,"['Graduate', 'Undergraduate']",Rent,42.44874440601577,-76.48463222095597,"{'lat': 42.44874440601577, 'lng': -76.48463222095597}",True,2025-09-29T00:00:00.000Z,True,Yes,2024-11-06T15:00:05.530Z,2024-11-06T15:50:32.507Z,536 THURSTON AVENUE,"[{'PhotoId': 38180, 'PhotoName': '20241030_090632.jpg', 'IsDefault': True, 'AddedDateTime': '2024-11-06T15:54:24.237Z', 'listingId': 5003, 'PhotoUrl': 'https://images.listings.offcampusliving.cornell.edu/listings/5003/20241030_090632.jpg', 'SortOrder': None}, {'PhotoId': 38181, 'PhotoName': '20241030_090646.jpg', 'IsDefault': False, 'AddedDateTime': '2024-11-06T15:54:49.282Z', 'listingId': 5003, 'PhotoUrl': 'https://images.listings.offcampusliving.cornell.edu/listings/5003/20241030_090646.jpg', 'SortOrder': None}]","{""BuildingAddress"": ""536 THURSTON AVENUE"", ""OverallSafetyRating"": 8, ""CategoryScores"": [{""Fire Protection"": 0}, {""Notification Systems"": 0}, {""Emergency Egress"": 0}, {""Applicable Code"": 0}, {""Fire Extinguishers"": 0}, {""Construction Type"": 0}, {""Valid Certificate of Compliance"": 8}], ""OverallSafetyRatingAsPercentage"": 17, ""CategoryScoresAsPercentage"": [{""Fire Protection"": 0}, {""Notification Systems"": 0}, {""Emergency Egress"": 0}, {""Applicable Code"": 0}, {""Fire Extinguishers"": 0}, {""Construction Type"": 0}, {""Valid Certificate of Compliance"": 100}], ""SprinklerType"": [{""sprinklerType"": ""NFPA 13 Sprinkler System"", ""sprinklerCertificateExpiration"": ""2024-12-28""}], ""FireExtinguisherCertificateExpiration"": ""2025-01-01T00:00:00.000Z"", ""NotificationSystem"": [{""subCategory"": ""Fire Alarm System"", ""notificationType"": ""Fire Alarm System"", ""notificationSystemCertificateExpiration"": ""2024-10-24""}], ""HasValidCertificateOfOccupancy"": true, ""MeetsMinimumRequirements"": true, ""ExceedsRequirements"": false, ""HasFireResistantConstructionType"": false, ""SatisfiesApplicableCode"": false, ""CertificateExpirationDate"": ""2027-06-06T00:00:00.000Z"", ""DateLastUpdated"": ""2025-07-30T07:01:48.000Z""}"
5009,192,2025-08-18T00:00:00.000Z,10,26 Village Place,C,Ithaca,14850,2 bed Village Solars(935 sq. feet) leases for $1817/month plus utilities & extras. The heat/AC is electric and averages $120/month. ,"50% off August Security deposit! Free washer/dryer with first lease, 2nd full month free! Online Tours & Virtual! Brand New Units, Ready to Lease Now! Sign a Lease Today! Secure a new rental from the convenience of your current residence via Facetime or Skype!!! The nicest and newest apartments in Ithaca, these Lawrence Fabroni II designs feature passive solar construction built to be the brightest day lit apartments we can possibly create at an affordable price.",1817,Price Per Unit,Yes,"['Air Conditioning', 'Electronic Payments Accepted', 'Internet Available', 'Kitchen', 'Near Bus Route', 'Off-Street Parking Available', 'Wheelchair Accessible']",No Preference,2,2,"['Fall Sublet', 'Graduate', 'Short-Term Housing', 'Spring Sublet', 'Sabbatic Housing', 'Staff/Faculty', 'Summer Sublet', 'Undergraduate']",Rent,42.44932691439131,-76.48386933565473,"{'lat': 42.44932691439131, 'lng': -76.48386933565473}",True,2025-09-30T00:00:00.000Z,True,No,2024-11-11T15:08:08.344Z,2025-08-18T17:19:45.728Z,,"[{'PhotoId': 38241, 'PhotoName': '2bedVS.jpg', 'IsDefault': True, 'AddedDateTime': '2024-11-11T15:09:48.526Z', 'listingId': 5009, 'PhotoUrl': 'https://images.listings.offcampusliving.cornell.edu/listings/5009/2bedVS.jpg', 'SortOrder': None}]",
5085,4140,2025-08-22T00:00:00.000Z,12,1315 Hanshaw Rd,B,ITHACA,14850,North East :Large basement furnished apartment (740 SF)-,"Private entrance and off-street parking. Washer and dryer included. Convenient to Cornell and shopping. On bus routes. Perfect for grad or research students. No pets or smokers. 
",1300,Price Per Unit,No,"['Furnished', 'Heat Included', 'Kitchen', 'Laundry Facilities', 'Off-Street Parking Included', 'Water Included', 'Near Bus Route']",No Preference,1,1,"['Graduate', 'Staff/Faculty', 'Fall Sublet']",Share,42.46700935413693,-76.46296467854592,"{'lat': 42.46700935413693, 'lng': -76.46296467854592}",True,2025-09-21T00:00:00.000Z,True,No,2024-12-19T19:15:33.637Z,2025-08-22T20:30:25.647Z,,"[{'PhotoId': 38619, 'PhotoName': 'AF046BAB-6256-4B35-AD96-AE7A2BC7F740_1_105_c.jpeg', 'IsDefault': True, 'AddedDateTime': '2024-12-19T19:33:12.502Z', 'listingId': 5085, 'PhotoUrl': 'https://images.listings.offcampusliving.cornell.edu/listings/5085/AF046BAB-6256-4B35-AD96-AE7A2BC7F740_1_105_c.jpeg', 'SortOrder': None}, {'PhotoId': 38620, 'PhotoName': 'C4254825-E4DD-415F-97C0-C40AF357EFD3_1_105_c.jpeg', 'IsDefault': False, 'AddedDateTime': '2024-12-19T19:33:13.138Z', 'listingId': 5085, 'PhotoUrl': 'https://images.listings.offcampusliving.cornell.edu/listings/5085/C4254825-E4DD-415F-97C0-C40AF357EFD3_1_105_c.jpeg', 'SortOrder': None}, {'PhotoId': 38622, 'PhotoName': '6B4153EE-9827-463B-913E-961E1A220F82_1_105_c.jpeg', 'IsDefault': False, 'AddedDateTime': '2024-12-19T19:33:14.207Z', 'listingId': 5085, 'PhotoUrl': 'https://images.listings.offcampusliving.cornell.edu/listings/5085/6B4153EE-9827-463B-913E-961E1A220F82_1_105_c.jpeg', 'SortOrder': None}, {'PhotoId': 38623, 'PhotoName': 'IMG_3858 2.jpeg', 'IsDefault': False, 'AddedDateTime': '2024-12-19T19:47:52.449Z', 'listingId': 5085, 'PhotoUrl': 'https://images.listings.offcampusliving.cornell.edu/listings/5085/IMG_3858 2.jpeg', 'SortOrder': None}, {'PhotoId': 38624, 'PhotoName': 'IMG_3860.jpeg', 'IsDefault': False, 'AddedDateTime': '2024-12-19T19:48:23.538Z', 'listingId': 5085, 'PhotoUrl': 'https://images.listings.offcampusliving.cornell.edu/listings/5085/IMG_3860.jpeg', 'SortOrder': None}]",
5089,4300,2026-01-01T00:00:00.000Z,12,137 Coddington Road,Lower unit,Ithaca,14850,"Available for Spring 2026
Includes utilities and internet, with a small electricity charge. Furnished, shared kitchen and living room with students. Pets allowed with deposit.","Available for Spring 2026
It’s just a quick 5-minute drive to Cornell and conveniently located near the bus stop. Rent included utilities, internet, and trash collection—just a small electricity charge applies. Pets are warmly welcomed with a deposit! Features furnished bedrooms, a spacious kitchen, a large living room, and a lovely backyard. You’ll share the space with fellow students, creating a friendly atmosphere. Plus, free street parking is available!",630,Price Per Person,Yes,"['Electronic Payments Accepted', 'Furnished', 'Heat Included', 'Internet Included', 'Kitchen', 'Near Bus Route', 'Off-Street Parking Available', 'Water Included', 'Wheelchair Accessible', 'Air Conditioning', 'Off-Street Parking Included', 'Internet Available', 'Permitted Street Parking Available']",No Preference,3,1,"['Spring Sublet', 'Short-Term Housing', 'Summer Sublet', 'Undergraduate', 'Graduate', 'Sabbatic Housing', 'Staff/Faculty', 'Commencement', 'Fall Sublet']",Room to Rent,42.4299694011364,-76.49355612856169,"{'lat': 42.4299694011364, 'lng': -76.49355612856169}",True,2028-12-22T00:00:00.000Z,True,Yes,2024-12-22T22:56:45.309Z,2025-07-16T21:00:19.922Z,137 CODDINGTON ROAD,"[{'PhotoId': 38661, 'PhotoName': '462579682_563870149802048_124511597434228775_n.jpg', 'IsDefault': True, 'AddedDateTime': '2024-12-22T23:03:32.141Z', 'listingId': 5089, 'PhotoUrl': 'https://images.listings.offcampusliving.cornell.edu/listings/5089/462579682_563870149802048_124511597434228775_n.jpg', 'SortOrder': None}, {'PhotoId': 38660, 'PhotoName': '462579210_1603986817144107_7704263733648424163_n.jpg', 'IsDefault': False, 'AddedDateTime': '2024-12-22T23:03:31.753Z', 'listingId': 5089, 'PhotoUrl': 'https://images.listings.offcampusliving.cornell.edu/listings/5089/462579210_1603986817144107_7704263733648424163_n.jpg', 'SortOrder': None}, {'PhotoId': 38662, 'PhotoName': '462547081_1344017343428022_7474626383016826516_n.jpg', 'IsDefault': False, 'AddedDateTime': '2024-12-22T23:03:32.358Z', 'listingId': 5089, 'PhotoUrl': 'https://images.listings.offcampusliving.cornell.edu/listings/5089/462547081_1344017343428022_7474626383016826516_n.jpg', 'SortOrder': None}, {'PhotoId': 38663, 'PhotoName': '462574385_939271134427100_4010801170698732076_n.jpg', 'IsDefault': False, 'AddedDateTime': '2024-12-22T23:03:32.634Z', 'listingId': 5089, 'PhotoUrl': 'https://images.listings.offcampusliving.cornell.edu/listings/5089/462574385_939271134427100_4010801170698732076_n.jpg', 'SortOrder': None}, {'PhotoId': 38664, 'PhotoName': '462581481_8913937388700648_39887019081282366_n.jpg', 'IsDefault': False, 'AddedDateTime': '2024-12-22T23:03:32.892Z', 'listingId': 5089, 'PhotoUrl': 'https://images.listings.offcampusliving.cornell.edu/listings/5089/462581481_8913937388700648_39887019081282366_n.jpg', 'SortOrder': None}, {'PhotoId': 38665, 'PhotoName': '462583232_1297044128212242_1952780764745556797_n.jpg', 'IsDefault': False, 'AddedDateTime': '2024-12-22T23:03:33.303Z', 'listingId': 5089, 'PhotoUrl': 'https://images.listings.offcampusliving.cornell.edu/listings/5089/462583232_1297044128212242_1952780764745556797_n.jpg', 'SortOrder': None}, {'PhotoId': 40368, 'PhotoName': 'IMG_0814.jpeg', 'IsDefault': False, 'AddedDateTime': '2025-04-20T03:37:00.038Z', 'listingId': 5089, 'PhotoUrl': 'https://images.listings.offcampusliving.cornell.edu/listings/5089/IMG_0814.jpeg', 'SortOrder': None}, {'PhotoId': 41507, 'PhotoName': '137 Layout.jpg', 'IsDefault': False, 'AddedDateTime': '2025-06-12T04:29:39.440Z', 'listingId': 5089, 'PhotoUrl': 'https://images.listings.offcampusliving.cornell.edu/listings/5089/137 Layout.jpg', 'SortOrder': None}]","{""BuildingAddress"": ""137 CODDINGTON ROAD"", ""OverallSafetyRating"": 11, ""CategoryScores"": [{""Fire Protection"": 0}, {""Notification Systems"": 3}, {""Emergency Egress"": 0}, {""Applicable Code"": 0}, {""Fire Extinguishers"": 0}, {""Construction Type"": 0}, {""Valid Certificate of Compliance"": 8}], ""OverallSafetyRatingAsPercentage"": 23, ""CategoryScoresAsPercentage"": [{""Fire Protection"": 0}, {""Notification Systems"": 50}, {""Emergency Egress"": 0}, {""Applicable Code"": 0}, {""Fire Extinguishers"": 0}, {""Construction Type"": 0}, {""Valid Certificate of Compliance"": 100}], ""SprinklerType"": [], ""FireExtinguisherCertificateExpiration"": ""2024-12-31T00:00:00.000Z"", ""NotificationSystem"": [{""subCategory"": ""Single Station Smoke Alarm"", ""notificationType"": ""Single Station Smoke Alarm"", ""notificationSystemCertificateExpiration"": ""2025-10-24""}, {""subCategory"": ""CO Detector"", ""notificationType"": ""CO Detector"", ""notificationSystemCertificateExpiration"": ""2025-10-07""}], ""HasValidCertificateOfOccupancy"": true, ""MeetsMinimumRequirements"": true, ""ExceedsRequirements"": false, ""HasFireResistantConstructionType"": false, ""SatisfiesApplicableCode"": false, ""CertificateExpirationDate"": ""2029-11-07T00:00:00.000Z"", ""DateLastUpdated"": ""2025-07-30T07:01:23.000Z""}"
5107,4317,2025-09-01T00:00:00.000Z,12,350 Thomas Rd,,Ithaca,14850,Charming 3-bedroom home on 7 acres in Ellis Hollow,"Available now.
On 7 acres of forest close to Cornell and East Hill Plaza.
3 bedrooms plus office/bonus room. One bedroom is on the main floor with attached bathroom. Kitchen, bathroom and laundry were recently renovated. Kitchen includes quartz countertops, a 30"" sink, Bosch dishwasher, and large bay window. A propane furnace heats the home, but there's also a Jotul wood stove on granite hearth. Property includes a carport, fenced in area, barn.
Utilities not included. $2500 security deposit.",2500,Price Per Unit,Yes,"['Internet Available', 'Kitchen', 'Laundry Facilities', 'Off-Street Parking Included', 'Water Included']",No Preference,3,2,"['Staff/Faculty', 'Sabbatic Housing', 'Graduate']",Rent,42.41777690108334,-76.3833034513853,"{'lat': 42.41777690108334, 'lng': -76.3833034513853}",True,2025-09-06T00:00:00.000Z,True,No,2025-01-16T16:35:17.728Z,2025-08-06T14:35:19.287Z,,"[{'PhotoId': 38834, 'PhotoName': 'PXL_20250106_174332439.jpeg', 'IsDefault': True, 'AddedDateTime': '2025-01-16T16:41:21.477Z', 'listingId': 5107, 'PhotoUrl': 'https://images.listings.offcampusliving.cornell.edu/listings/5107/PXL_20250106_174332439.jpeg', 'SortOrder': 1}, {'PhotoId': 38835, 'PhotoName': 'PXL_20250106_174436672.jpeg', 'IsDefault': False, 'AddedDateTime': '2025-01-16T16:41:22.417Z', 'listingId': 5107, 'PhotoUrl': 'https://images.listings.offcampusliving.cornell.edu/listings/5107/PXL_20250106_174436672.jpeg', 'SortOrder': 2}, {'PhotoId': 38840, 'PhotoName': 'PXL_20250106_180420610.jpeg', 'IsDefault': False, 'AddedDateTime': '2025-01-16T16:41:27.528Z', 'listingId': 5107, 'PhotoUrl': 'https://images.listings.offcampusliving.cornell.edu/listings/5107/PXL_20250106_180420610.jpeg', 'SortOrder': 3}, {'PhotoId': 38836, 'PhotoName': 'PXL_20250106_174559937.jpeg', 'IsDefault': False, 'AddedDateTime': '2025-01-16T16:41:23.281Z', 'listingId': 5107, 'PhotoUrl': 'https://images.listings.offcampusliving.cornell.edu/listings/5107/PXL_20250106_174559937.jpeg', 'SortOrder': 4}, {'PhotoId': 38837, 'PhotoName': 'PXL_20250106_174709473.jpeg', 'IsDefault': False, 'AddedDateTime': '2025-01-16T16:41:23.913Z', 'listingId': 5107, 'PhotoUrl': 'https://images.listings.offcampusliving.cornell.edu/listings/5107/PXL_20250106_174709473.jpeg', 'SortOrder': 5}, {'PhotoId': 38838, 'PhotoName': 'PXL_20250106_174911273.jpeg', 'IsDefault': False, 'AddedDateTime': '2025-01-16T16:41:25.017Z', 'listingId': 5107, 'PhotoUrl': 'https://images.listings.offcampusliving.cornell.edu/listings/5107/PXL_20250106_174911273.jpeg', 'SortOrder': 6}, {'PhotoId': 38839, 'PhotoName': 'PXL_20250106_174934723.jpeg', 'IsDefault': False, 'AddedDateTime': '2025-01-16T16:41:26.263Z', 'listingId': 5107, 'PhotoUrl': 'https://images.listings.offcampusliving.cornell.edu/listings/5107/PXL_20250106_174934723.jpeg', 'SortOrder': 7}, {'PhotoId': 38831, 'PhotoName': 'PXL_20250106_173729083.jpeg', 'IsDefault': False, 'AddedDateTime': '2025-01-16T16:39:55.026Z', 'listingId': 5107, 'PhotoUrl': 'https://images.listings.offcampusliving.cornell.edu/listings/5107/PXL_20250106_173729083.jpeg', 'SortOrder': 8}, {'PhotoId': 38833, 'PhotoName': 'PXL_20250106_174108974.jpeg', 'IsDefault': False, 'AddedDateTime': '2025-01-16T16:41:20.514Z', 'listingId': 5107, 'PhotoUrl': 'https://images.listings.offcampusliving.cornell.edu/listings/5107/PXL_20250106_174108974.jpeg', 'SortOrder': 9}, {'PhotoId': 38832, 'PhotoName': 'PXL_20250106_173857827.jpeg', 'IsDefault': False, 'AddedDateTime': '2025-01-16T16:41:19.559Z', 'listingId': 5107, 'PhotoUrl': 'https://images.listings.offcampusliving.cornell.edu/listings/5107/PXL_20250106_173857827.jpeg', 'SortOrder': 10}, {'PhotoId': 38841, 'PhotoName': 'PXL_20250106_180926625.jpeg', 'IsDefault': False, 'AddedDateTime': '2025-01-16T16:41:29.177Z', 'listingId': 5107, 'PhotoUrl': 'https://images.listings.offcampusliving.cornell.edu/listings/5107/PXL_20250106_180926625.jpeg', 'SortOrder': 11}, {'PhotoId': 38842, 'PhotoName': 'PXL_20250106_181243184.jpeg', 'IsDefault': False, 'AddedDateTime': '2025-01-16T16:41:33.025Z', 'listingId': 5107, 'PhotoUrl': 'https://images.listings.offcampusliving.cornell.edu/listings/5107/PXL_20250106_181243184.jpeg', 'SortOrder': 12}, {'PhotoId': 38843, 'PhotoName': 'PXL_20250106_181311675.jpeg', 'IsDefault': False, 'AddedDateTime': '2025-01-16T16:41:35.796Z', 'listingId': 5107, 'PhotoUrl': 'https://images.listings.offcampusliving.cornell.edu/listings/5107/PXL_20250106_181311675.jpeg', 'SortOrder': 13}, {'PhotoId': 38844, 'PhotoName': 'PXL_20250106_181320506.jpeg', 'IsDefault': False, 'AddedDateTime': '2025-01-16T16:41:39.156Z', 'listingId': 5107, 'PhotoUrl': 'https://images.listings.offcampusliving.cornell.edu/listings/5107/PXL_20250106_181320506.jpeg', 'SortOrder': 14}, {'PhotoId': 38845, 'PhotoName': 'PXL_20250106_181411844.jpeg', 'IsDefault': False, 'AddedDateTime': '2025-01-16T16:41:42.858Z', 'listingId': 5107, 'PhotoUrl': 'https://images.listings.offcampusliving.cornell.edu/listings/5107/PXL_20250106_181411844.jpeg', 'SortOrder': 15}, {'PhotoId': 38846, 'PhotoName': 'PXL_20250106_181510657.jpeg', 'IsDefault': False, 'AddedDateTime': '2025-01-16T16:41:45.734Z', 'listingId': 5107, 'PhotoUrl': 'https://images.listings.offcampusliving.cornell.edu/listings/5107/PXL_20250106_181510657.jpeg', 'SortOrder': 16}]",
5119,4325,2025-08-10T00:00:00.000Z,6,118 College Avenue,401,Ithaca,14850,"Fall 2025 Sublet - $1300/month
Single Bedroom in a 6 Bedroom 2 Bathroom Unit
118 College Avenue Unit 401 (Collegetown)","Hi, I'm looking for someone to sublease my room in a 6 bedroom 2 bathroom apartment in Collegetown for Fall 2025 Semester with 5 upperclassmen male housemates.

- Utilities Included (electricity/gas/water/wifi)
- Fully Furnished (including 2 living room couches and TV, full size bed, desk, chair, and drawers)
- Washer/Dryer in Unit 
- Spacious Well-Lit Living Room
- Modern Kitchen (with a dishwasher)
- Private Balcony
- Street Parking or Paid Lot Parking

Contact me for more information!",1300,Price Per Person,Yes,"['Off-Street Parking Available', 'Air Conditioning', 'Electricity Included', 'Electronic Payments Accepted', 'Furnished', 'Heat Included', 'Internet Included', 'Kitchen', 'Laundry Facilities', 'Permitted Street Parking Available', 'Near Bus Route']",Male,6,2,"['Undergraduate', 'Fall Sublet']",Room to Rent,42.43859941413149,-76.48530185781097,"{'lat': 42.43859941413149, 'lng': -76.48530185781097}",True,2025-10-29T00:00:00.000Z,True,Yes,2025-01-29T05:59:52.992Z,2025-01-29T06:03:47.807Z,118 COLLEGE AVENUE,"[{'PhotoId': 39016, 'PhotoName': 'Screenshot 2025-01-29 at 1.08.11â\x80¯AM.png', 'IsDefault': True, 'AddedDateTime': '2025-01-29T06:13:10.778Z', 'listingId': 5119, 'PhotoUrl': 'https://images.listings.offcampusliving.cornell.edu/listings/5119/Screenshot 2025-01-29 at 1.08.11â\x80¯AM.png', 'SortOrder': None}, {'PhotoId': 39017, 'PhotoName': 'Screenshot 2025-01-29 at 1.08.30â\x80¯AM.png', 'IsDefault': False, 'AddedDateTime': '2025-01-29T06:13:11.717Z', 'listingId': 5119, 'PhotoUrl': 'https://images.listings.offcampusliving.cornell.edu/listings/5119/Screenshot 2025-01-29 at 1.08.30â\x80¯AM.png', 'SortOrder': None}, {'PhotoId': 39018, 'PhotoName': 'Screenshot 2025-01-29 at 1.08.59â\x80¯AM.png', 'IsDefault': False, 'AddedDateTime': '2025-01-29T06:13:12.352Z', 'listingId': 5119, 'PhotoUrl': 'https://images.listings.offcampusliving.cornell.edu/listings/5119/Screenshot 2025-01-29 at 1.08.59â\x80¯AM.png', 'SortOrder': None}, {'PhotoId': 39019, 'PhotoName': 'Screenshot 2025-01-29 at 1.09.19â\x80¯AM.png', 'IsDefault': False, 'AddedDateTime': '2025-01-29T06:13:13.370Z', 'listingId': 5119, 'PhotoUrl': 'https://images.listings.offcampusliving.cornell.edu/listings/5119/Screenshot 2025-01-29 at 1.09.19â\x80¯AM.png', 'SortOrder': None}, {'PhotoId': 39020, 'PhotoName': 'Screenshot 2025-01-29 at 1.08.41â\x80¯AM.png', 'IsDefault': False, 'AddedDateTime': '2025-01-29T06:13:14.343Z', 'listingId': 5119, 'PhotoUrl': 'https://images.listings.offcampusliving.cornell.edu/listings/5119/Screenshot 2025-01-29 at 1.08.41â\x80¯AM.png', 'SortOrder': None}, {'PhotoId': 39021, 'PhotoName': 'Screenshot 2025-01-29 at 1.09.09â\x80¯AM.png', 'IsDefault': False, 'AddedDateTime': '2025-01-29T06:13:15.377Z', 'listingId': 5119, 'PhotoUrl': 'https://images.listings.offcampusliving.cornell.edu/listings/5119/Screenshot 2025-01-29 at 1.09.09â\x80¯AM.png', 'SortOrder': None}, {'PhotoId': 39022, 'PhotoName': 'Screenshot 2025-01-29 at 1.09.28â\x80¯AM.png', 'IsDefault': False, 'AddedDateTime': '2025-01-29T06:13:16.525Z', 'listingId': 5119, 'PhotoUrl': 'https://images.listings.offcampusliving.cornell.edu/listings/5119/Screenshot 2025-01-29 at 1.09.28â\x80¯AM.png', 'SortOrder': None}, {'PhotoId': 39023, 'PhotoName': 'Screenshot 2025-01-29 at 1.10.31â\x80¯AM.png', 'IsDefault': False, 'AddedDateTime': '2025-01-29T06:13:17.106Z', 'listingId': 5119, 'PhotoUrl': 'https://images.listings.offcampusliving.cornell.edu/listings/5119/Screenshot 2025-01-29 at 1.10.31â\x80¯AM.png', 'SortOrder': None}]","{""BuildingAddress"": ""118 COLLEGE AVENUE"", ""OverallSafetyRating"": 16, ""CategoryScores"": [{""Fire Protection"": 0}, {""Notification Systems"": 2}, {""Emergency Egress"": 0}, {""Applicable Code"": 6}, {""Fire Extinguishers"": 0}, {""Construction Type"": 0}, {""Valid Certificate of Compliance"": 8}], ""OverallSafetyRatingAsPercentage"": 34, ""CategoryScoresAsPercentage"": [{""Fire Protection"": 0}, {""Notification Systems"": 33}, {""Emergency Egress"": 0}, {""Applicable Code"": 100}, {""Fire Extinguishers"": 0}, {""Construction Type"": 0}, {""Valid Certificate of Compliance"": 100}], ""SprinklerType"": [{""sprinklerType"": ""NFPA 13 Sprinkler System"", ""sprinklerCertificateExpiration"": ""2024-02-19""}], ""FireExtinguisherCertificateExpiration"": ""2024-08-10T00:00:00.000Z"", ""NotificationSystem"": [{""subCategory"": ""Fire Alarm System"", ""notificationType"": ""Fire Alarm System"", ""notificationSystemCertificateExpiration"": ""2024-08-10""}, {""subCategory"": ""CO Detector"", ""notificationType"": ""CO Detector"", ""notificationSystemCertificateExpiration"": ""auto""}], ""HasValidCertificateOfOccupancy"": true, ""MeetsMinimumRequirements"": false, ""ExceedsRequirements"": false, ""HasFireResistantConstructionType"": false, ""SatisfiesApplicableCode"": true, ""CertificateExpirationDate"": ""2027-01-11T00:00:00.000Z"", ""DateLastUpdated"": ""2025-07-30T07:01:20.000Z""}"
5122,4324,2025-09-01T00:00:00.000Z,12,1053 Danby RD,1053 #1,Ithaca,14850,"FOR RENT Super Energy Efficient-Passive Solar Contemporary Designed 4 Bedroom, 1.5 bath Townhouse with Washer and Dryer in Townhouse. All appliances are General Electic.","4 bedrooms, a solar green house with trombe-wall, 6"" thick concrete slab, ventilating skylights, thermal insulated glass. Ext. construction is 2x10 walls for low cost heating, Party walls are framed for a two-hour fire rating. Insulated exterior walls (R30) and attic (R60)Thermal pane windows. Double-entry airlock foyer off concrete landing.  Kitchen has working breakfast bar. French doors, private patio. Waterford cast iron wood stove burning fireplace. Landlord/Owneris a NYSE-licensed Broker.",1700,Price Per Unit,Yes,"['Electronic Payments Accepted', 'Internet Available', 'Kitchen', 'Off-Street Parking Available', 'Near Bus Route', 'Off-Street Parking Included']",No Preference,4,1.5,"['Graduate', 'Staff/Faculty', 'Undergraduate']",Rent,42.4493195018152,-76.48475537293189,"{'lat': 42.4493195018152, 'lng': -76.48475537293189}",True,2025-09-03T00:00:00.000Z,True,No,2025-02-01T01:26:23.717Z,2025-08-30T18:03:59.409Z,,"[{'PhotoId': 41151, 'PhotoName': 'IST 2 NEW 8.10.18 (24).JPG', 'IsDefault': True, 'AddedDateTime': '2025-05-24T15:10:31.710Z', 'listingId': 5122, 'PhotoUrl': 'https://images.listings.offcampusliving.cornell.edu/listings/5122/IST 2 NEW 8.10.18 (24).JPG', 'SortOrder': 4}, {'PhotoId': 41877, 'PhotoName': 'IMG_2721.jpg', 'IsDefault': False, 'AddedDateTime': '2025-07-08T19:15:20.493Z', 'listingId': 5122, 'PhotoUrl': 'https://images.listings.offcampusliving.cornell.edu/listings/5122/IMG_2721.jpg', 'SortOrder': 1}, {'PhotoId': 41878, 'PhotoName': '0.jpeg', 'IsDefault': False, 'AddedDateTime': '2025-07-08T19:15:20.729Z', 'listingId': 5122, 'PhotoUrl': 'https://images.listings.offcampusliving.cornell.edu/listings/5122/0.jpeg', 'SortOrder': 2}, {'PhotoId': 41159, 'PhotoName': 'IMG_0461.jpeg', 'IsDefault': False, 'AddedDateTime': '2025-05-24T15:15:33.235Z', 'listingId': 5122, 'PhotoUrl': 'https://images.listings.offcampusliving.cornell.edu/listings/5122/IMG_0461.jpeg', 'SortOrder': 3}, {'PhotoId': 41876, 'PhotoName': 'IMG_2690.jpg', 'IsDefault': False, 'AddedDateTime': '2025-07-08T19:15:20.169Z', 'listingId': 5122, 'PhotoUrl': 'https://images.listings.offcampusliving.cornell.edu/listings/5122/IMG_2690.jpg', 'SortOrder': 5}, {'PhotoId': 41149, 'PhotoName': 'medium.jpg', 'IsDefault': False, 'AddedDateTime': '2025-05-24T15:09:46.565Z', 'listingId': 5122, 'PhotoUrl': 'https://images.listings.offcampusliving.cornell.edu/listings/5122/medium.jpg', 'SortOrder': 6}, {'PhotoId': 41148, 'PhotoName': 'IMG_0419.jpeg', 'IsDefault': False, 'AddedDateTime': '2025-05-24T15:09:35.337Z', 'listingId': 5122, 'PhotoUrl': 'https://images.listings.offcampusliving.cornell.edu/listings/5122/IMG_0419.jpeg', 'SortOrder': 8}, {'PhotoId': 41161, 'PhotoName': 'IMG_0442.jpeg', 'IsDefault': False, 'AddedDateTime': '2025-05-24T15:16:32.537Z', 'listingId': 5122, 'PhotoUrl': 'https://images.listings.offcampusliving.cornell.edu/listings/5122/IMG_0442.jpeg', 'SortOrder': 9}, {'PhotoId': 41153, 'PhotoName': 'IMG_0437.jpeg', 'IsDefault': False, 'AddedDateTime': '2025-05-24T15:13:28.584Z', 'listingId': 5122, 'PhotoUrl': 'https://images.listings.offcampusliving.cornell.edu/listings/5122/IMG_0437.jpeg', 'SortOrder': 10}, {'PhotoId': 41155, 'PhotoName': 'IMG_0443.jpeg', 'IsDefault': False, 'AddedDateTime': '2025-05-24T15:14:15.439Z', 'listingId': 5122, 'PhotoUrl': 'https://images.listings.offcampusliving.cornell.edu/listings/5122/IMG_0443.jpeg', 'SortOrder': 11}, {'PhotoId': 41160, 'PhotoName': 'IMG_0439.jpeg', 'IsDefault': False, 'AddedDateTime': '2025-05-24T15:16:09.499Z', 'listingId': 5122, 'PhotoUrl': 'https://images.listings.offcampusliving.cornell.edu/listings/5122/IMG_0439.jpeg', 'SortOrder': 12}, {'PhotoId': 41156, 'PhotoName': 'IMG_1917.jpg', 'IsDefault': False, 'AddedDateTime': '2025-05-24T15:14:30.959Z', 'listingId': 5122, 'PhotoUrl': 'https://images.listings.offcampusliving.cornell.edu/listings/5122/IMG_1917.jpg', 'SortOrder': 13}, {'PhotoId': 39051, 'PhotoName': '1053 kit up close stove window0403.jpg', 'IsDefault': False, 'AddedDateTime': '2025-02-01T01:40:22.580Z', 'listingId': 5122, 'PhotoUrl': 'https://images.listings.offcampusliving.cornell.edu/listings/5122/1053 kit up close stove window0403.jpg', 'SortOrder': 14}, {'PhotoId': 39056, 'PhotoName': '1053 KITCHEN stove  mic window0386.jpg', 'IsDefault': False, 'AddedDateTime': '2025-02-01T01:41:58.250Z', 'listingId': 5122, 'PhotoUrl': 'https://images.listings.offcampusliving.cornell.edu/listings/5122/1053 KITCHEN stove  mic window0386.jpg', 'SortOrder': 15}, {'PhotoId': 41144, 'PhotoName': 'IMG_0390 2.jpeg', 'IsDefault': False, 'AddedDateTime': '2025-05-24T15:08:26.059Z', 'listingId': 5122, 'PhotoUrl': 'https://images.listings.offcampusliving.cornell.edu/listings/5122/IMG_0390 2.jpeg', 'SortOrder': 16}, {'PhotoId': 39052, 'PhotoName': '1053 KIT Half view stove counters sink 0394.jpg', 'IsDefault': False, 'AddedDateTime': '2025-02-01T01:40:53.182Z', 'listingId': 5122, 'PhotoUrl': 'https://images.listings.offcampusliving.cornell.edu/listings/5122/1053 KIT Half view stove counters sink 0394.jpg', 'SortOrder': 17}, {'PhotoId': 41145, 'PhotoName': 'IMG_0395.jpeg', 'IsDefault': False, 'AddedDateTime': '2025-05-24T15:08:30.181Z', 'listingId': 5122, 'PhotoUrl': 'https://images.listings.offcampusliving.cornell.edu/listings/5122/IMG_0395.jpeg', 'SortOrder': 18}, {'PhotoId': 41154, 'PhotoName': 'IMG_0438.jpeg', 'IsDefault': False, 'AddedDateTime': '2025-05-24T15:13:48.360Z', 'listingId': 5122, 'PhotoUrl': 'https://images.listings.offcampusliving.cornell.edu/listings/5122/IMG_0438.jpeg', 'SortOrder': 19}, {'PhotoId': 41147, 'PhotoName': 'IMG_0405.jpeg', 'IsDefault': False, 'AddedDateTime': '2025-05-24T15:09:12.791Z', 'listingId': 5122, 'PhotoUrl': 'https://images.listings.offcampusliving.cornell.edu/listings/5122/IMG_0405.jpeg', 'SortOrder': 20}, {'PhotoId': 41146, 'PhotoName': 'IMG_0397.jpeg', 'IsDefault': False, 'AddedDateTime': '2025-05-24T15:09:10.236Z', 'listingId': 5122, 'PhotoUrl': 'https://images.listings.offcampusliving.cornell.edu/listings/5122/IMG_0397.jpeg', 'SortOrder': 21}, {'PhotoId': 39055, 'PhotoName': '1053 kit up close wine and rack fridge freezer open clean0408.jpg', 'IsDefault': False, 'AddedDateTime': '2025-02-01T01:41:43.539Z', 'listingId': 5122, 'PhotoUrl': 'https://images.listings.offcampusliving.cornell.edu/listings/5122/1053 kit up close wine and rack fridge freezer open clean0408.jpg', 'SortOrder': 22}, {'PhotoId': 41142, 'PhotoName': '1053 bed rm model copy.jpeg', 'IsDefault': False, 'AddedDateTime': '2025-05-24T15:05:12.803Z', 'listingId': 5122, 'PhotoUrl': 'https://images.listings.offcampusliving.cornell.edu/listings/5122/1053 bed rm model copy.jpeg', 'SortOrder': 23}, {'PhotoId': 41143, 'PhotoName': '1053 Bedrm model.jpg', 'IsDefault': False, 'AddedDateTime': '2025-05-24T15:05:39.077Z', 'listingId': 5122, 'PhotoUrl': 'https://images.listings.offcampusliving.cornell.edu/listings/5122/1053 Bedrm model.jpg', 'SortOrder': 24}, {'PhotoId': 41140, 'PhotoName': 'Evans 1053 Grn house .jpg', 'IsDefault': False, 'AddedDateTime': '2025-05-24T13:59:13.443Z', 'listingId': 5122, 'PhotoUrl': 'https://images.listings.offcampusliving.cornell.edu/listings/5122/Evans 1053 Grn house .jpg', 'SortOrder': 25}, {'PhotoId': 41125, 'PhotoName': 'IMG_1909.jpeg', 'IsDefault': False, 'AddedDateTime': '2025-05-23T13:48:03.512Z', 'listingId': 5122, 'PhotoUrl': 'https://images.listings.offcampusliving.cornell.edu/listings/5122/IMG_1909.jpeg', 'SortOrder': 26}, {'PhotoId': 41157, 'PhotoName': 'IMG_1911.jpg', 'IsDefault': False, 'AddedDateTime': '2025-05-24T15:14:50.572Z', 'listingId': 5122, 'PhotoUrl': 'https://images.listings.offcampusliving.cornell.edu/listings/5122/IMG_1911.jpg', 'SortOrder': 27}, {'PhotoId': 41158, 'PhotoName': 'IMG_1908.jpg', 'IsDefault': False, 'AddedDateTime': '2025-05-24T15:15:09.907Z', 'listingId': 5122, 'PhotoUrl': 'https://images.listings.offcampusliving.cornell.edu/listings/5122/IMG_1908.jpg', 'SortOrder': 28}, {'PhotoId': 39060, 'PhotoName': '1053 bath full part vanity0414.jpg', 'IsDefault': False, 'AddedDateTime': '2025-02-01T01:43:43.079Z', 'listingId': 5122, 'PhotoUrl': 'https://images.listings.offcampusliving.cornell.edu/listings/5122/1053 bath full part vanity0414.jpg', 'SortOrder': 29}, {'PhotoId': 39057, 'PhotoName': '1053 single sink half bath 10.jpg', 'IsDefault': False, 'AddedDateTime': '2025-02-01T01:42:25.208Z', 'listingId': 5122, 'PhotoUrl': 'https://images.listings.offcampusliving.cornell.edu/listings/5122/1053 single sink half bath 10.jpg', 'SortOrder': 30}, {'PhotoId': 39059, 'PhotoName': '1053 Full bath no vanity0411.jpg', 'IsDefault': False, 'AddedDateTime': '2025-02-01T01:43:19.314Z', 'listingId': 5122, 'PhotoUrl': 'https://images.listings.offcampusliving.cornell.edu/listings/5122/1053 Full bath no vanity0411.jpg', 'SortOrder': 31}, {'PhotoId': 41165, 'PhotoName': 'IMG_0444.jpeg', 'IsDefault': False, 'AddedDateTime': '2025-05-24T15:22:52.116Z', 'listingId': 5122, 'PhotoUrl': 'https://images.listings.offcampusliving.cornell.edu/listings/5122/IMG_0444.jpeg', 'SortOrder': 32}, {'PhotoId': 41167, 'PhotoName': 'IMG_1913.jpg', 'IsDefault': False, 'AddedDateTime': '2025-05-24T15:23:15.859Z', 'listingId': 5122, 'PhotoUrl': 'https://images.listings.offcampusliving.cornell.edu/listings/5122/IMG_1913.jpg', 'SortOrder': 33}, {'PhotoId': 39061, 'PhotoName': '1053 Bath toliet and cubby0412.jpg', 'IsDefault': False, 'AddedDateTime': '2025-02-01T01:43:59.096Z', 'listingId': 5122, 'PhotoUrl': 'https://images.listings.offcampusliving.cornell.edu/listings/5122/1053 Bath toliet and cubby0412.jpg', 'SortOrder': 34}, {'PhotoId': 41166, 'PhotoName': 'IMG_1914.jpg', 'IsDefault': False, 'AddedDateTime': '2025-05-24T15:23:04.270Z', 'listingId': 5122, 'PhotoUrl': 'https://images.listings.offcampusliving.cornell.edu/listings/5122/IMG_1914.jpg', 'SortOrder': 35}, {'PhotoId': 41141, 'PhotoName': 'Evans 1053 Solarium,.jpg', 'IsDefault': False, 'AddedDateTime': '2025-05-24T13:59:44.344Z', 'listingId': 5122, 'PhotoUrl': 'https://images.listings.offcampusliving.cornell.edu/listings/5122/Evans 1053 Solarium,.jpg', 'SortOrder': 36}]",
5123,4324,2025-09-01T00:00:00.000Z,12,8385 Geneva ST,#3,Interlaken NY,14847,"Remodeled Spacious unfurnished 2 Bedroom apartment with beautiful maple wood floors, 9 foot ceilings,","12 foot ceilings, General Electric washer and dryer, dishwasher, garbage disposal, microwave, solid surface stove with oven, and a defrost free refrigerator. Large closets. Large bathroom with shower and linen closet.   Plenty of paved off st parking. Private back yard, walk to village shopping, post office and elementary school. Cats OK. Landlord/Owner is a NYS Licensed Real Estate Broker
Lots of natural lighting. ",995,Price Per Unit,No,"['Internet Available', 'Kitchen', 'Off-Street Parking Included']",No Preference,2,1,"['Graduate', 'Staff/Faculty', 'Undergraduate']",Rent,42.44903129231263,-76.48485433718764,"{'lat': 42.44903129231263, 'lng': -76.48485433718764}",True,2025-09-03T00:00:00.000Z,True,No,2025-02-01T02:02:26.284Z,2025-08-30T17:59:20.056Z,,"[{'PhotoId': 42554, 'PhotoName': 'IMG_4180.jpeg', 'IsDefault': True, 'AddedDateTime': '2025-08-05T12:11:55.950Z', 'listingId': 5123, 'PhotoUrl': 'https://images.listings.offcampusliving.cornell.edu/listings/5123/IMG_4180.jpeg', 'SortOrder': 1}, {'PhotoId': 42159, 'PhotoName': 'IMG_3110.jpg', 'IsDefault': False, 'AddedDateTime': '2025-07-20T15:04:31.694Z', 'listingId': 5123, 'PhotoUrl': 'https://images.listings.offcampusliving.cornell.edu/listings/5123/IMG_3110.jpg', 'SortOrder': 2}, {'PhotoId': 42563, 'PhotoName': 'IMG_4172.jpeg', 'IsDefault': False, 'AddedDateTime': '2025-08-05T12:15:38.050Z', 'listingId': 5123, 'PhotoUrl': 'https://images.listings.offcampusliving.cornell.edu/listings/5123/IMG_4172.jpeg', 'SortOrder': 3}, {'PhotoId': 42559, 'PhotoName': 'IMG_4174.jpeg', 'IsDefault': False, 'AddedDateTime': '2025-08-05T12:15:29.040Z', 'listingId': 5123, 'PhotoUrl': 'https://images.listings.offcampusliving.cornell.edu/listings/5123/IMG_4174.jpeg', 'SortOrder': 4}, {'PhotoId': 42560, 'PhotoName': 'IMG_4179.jpeg', 'IsDefault': False, 'AddedDateTime': '2025-08-05T12:15:31.395Z', 'listingId': 5123, 'PhotoUrl': 'https://images.listings.offcampusliving.cornell.edu/listings/5123/IMG_4179.jpeg', 'SortOrder': 5}, {'PhotoId': 42562, 'PhotoName': 'IMG_4170.jpeg', 'IsDefault': False, 'AddedDateTime': '2025-08-05T12:15:36.484Z', 'listingId': 5123, 'PhotoUrl': 'https://images.listings.offcampusliving.cornell.edu/listings/5123/IMG_4170.jpeg', 'SortOrder': 6}, {'PhotoId': 42561, 'PhotoName': 'IMG_4178.jpeg', 'IsDefault': False, 'AddedDateTime': '2025-08-05T12:15:33.136Z', 'listingId': 5123, 'PhotoUrl': 'https://images.listings.offcampusliving.cornell.edu/listings/5123/IMG_4178.jpeg', 'SortOrder': 7}, {'PhotoId': 42160, 'PhotoName': 'IMG_3107.jpg', 'IsDefault': False, 'AddedDateTime': '2025-07-20T15:04:47.585Z', 'listingId': 5123, 'PhotoUrl': 'https://images.listings.offcampusliving.cornell.edu/listings/5123/IMG_3107.jpg', 'SortOrder': 8}, {'PhotoId': 42555, 'PhotoName': 'IMG_4187.jpeg', 'IsDefault': False, 'AddedDateTime': '2025-08-05T12:11:58.110Z', 'listingId': 5123, 'PhotoUrl': 'https://images.listings.offcampusliving.cornell.edu/listings/5123/IMG_4187.jpeg', 'SortOrder': 9}, {'PhotoId': 42557, 'PhotoName': 'IMG_4193.jpeg', 'IsDefault': False, 'AddedDateTime': '2025-08-05T12:12:00.834Z', 'listingId': 5123, 'PhotoUrl': 'https://images.listings.offcampusliving.cornell.edu/listings/5123/IMG_4193.jpeg', 'SortOrder': 10}, {'PhotoId': 42556, 'PhotoName': 'IMG_4192.jpeg', 'IsDefault': False, 'AddedDateTime': '2025-08-05T12:11:59.481Z', 'listingId': 5123, 'PhotoUrl': 'https://images.listings.offcampusliving.cornell.edu/listings/5123/IMG_4192.jpeg', 'SortOrder': 11}, {'PhotoId': 42161, 'PhotoName': 'IMG_3105.jpg', 'IsDefault': False, 'AddedDateTime': '2025-07-20T15:04:55.512Z', 'listingId': 5123, 'PhotoUrl': 'https://images.listings.offcampusliving.cornell.edu/listings/5123/IMG_3105.jpg', 'SortOrder': 12}, {'PhotoId': 42162, 'PhotoName': 'IMG_3104.jpg', 'IsDefault': False, 'AddedDateTime': '2025-07-20T15:05:08.775Z', 'listingId': 5123, 'PhotoUrl': 'https://images.listings.offcampusliving.cornell.edu/listings/5123/IMG_3104.jpg', 'SortOrder': 13}, {'PhotoId': 42167, 'PhotoName': 'IMG_1202.jpg', 'IsDefault': False, 'AddedDateTime': '2025-07-20T15:07:34.857Z', 'listingId': 5123, 'PhotoUrl': 'https://images.listings.offcampusliving.cornell.edu/listings/5123/IMG_1202.jpg', 'SortOrder': 14}, {'PhotoId': 42169, 'PhotoName': 'IL-5 .jpg', 'IsDefault': False, 'AddedDateTime': '2025-07-20T15:07:53.923Z', 'listingId': 5123, 'PhotoUrl': 'https://images.listings.offcampusliving.cornell.edu/listings/5123/IL-5 .jpg', 'SortOrder': 15}, {'PhotoId': 42164, 'PhotoName': 'IMG_3102.jpg', 'IsDefault': False, 'AddedDateTime': '2025-07-20T15:05:33.045Z', 'listingId': 5123, 'PhotoUrl': 'https://images.listings.offcampusliving.cornell.edu/listings/5123/IMG_3102.jpg', 'SortOrder': 16}, {'PhotoId': 42168, 'PhotoName': '1000000129.JPG', 'IsDefault': False, 'AddedDateTime': '2025-07-20T15:07:43.811Z', 'listingId': 5123, 'PhotoUrl': 'https://images.listings.offcampusliving.cornell.edu/listings/5123/1000000129.JPG', 'SortOrder': 17}, {'PhotoId': 42163, 'PhotoName': 'IMG_3103.jpg', 'IsDefault': False, 'AddedDateTime': '2025-07-20T15:05:20.236Z', 'listingId': 5123, 'PhotoUrl': 'https://images.listings.offcampusliving.cornell.edu/listings/5123/IMG_3103.jpg', 'SortOrder': 18}, {'PhotoId': 42558, 'PhotoName': 'IMG_4189.jpeg', 'IsDefault': False, 'AddedDateTime': '2025-08-05T12:12:02.384Z', 'listingId': 5123, 'PhotoUrl': 'https://images.listings.offcampusliving.cornell.edu/listings/5123/IMG_4189.jpeg', 'SortOrder': 19}, {'PhotoId': 42165, 'PhotoName': 'IMG_3100.jpg', 'IsDefault': False, 'AddedDateTime': '2025-07-20T15:05:45.554Z', 'listingId': 5123, 'PhotoUrl': 'https://images.listings.offcampusliving.cornell.edu/listings/5123/IMG_3100.jpg', 'SortOrder': 20}, {'PhotoId': 42166, 'PhotoName': 'IMG_3099.jpg', 'IsDefault': False, 'AddedDateTime': '2025-07-20T15:05:56.076Z', 'listingId': 5123, 'PhotoUrl': 'https://images.listings.offcampusliving.cornell.edu/listings/5123/IMG_3099.jpg', 'SortOrder': 21}, {'PhotoId': 39065, 'PhotoName': 'INterlaken 2 BD liv rm 1206.jpg', 'IsDefault': False, 'AddedDateTime': '2025-02-01T12:44:06.300Z', 'listingId': 5123, 'PhotoUrl': 'https://images.listings.offcampusliving.cornell.edu/listings/5123/INterlaken 2 BD liv rm 1206.jpg', 'SortOrder': 22}]",
5158,4337,2026-01-01T00:00:00.000Z,12,221 Tareyton Drive,,Ithaca,14850,"221 Tareyton Single family home in quiet neighborhood. ICSD school district. Close to Cornell University. On a bus line. Adjacent to Sapsucker Woods. Tareyton Park at end of street.
Fully furnished.  ","Walking path to Northeast Elementary School and Dewitt Middle School. Large yard in friendly neighborhood. 9 months or one year rental.   Lovely home perfect for graduate students, visiting faculty and families.
",2300,Price Per Unit,No,"['Air Conditioning', 'Electricity Included', 'Electronic Payments Accepted', 'Furnished', 'Heat Included', 'Internet Available', 'Kitchen', 'Laundry Facilities', 'Near Bus Route', 'Off-Street Parking Available', 'Off-Street Parking Included', 'Water Included']",No Preference,3,1,"['Graduate', 'Sabbatic Housing', 'Short-Term Housing', 'Staff/Faculty']",Rent,42.48163525623524,-76.49881704292028,"{'lat': 42.48163525623524, 'lng': -76.49881704292028}",True,2026-02-24T00:00:00.000Z,True,No,2025-02-22T20:32:33.983Z,2025-07-31T09:31:02.226Z,,"[{'PhotoId': 39446, 'PhotoName': 'house photo.jpg', 'IsDefault': True, 'AddedDateTime': '2025-02-24T23:16:03.636Z', 'listingId': 5158, 'PhotoUrl': 'https://images.listings.offcampusliving.cornell.edu/listings/5158/house photo.jpg', 'SortOrder': None}, {'PhotoId': 39447, 'PhotoName': 'living dining room.jpg', 'IsDefault': False, 'AddedDateTime': '2025-02-24T23:46:24.921Z', 'listingId': 5158, 'PhotoUrl': 'https://images.listings.offcampusliving.cornell.edu/listings/5158/living dining room.jpg', 'SortOrder': None}, {'PhotoId': 39448, 'PhotoName': 'family rooom.jpg', 'IsDefault': False, 'AddedDateTime': '2025-02-24T23:46:28.001Z', 'listingId': 5158, 'PhotoUrl': 'https://images.listings.offcampusliving.cornell.edu/listings/5158/family rooom.jpg', 'SortOrder': None}, {'PhotoId': 39449, 'PhotoName': 'kitchen table.jpg', 'IsDefault': False, 'AddedDateTime': '2025-02-24T23:46:28.237Z', 'listingId': 5158, 'PhotoUrl': 'https://images.listings.offcampusliving.cornell.edu/listings/5158/kitchen table.jpg', 'SortOrder': None}, {'PhotoId': 39450, 'PhotoName': 'guest room.jpg', 'IsDefault': False, 'AddedDateTime': '2025-02-24T23:46:29.585Z', 'listingId': 5158, 'PhotoUrl': 'https://images.listings.offcampusliving.cornell.edu/listings/5158/guest room.jpg', 'SortOrder': None}, {'PhotoId': 39451, 'PhotoName': 'office.jpg', 'IsDefault': False, 'AddedDateTime': '2025-02-24T23:46:29.817Z', 'listingId': 5158, 'PhotoUrl': 'https://images.listings.offcampusliving.cornell.edu/listings/5158/office.jpg', 'SortOrder': None}, {'PhotoId': 39452, 'PhotoName': 'Front yard.jpg', 'IsDefault': False, 'AddedDateTime': '2025-02-24T23:46:33.068Z', 'listingId': 5158, 'PhotoUrl': 'https://images.listings.offcampusliving.cornell.edu/listings/5158/Front yard.jpg', 'SortOrder': None}, {'PhotoId': 39453, 'PhotoName': 'nearby trails.jpg', 'IsDefault': False, 'AddedDateTime': '2025-02-24T23:46:35.514Z', 'listingId': 5158, 'PhotoUrl': 'https://images.listings.offcampusliving.cornell.edu/listings/5158/nearby trails.jpg', 'SortOrder': None}, {'PhotoId': 39454, 'PhotoName': 'dining table.jpg', 'IsDefault': False, 'AddedDateTime': '2025-02-24T23:47:24.388Z', 'listingId': 5158, 'PhotoUrl': 'https://images.listings.offcampusliving.cornell.edu/listings/5158/dining table.jpg', 'SortOrder': None}, {'PhotoId': 39468, 'PhotoName': 'Kitchen.jpg', 'IsDefault': False, 'AddedDateTime': '2025-02-25T20:33:41.628Z', 'listingId': 5158, 'PhotoUrl': 'https://images.listings.offcampusliving.cornell.edu/listings/5158/Kitchen.jpg', 'SortOrder': None}, {'PhotoId': 39469, 'PhotoName': 'Enjoy the fall.jpg', 'IsDefault': False, 'AddedDateTime': '2025-02-25T20:35:01.118Z', 'listingId': 5158, 'PhotoUrl': 'https://images.listings.offcampusliving.cornell.edu/listings/5158/Enjoy the fall.jpg', 'SortOrder': None}, {'PhotoId': 39576, 'PhotoName': '6E4209A8-1DBC-4DE1-A0D5-1A5BEE857353.jpeg', 'IsDefault': False, 'AddedDateTime': '2025-03-03T22:15:24.501Z', 'listingId': 5158, 'PhotoUrl': 'https://images.listings.offcampusliving.cornell.edu/listings/5158/6E4209A8-1DBC-4DE1-A0D5-1A5BEE857353.jpeg', 'SortOrder': None}, {'PhotoId': 39577, 'PhotoName': '6F5410BD-9F23-4BDF-8CAB-A296D9A9BB92.jpeg', 'IsDefault': False, 'AddedDateTime': '2025-03-03T22:15:45.704Z', 'listingId': 5158, 'PhotoUrl': 'https://images.listings.offcampusliving.cornell.edu/listings/5158/6F5410BD-9F23-4BDF-8CAB-A296D9A9BB92.jpeg', 'SortOrder': None}, {'PhotoId': 39578, 'PhotoName': 'E79A4F14-179B-40CB-AED6-D4B650799BE8.jpeg', 'IsDefault': False, 'AddedDateTime': '2025-03-03T22:16:49.770Z', 'listingId': 5158, 'PhotoUrl': 'https://images.listings.offcampusliving.cornell.edu/listings/5158/E79A4F14-179B-40CB-AED6-D4B650799BE8.jpeg', 'SortOrder': None}]",
5182,4358,2026-01-01T00:00:00.000Z,5,403 College Avenue,Floor 3,Ithaca,14850,8 bedroom apartment available in the heart of collegetown with all amenities in apartment,"Walk-up apartment in heart of collegetown right across from CTB and above Dos Amigos. 8 bedrooms, 2 full bathrooms with queen mattresses and bed frame included in each room. Comes with kitchen/necessary appliances, in-unit washer/dryer, and fully furnished living spaces.",1340,Price Per Person,No,"['Air Conditioning', 'Electricity Included', 'Electronic Payments Accepted', 'Furnished', 'Heat Included', 'Internet Available', 'Internet Included', 'Kitchen', 'Laundry Facilities', 'Near Bus Route', 'Off-Street Parking Available', 'Permitted Street Parking Available', 'Water Included']",No Preference,8,2,"['Spring Sublet', 'Summer Sublet', 'Undergraduate', 'Short-Term Housing', 'Graduate', 'Staff/Faculty']",Rent,42.44181253324678,-76.48542563841795,"{'lat': 42.44181253324678, 'lng': -76.48542563841795}",True,2026-11-10T00:00:00.000Z,True,Yes,2025-03-10T23:30:12.622Z,2025-07-21T14:20:33.604Z,403 COLLEGE AVENUE,"[{'PhotoId': 42212, 'PhotoName': '403_unit5_floor.jpg', 'IsDefault': True, 'AddedDateTime': '2025-07-21T14:21:09.497Z', 'listingId': 5182, 'PhotoUrl': 'https://images.listings.offcampusliving.cornell.edu/listings/5182/403_unit5_floor.jpg', 'SortOrder': 1}, {'PhotoId': 39675, 'PhotoName': '403-college-ave-ithaca-ny-primary-photo.jpg', 'IsDefault': False, 'AddedDateTime': '2025-03-10T23:37:43.098Z', 'listingId': 5182, 'PhotoUrl': 'https://images.listings.offcampusliving.cornell.edu/listings/5182/403-college-ave-ithaca-ny-primary-photo.jpg', 'SortOrder': 2}, {'PhotoId': 40820, 'PhotoName': 'IMG_4676.PNG', 'IsDefault': False, 'AddedDateTime': '2025-05-05T15:27:39.779Z', 'listingId': 5182, 'PhotoUrl': 'https://images.listings.offcampusliving.cornell.edu/listings/5182/IMG_4676.PNG', 'SortOrder': 3}, {'PhotoId': 40821, 'PhotoName': 'IMG_4675.PNG', 'IsDefault': False, 'AddedDateTime': '2025-05-05T15:27:44.263Z', 'listingId': 5182, 'PhotoUrl': 'https://images.listings.offcampusliving.cornell.edu/listings/5182/IMG_4675.PNG', 'SortOrder': 4}]","{""BuildingAddress"": ""403 COLLEGE AVENUE"", ""OverallSafetyRating"": 15, ""CategoryScores"": [{""Fire Protection"": 0}, {""Notification Systems"": 2}, {""Emergency Egress"": 0}, {""Applicable Code"": 0}, {""Fire Extinguishers"": 0}, {""Construction Type"": 5}, {""Valid Certificate of Compliance"": 8}], ""OverallSafetyRatingAsPercentage"": 32, ""CategoryScoresAsPercentage"": [{""Fire Protection"": 0}, {""Notification Systems"": 33}, {""Emergency Egress"": 0}, {""Applicable Code"": 0}, {""Fire Extinguishers"": 0}, {""Construction Type"": 41}, {""Valid Certificate of Compliance"": 100}], ""SprinklerType"": [{""sprinklerType"": ""NFPA 13 Sprinkler System"", ""sprinklerCertificateExpiration"": ""2025-03-17""}], ""FireExtinguisherCertificateExpiration"": ""2025-02-28T00:00:00.000Z"", ""NotificationSystem"": [{""subCategory"": ""Single Station Smoke Alarm"", ""notificationType"": ""Single Station Smoke Alarm"", ""notificationSystemCertificateExpiration"": ""2025-03-26""}, {""subCategory"": ""Fire Alarm System"", ""notificationType"": ""Fire Alarm System"", ""notificationSystemCertificateExpiration"": ""2025-11-18""}], ""HasValidCertificateOfOccupancy"": true, ""MeetsMinimumRequirements"": false, ""ExceedsRequirements"": false, ""HasFireResistantConstructionType"": false, ""SatisfiesApplicableCode"": false, ""CertificateExpirationDate"": ""2027-12-05T00:00:00.000Z"", ""DateLastUpdated"": ""2025-07-30T07:01:39.000Z""}"
5191,4365,2025-03-24T00:00:00.000Z,6,83 Whitetail Dr,,Ithaca,14850,"Townhome in Deer Run Community, Near Cornell University and Ithaca College","This beautifully updated townhome in the highly desirable Deer Run community offers a peaceful neighborhood setting with woods behind the house for added privacy. Conveniently located on South Hill, just minutes from downtown, Cornell University, and with walking trails to Ithaca College, this home provides both comfort and convenience.
Features: Master BR walk-in closet; private deck; garage; finished basement w/ workshop, pantry, and gym area; 2nd BR w/ loft: a unique reading nook or storage",2780,Price Per Unit,No,"['Air Conditioning', 'Furnished', 'Internet Available', 'Kitchen', 'Laundry Facilities', 'Off-Street Parking Available', 'Off-Street Parking Included']",No Preference,3,2.5,"['Sabbatic Housing', 'Short-Term Housing', 'Staff/Faculty', 'Graduate']",Rent,42.40707321893051,-76.48093589208698,"{'lat': 42.40707321893051, 'lng': -76.48093589208698}",True,2025-12-09T00:00:00.000Z,True,Yes,2025-03-13T18:24:36.131Z,2025-03-14T22:01:41.115Z,,"[{'PhotoId': 39830, 'PhotoName': 'firstfloor_livingroom_2.jpg', 'IsDefault': True, 'AddedDateTime': '2025-03-13T18:34:52.759Z', 'listingId': 5191, 'PhotoUrl': 'https://images.listings.offcampusliving.cornell.edu/listings/5191/firstfloor_livingroom_2.jpg', 'SortOrder': 1}, {'PhotoId': 39829, 'PhotoName': 'firstfloor_livingroom_1.jpg', 'IsDefault': False, 'AddedDateTime': '2025-03-13T18:34:50.381Z', 'listingId': 5191, 'PhotoUrl': 'https://images.listings.offcampusliving.cornell.edu/listings/5191/firstfloor_livingroom_1.jpg', 'SortOrder': 2}, {'PhotoId': 39831, 'PhotoName': 'firstfloor_livingroom_3.jpg', 'IsDefault': False, 'AddedDateTime': '2025-03-13T18:34:54.793Z', 'listingId': 5191, 'PhotoUrl': 'https://images.listings.offcampusliving.cornell.edu/listings/5191/firstfloor_livingroom_3.jpg', 'SortOrder': 3}, {'PhotoId': 39822, 'PhotoName': 'firstfloor_breakfastnook_2.jpg', 'IsDefault': False, 'AddedDateTime': '2025-03-13T18:32:30.512Z', 'listingId': 5191, 'PhotoUrl': 'https://images.listings.offcampusliving.cornell.edu/listings/5191/firstfloor_breakfastnook_2.jpg', 'SortOrder': 4}, {'PhotoId': 39828, 'PhotoName': 'firstfloor_kitchen_4.jpg', 'IsDefault': False, 'AddedDateTime': '2025-03-13T18:33:41.541Z', 'listingId': 5191, 'PhotoUrl': 'https://images.listings.offcampusliving.cornell.edu/listings/5191/firstfloor_kitchen_4.jpg', 'SortOrder': 5}, {'PhotoId': 39824, 'PhotoName': 'firstfloor_kitchen_2.jpg', 'IsDefault': False, 'AddedDateTime': '2025-03-13T18:32:34.944Z', 'listingId': 5191, 'PhotoUrl': 'https://images.listings.offcampusliving.cornell.edu/listings/5191/firstfloor_kitchen_2.jpg', 'SortOrder': 6}, {'PhotoId': 39825, 'PhotoName': 'firstfloor_kitchen_3.jpg', 'IsDefault': False, 'AddedDateTime': '2025-03-13T18:32:37.921Z', 'listingId': 5191, 'PhotoUrl': 'https://images.listings.offcampusliving.cornell.edu/listings/5191/firstfloor_kitchen_3.jpg', 'SortOrder': 7}, {'PhotoId': 39821, 'PhotoName': 'firstfloor_bathroom.jpg', 'IsDefault': False, 'AddedDateTime': '2025-03-13T18:32:28.068Z', 'listingId': 5191, 'PhotoUrl': 'https://images.listings.offcampusliving.cornell.edu/listings/5191/firstfloor_bathroom.jpg', 'SortOrder': 8}, {'PhotoId': 39836, 'PhotoName': 'secondfloor_masterbedroom_1.jpg', 'IsDefault': False, 'AddedDateTime': '2025-03-13T18:36:15.311Z', 'listingId': 5191, 'PhotoUrl': 'https://images.listings.offcampusliving.cornell.edu/listings/5191/secondfloor_masterbedroom_1.jpg', 'SortOrder': 9}, {'PhotoId': 39837, 'PhotoName': 'secondfloor_masterbedroom_2.jpg', 'IsDefault': False, 'AddedDateTime': '2025-03-13T18:36:18.182Z', 'listingId': 5191, 'PhotoUrl': 'https://images.listings.offcampusliving.cornell.edu/listings/5191/secondfloor_masterbedroom_2.jpg', 'SortOrder': 10}, {'PhotoId': 39856, 'PhotoName': 'secondfloor_masterbedroom_closet_2.jpg', 'IsDefault': False, 'AddedDateTime': '2025-03-14T22:02:40.580Z', 'listingId': 5191, 'PhotoUrl': 'https://images.listings.offcampusliving.cornell.edu/listings/5191/secondfloor_masterbedroom_closet_2.jpg', 'SortOrder': 11}, {'PhotoId': 39857, 'PhotoName': 'secondfloor_masterbedroom_closet_1.jpg', 'IsDefault': False, 'AddedDateTime': '2025-03-14T22:14:28.946Z', 'listingId': 5191, 'PhotoUrl': 'https://images.listings.offcampusliving.cornell.edu/listings/5191/secondfloor_masterbedroom_closet_1.jpg', 'SortOrder': 12}, {'PhotoId': 39838, 'PhotoName': 'secondfloor_office.jpg', 'IsDefault': False, 'AddedDateTime': '2025-03-13T18:36:20.863Z', 'listingId': 5191, 'PhotoUrl': 'https://images.listings.offcampusliving.cornell.edu/listings/5191/secondfloor_office.jpg', 'SortOrder': 13}, {'PhotoId': 39840, 'PhotoName': 'secondfloor_sparebedroom_2.jpg', 'IsDefault': False, 'AddedDateTime': '2025-03-13T18:36:27.232Z', 'listingId': 5191, 'PhotoUrl': 'https://images.listings.offcampusliving.cornell.edu/listings/5191/secondfloor_sparebedroom_2.jpg', 'SortOrder': 14}, {'PhotoId': 39839, 'PhotoName': 'secondfloor_sparebedroom_1.jpg', 'IsDefault': False, 'AddedDateTime': '2025-03-13T18:36:23.662Z', 'listingId': 5191, 'PhotoUrl': 'https://images.listings.offcampusliving.cornell.edu/listings/5191/secondfloor_sparebedroom_1.jpg', 'SortOrder': 15}, {'PhotoId': 39834, 'PhotoName': 'secondfloor_bathroom_1.jpg', 'IsDefault': False, 'AddedDateTime': '2025-03-13T18:35:04.929Z', 'listingId': 5191, 'PhotoUrl': 'https://images.listings.offcampusliving.cornell.edu/listings/5191/secondfloor_bathroom_1.jpg', 'SortOrder': 16}, {'PhotoId': 39826, 'PhotoName': 'firstfloor_laundry.jpg', 'IsDefault': False, 'AddedDateTime': '2025-03-13T18:32:56.234Z', 'listingId': 5191, 'PhotoUrl': 'https://images.listings.offcampusliving.cornell.edu/listings/5191/firstfloor_laundry.jpg', 'SortOrder': 17}, {'PhotoId': 39823, 'PhotoName': 'firstfloor_entrance_2.jpg', 'IsDefault': False, 'AddedDateTime': '2025-03-13T18:32:32.540Z', 'listingId': 5191, 'PhotoUrl': 'https://images.listings.offcampusliving.cornell.edu/listings/5191/firstfloor_entrance_2.jpg', 'SortOrder': 18}, {'PhotoId': 39833, 'PhotoName': 'firstfloor_porch.jpg', 'IsDefault': False, 'AddedDateTime': '2025-03-13T18:35:01.696Z', 'listingId': 5191, 'PhotoUrl': 'https://images.listings.offcampusliving.cornell.edu/listings/5191/firstfloor_porch.jpg', 'SortOrder': 19}, {'PhotoId': 39820, 'PhotoName': 'basement_gym_1.jpg', 'IsDefault': False, 'AddedDateTime': '2025-03-13T18:31:24.075Z', 'listingId': 5191, 'PhotoUrl': 'https://images.listings.offcampusliving.cornell.edu/listings/5191/basement_gym_1.jpg', 'SortOrder': 20}, {'PhotoId': 39827, 'PhotoName': 'basement_gym_2.jpg', 'IsDefault': False, 'AddedDateTime': '2025-03-13T18:33:38.994Z', 'listingId': 5191, 'PhotoUrl': 'https://images.listings.offcampusliving.cornell.edu/listings/5191/basement_gym_2.jpg', 'SortOrder': 21}, {'PhotoId': 39819, 'PhotoName': 'basement_bathroom_1.jpg', 'IsDefault': False, 'AddedDateTime': '2025-03-13T18:31:21.796Z', 'listingId': 5191, 'PhotoUrl': 'https://images.listings.offcampusliving.cornell.edu/listings/5191/basement_bathroom_1.jpg', 'SortOrder': 22}]",
5193,4376,2025-05-25T00:00:00.000Z,3,709 Stewart Avenue,A31,Ithaca,14850,Apartment on stewart avenue ,"This apartment offers a convenient and safe living experience just across the street from Cornell's West Campus. This is a fully furnished apartment, includes a balcony, and smart TV. The community is secure, with Cornell campus police nearby, ensuring a peaceful living environment. Also includes 24-hour emergency maintenance and parking right outside the front door, it’s designed for comfort and convenience!",872,Price Per Person,No,"['Kitchen', 'Laundry Facilities', 'Near Bus Route', 'Internet Included', 'Internet Available', 'Heat Included', 'Furnished', 'Electronic Payments Accepted', 'Off-Street Parking Available', 'Water Included']",Female,4,1,"['Undergraduate', 'Summer Sublet']",Room to Rent,42.45037228216174,-76.49031222425077,"{'lat': 42.45037228216174, 'lng': -76.49031222425077}",True,2025-09-18T00:00:00.000Z,True,Yes,2025-03-17T20:27:03.115Z,2025-03-17T20:30:24.211Z,709 STEWART AVENUE,"[{'PhotoId': 39858, 'PhotoName': 'a317.jpg', 'IsDefault': True, 'AddedDateTime': '2025-03-18T00:10:42.094Z', 'listingId': 5193, 'PhotoUrl': 'https://images.listings.offcampusliving.cornell.edu/listings/5193/a317.jpg', 'SortOrder': 1}, {'PhotoId': 39860, 'PhotoName': 'a314.jpg', 'IsDefault': False, 'AddedDateTime': '2025-03-18T00:10:43.088Z', 'listingId': 5193, 'PhotoUrl': 'https://images.listings.offcampusliving.cornell.edu/listings/5193/a314.jpg', 'SortOrder': 2}, {'PhotoId': 39859, 'PhotoName': 'a312.jpg', 'IsDefault': False, 'AddedDateTime': '2025-03-18T00:10:42.521Z', 'listingId': 5193, 'PhotoUrl': 'https://images.listings.offcampusliving.cornell.edu/listings/5193/a312.jpg', 'SortOrder': 3}, {'PhotoId': 39861, 'PhotoName': 'a315.jpg', 'IsDefault': False, 'AddedDateTime': '2025-03-18T00:10:43.548Z', 'listingId': 5193, 'PhotoUrl': 'https://images.listings.offcampusliving.cornell.edu/listings/5193/a315.jpg', 'SortOrder': 4}, {'PhotoId': 39862, 'PhotoName': 'a313.jpg', 'IsDefault': False, 'AddedDateTime': '2025-03-18T00:10:43.951Z', 'listingId': 5193, 'PhotoUrl': 'https://images.listings.offcampusliving.cornell.edu/listings/5193/a313.jpg', 'SortOrder': 5}, {'PhotoId': 39863, 'PhotoName': 'a31.jpg', 'IsDefault': False, 'AddedDateTime': '2025-03-18T00:10:44.326Z', 'listingId': 5193, 'PhotoUrl': 'https://images.listings.offcampusliving.cornell.edu/listings/5193/a31.jpg', 'SortOrder': 6}]","{""BuildingAddress"": ""709 STEWART AVENUE"", ""OverallSafetyRating"": 8, ""CategoryScores"": [{""Fire Protection"": 0}, {""Notification Systems"": 0}, {""Emergency Egress"": 0}, {""Applicable Code"": 0}, {""Fire Extinguishers"": 0}, {""Construction Type"": 0}, {""Valid Certificate of Compliance"": 8}], ""OverallSafetyRatingAsPercentage"": 17, ""CategoryScoresAsPercentage"": [{""Fire Protection"": 0}, {""Notification Systems"": 0}, {""Emergency Egress"": 0}, {""Applicable Code"": 0}, {""Fire Extinguishers"": 0}, {""Construction Type"": 0}, {""Valid Certificate of Compliance"": 100}], ""SprinklerType"": [], ""FireExtinguisherCertificateExpiration"": ""2025-02-20T00:00:00.000Z"", ""NotificationSystem"": [{""subCategory"": ""Single Station Smoke Alarm"", ""notificationType"": ""Single Station Smoke Alarm"", ""notificationSystemCertificateExpiration"": ""2025-01-30""}], ""HasValidCertificateOfOccupancy"": true, ""MeetsMinimumRequirements"": false, ""ExceedsRequirements"": false, ""HasFireResistantConstructionType"": false, ""SatisfiesApplicableCode"": false, ""CertificateExpirationDate"": ""2027-04-09T00:00:00.000Z"", ""DateLastUpdated"": ""2025-07-30T07:01:51.000Z""}"
5205,4396,2025-08-08T00:00:00.000Z,10,114 Stewart Avenue,2,Ithaca,14850,"Upstairs unit, 4 bedroom 2 bathroom apartment ","4 bedroom apartment with 2 newly renovated bathrooms. The unit is two floors, one room downstairs and another 3 upstairs. Pet friendly and free parking available.",850,Price Per Person,Yes,"['Electronic Payments Accepted', 'Furnished', 'Kitchen', 'Laundry Facilities', 'Near Bus Route', 'Off-Street Parking Included', 'Permitted Street Parking Available']",No Preference,4,2,"['Fall Sublet', 'Graduate', 'Spring Sublet', 'Undergraduate']",Rent,42.44116755749172,-76.49003327451324,"{'lat': 42.44116755749172, 'lng': -76.49003327451324}",True,2025-08-31T00:00:00.000Z,True,Yes,2025-03-31T17:02:00.180Z,2025-03-31T17:04:45.543Z,114 STEWART AVENUE,"[{'PhotoId': 40014, 'PhotoName': 'IMG_4387.jpeg', 'IsDefault': True, 'AddedDateTime': '2025-03-31T17:05:49.685Z', 'listingId': 5205, 'PhotoUrl': 'https://images.listings.offcampusliving.cornell.edu/listings/5205/IMG_4387.jpeg', 'SortOrder': None}, {'PhotoId': 40015, 'PhotoName': 'IMG_4392.jpeg', 'IsDefault': False, 'AddedDateTime': '2025-03-31T17:05:52.648Z', 'listingId': 5205, 'PhotoUrl': 'https://images.listings.offcampusliving.cornell.edu/listings/5205/IMG_4392.jpeg', 'SortOrder': None}, {'PhotoId': 40016, 'PhotoName': 'IMG_4391.jpeg', 'IsDefault': False, 'AddedDateTime': '2025-03-31T17:06:30.580Z', 'listingId': 5205, 'PhotoUrl': 'https://images.listings.offcampusliving.cornell.edu/listings/5205/IMG_4391.jpeg', 'SortOrder': None}]","{""BuildingAddress"": ""114 STEWART AVENUE"", ""OverallSafetyRating"": 8, ""CategoryScores"": [{""Fire Protection"": 0}, {""Notification Systems"": 0}, {""Emergency Egress"": 0}, {""Applicable Code"": 0}, {""Fire Extinguishers"": 0}, {""Construction Type"": 0}, {""Valid Certificate of Compliance"": 8}], ""OverallSafetyRatingAsPercentage"": 17, ""CategoryScoresAsPercentage"": [{""Fire Protection"": 0}, {""Notification Systems"": 0}, {""Emergency Egress"": 0}, {""Applicable Code"": 0}, {""Fire Extinguishers"": 0}, {""Construction Type"": 0}, {""Valid Certificate of Compliance"": 100}], ""SprinklerType"": [], ""FireExtinguisherCertificateExpiration"": null, ""NotificationSystem"": [{""subCategory"": ""Single Station Smoke Alarm"", ""notificationType"": ""Single Station Smoke Alarm"", ""notificationSystemCertificateExpiration"": ""2024-07-16""}], ""HasValidCertificateOfOccupancy"": true, ""MeetsMinimumRequirements"": true, ""ExceedsRequirements"": false, ""HasFireResistantConstructionType"": false, ""SatisfiesApplicableCode"": false, ""CertificateExpirationDate"": ""2028-08-16T00:00:00.000Z"", ""DateLastUpdated"": ""2025-07-30T07:01:18.000Z""}"
5208,1693,2025-08-01T00:00:00.000Z,12,409 Geneva Street N,Apt-2,Ithaca,14850,Old House with high ceilings. Graduate Students preferred.  3 bedrooms for 3 unrelated tenants. Two off-street parking. Quiet location. hardwood floors. Tad (text) 607-227-5572 to see. 10M possible," The apartment has 3 bedrooms for 3 unrelated tenants. It has two off-street parking space. Laundry (washer and dryer) on site in basement for usage by tenants of the house only.  It is a rather rare unit in downtown, the same block with Gimme Coffee! Landlord lives in Florida but accessible via e-mail, internet. Apt-2 tenants can use huge attic space for storage. APT2 has an attic, contributed to many masters and PhDs. pets negotiable. Contact Tad (text) 607-227-5572 10M lease negotiable. ",1770,Price Per Unit,No,"['Kitchen', 'Laundry Facilities', 'Off-Street Parking Available', 'Off-Street Parking Included', 'Permitted Street Parking Available', 'Water Included']",No Preference,3,1,"['Graduate', 'Sabbatic Housing', 'Staff/Faculty']",Rent,42.44315275573535,-76.50073542124728,"{'lat': 42.44315275573535, 'lng': -76.50073542124728}",True,2025-10-31T00:00:00.000Z,True,Yes,2025-04-01T23:08:54.582Z,2025-07-31T04:05:46.132Z,409 GENEVA STREET N,"[{'PhotoId': 40018, 'PhotoName': '409NGenevaOutside from SW.jpg', 'IsDefault': True, 'AddedDateTime': '2025-04-01T23:14:06.193Z', 'listingId': 5208, 'PhotoUrl': 'https://images.listings.offcampusliving.cornell.edu/listings/5208/409NGenevaOutside from SW.jpg', 'SortOrder': None}, {'PhotoId': 40019, 'PhotoName': '_Apt2_NorthMiddleBR.jpg', 'IsDefault': False, 'AddedDateTime': '2025-04-01T23:15:00.781Z', 'listingId': 5208, 'PhotoUrl': 'https://images.listings.offcampusliving.cornell.edu/listings/5208/_Apt2_NorthMiddleBR.jpg', 'SortOrder': None}, {'PhotoId': 40020, 'PhotoName': '_Apt2_WestBR.jpg', 'IsDefault': False, 'AddedDateTime': '2025-04-01T23:15:07.613Z', 'listingId': 5208, 'PhotoUrl': 'https://images.listings.offcampusliving.cornell.edu/listings/5208/_Apt2_WestBR.jpg', 'SortOrder': None}, {'PhotoId': 40021, 'PhotoName': '409NGenevaParking2cars.jpg', 'IsDefault': False, 'AddedDateTime': '2025-04-01T23:15:19.329Z', 'listingId': 5208, 'PhotoUrl': 'https://images.listings.offcampusliving.cornell.edu/listings/5208/409NGenevaParking2cars.jpg', 'SortOrder': None}, {'PhotoId': 40022, 'PhotoName': 'Apt2_All 3BR.jpg', 'IsDefault': False, 'AddedDateTime': '2025-04-01T23:15:27.754Z', 'listingId': 5208, 'PhotoUrl': 'https://images.listings.offcampusliving.cornell.edu/listings/5208/Apt2_All 3BR.jpg', 'SortOrder': None}, {'PhotoId': 40023, 'PhotoName': 'Apt2_bathroom_faucet.jpg', 'IsDefault': False, 'AddedDateTime': '2025-04-01T23:15:35.184Z', 'listingId': 5208, 'PhotoUrl': 'https://images.listings.offcampusliving.cornell.edu/listings/5208/Apt2_bathroom_faucet.jpg', 'SortOrder': None}, {'PhotoId': 40024, 'PhotoName': 'Apt2_EastBR.jpg', 'IsDefault': False, 'AddedDateTime': '2025-04-01T23:15:44.285Z', 'listingId': 5208, 'PhotoUrl': 'https://images.listings.offcampusliving.cornell.edu/listings/5208/Apt2_EastBR.jpg', 'SortOrder': None}, {'PhotoId': 40025, 'PhotoName': 'Apt2_EastBR2.jpg', 'IsDefault': False, 'AddedDateTime': '2025-04-01T23:15:55.817Z', 'listingId': 5208, 'PhotoUrl': 'https://images.listings.offcampusliving.cornell.edu/listings/5208/Apt2_EastBR2.jpg', 'SortOrder': None}, {'PhotoId': 40026, 'PhotoName': 'Apt2_FaucetNeedsReplacement.jpg', 'IsDefault': False, 'AddedDateTime': '2025-04-01T23:16:04.554Z', 'listingId': 5208, 'PhotoUrl': 'https://images.listings.offcampusliving.cornell.edu/listings/5208/Apt2_FaucetNeedsReplacement.jpg', 'SortOrder': None}, {'PhotoId': 40027, 'PhotoName': 'Apt2_KitchenDining.jpg', 'IsDefault': False, 'AddedDateTime': '2025-04-01T23:16:15.803Z', 'listingId': 5208, 'PhotoUrl': 'https://images.listings.offcampusliving.cornell.edu/listings/5208/Apt2_KitchenDining.jpg', 'SortOrder': None}, {'PhotoId': 40028, 'PhotoName': 'Apt2_KitchenView.jpg', 'IsDefault': False, 'AddedDateTime': '2025-04-01T23:16:24.093Z', 'listingId': 5208, 'PhotoUrl': 'https://images.listings.offcampusliving.cornell.edu/listings/5208/Apt2_KitchenView.jpg', 'SortOrder': None}, {'PhotoId': 40029, 'PhotoName': 'Apt2_KitchenView2.jpg', 'IsDefault': False, 'AddedDateTime': '2025-04-01T23:16:58.498Z', 'listingId': 5208, 'PhotoUrl': 'https://images.listings.offcampusliving.cornell.edu/listings/5208/Apt2_KitchenView2.jpg', 'SortOrder': None}, {'PhotoId': 40030, 'PhotoName': 'Apt2_WestBR2andStudySpace.jpg', 'IsDefault': False, 'AddedDateTime': '2025-04-01T23:17:05.784Z', 'listingId': 5208, 'PhotoUrl': 'https://images.listings.offcampusliving.cornell.edu/listings/5208/Apt2_WestBR2andStudySpace.jpg', 'SortOrder': None}, {'PhotoId': 40031, 'PhotoName': 'exterior.jpg', 'IsDefault': False, 'AddedDateTime': '2025-04-01T23:17:37.518Z', 'listingId': 5208, 'PhotoUrl': 'https://images.listings.offcampusliving.cornell.edu/listings/5208/exterior.jpg', 'SortOrder': None}, {'PhotoId': 42455, 'PhotoName': 'IMG_1229-APT2AtticDenAFTERhauling-2.jpg', 'IsDefault': False, 'AddedDateTime': '2025-07-31T04:07:17.139Z', 'listingId': 5208, 'PhotoUrl': 'https://images.listings.offcampusliving.cornell.edu/listings/5208/IMG_1229-APT2AtticDenAFTERhauling-2.jpg', 'SortOrder': None}]","{""BuildingAddress"": ""409 GENEVA STREET N"", ""OverallSafetyRating"": 8, ""CategoryScores"": [{""Fire Protection"": 0}, {""Notification Systems"": 0}, {""Emergency Egress"": 0}, {""Applicable Code"": 0}, {""Fire Extinguishers"": 0}, {""Construction Type"": 0}, {""Valid Certificate of Compliance"": 8}], ""OverallSafetyRatingAsPercentage"": 17, ""CategoryScoresAsPercentage"": [{""Fire Protection"": 0}, {""Notification Systems"": 0}, {""Emergency Egress"": 0}, {""Applicable Code"": 0}, {""Fire Extinguishers"": 0}, {""Construction Type"": 0}, {""Valid Certificate of Compliance"": 100}], ""SprinklerType"": [], ""FireExtinguisherCertificateExpiration"": null, ""NotificationSystem"": [{""subCategory"": ""Single Station Smoke Alarm"", ""notificationType"": ""Single Station Smoke Alarm"", ""notificationSystemCertificateExpiration"": ""2023-08-07""}], ""HasValidCertificateOfOccupancy"": true, ""MeetsMinimumRequirements"": true, ""ExceedsRequirements"": false, ""HasFireResistantConstructionType"": false, ""SatisfiesApplicableCode"": false, ""CertificateExpirationDate"": ""2027-08-07T00:00:00.000Z"", ""DateLastUpdated"": ""2025-07-30T07:01:41.000Z""}"
5209,4391,2025-04-02T00:00:00.000Z,6,217 Columbia Street (Bldg. # 1),Unit A,Ithaca,14850,"Female Only 
Price: $835/month (Utilities + parking + ALL furniture included!) (Bidets!) (Flat screen 60inch TV + full kitchen cabinets!) (In-unit laundry)
Duration: ASAP until 10/01/2025.","Near Cornell & IC. Fully furnished duplex with high-end finishes (granite counters, stainless steel appliances, custom tiled bathrooms). Renovated in 2018. 4 blocks from Ithaca Commons. 7-min drive to Cornell (free parking at unit), 2-min walk to bus stop. All utilities included except Wi-Fi ($20/mo) & trash tags ($10/mo). Tons of high-end furniture & decor & all essentials included. Subletting while I travel. Email nhm45@cornell.edu for details.
Price and duration is negotiable if needed.",835,Price Per Person,Yes,"['Electricity Included', 'Electronic Payments Accepted', 'Furnished', 'Heat Included', 'Internet Available', 'Kitchen', 'Laundry Facilities', 'Near Bus Route', 'Off-Street Parking Available', 'Off-Street Parking Included', 'Permitted Street Parking Available', 'Water Included', 'Wheelchair Accessible']",Female,3,2,"['Short-Term Housing', 'Spring Sublet', 'Summer Sublet']",Room to Rent,42.4360040846943,-76.49369710460404,"{'lat': 42.4360040846943, 'lng': -76.49369710460404}",True,2025-10-02T00:00:00.000Z,True,Yes,2025-04-02T17:16:30.360Z,2025-04-02T18:39:26.394Z,217 COLUMBIA STREET (BLDG. # 1),"[{'PhotoId': 40044, 'PhotoName': 'Screenshot 2025-04-02 at 1.22.11â\x80¯PM.png', 'IsDefault': True, 'AddedDateTime': '2025-04-02T17:24:26.118Z', 'listingId': 5209, 'PhotoUrl': 'https://images.listings.offcampusliving.cornell.edu/listings/5209/Screenshot 2025-04-02 at 1.22.11â\x80¯PM.png', 'SortOrder': 1}, {'PhotoId': 40036, 'PhotoName': 'Screenshot 2025-04-02 at 1.22.01â\x80¯PM.png', 'IsDefault': False, 'AddedDateTime': '2025-04-02T17:23:30.629Z', 'listingId': 5209, 'PhotoUrl': 'https://images.listings.offcampusliving.cornell.edu/listings/5209/Screenshot 2025-04-02 at 1.22.01â\x80¯PM.png', 'SortOrder': 2}, {'PhotoId': 40037, 'PhotoName': 'Screenshot 2025-04-02 at 1.22.14â\x80¯PM.png', 'IsDefault': False, 'AddedDateTime': '2025-04-02T17:24:21.235Z', 'listingId': 5209, 'PhotoUrl': 'https://images.listings.offcampusliving.cornell.edu/listings/5209/Screenshot 2025-04-02 at 1.22.14â\x80¯PM.png', 'SortOrder': 3}, {'PhotoId': 40038, 'PhotoName': 'Screenshot 2025-04-02 at 1.22.17â\x80¯PM.png', 'IsDefault': False, 'AddedDateTime': '2025-04-02T17:24:22.007Z', 'listingId': 5209, 'PhotoUrl': 'https://images.listings.offcampusliving.cornell.edu/listings/5209/Screenshot 2025-04-02 at 1.22.17â\x80¯PM.png', 'SortOrder': 4}, {'PhotoId': 40039, 'PhotoName': 'Screenshot 2025-04-02 at 1.22.25â\x80¯PM.png', 'IsDefault': False, 'AddedDateTime': '2025-04-02T17:24:22.640Z', 'listingId': 5209, 'PhotoUrl': 'https://images.listings.offcampusliving.cornell.edu/listings/5209/Screenshot 2025-04-02 at 1.22.25â\x80¯PM.png', 'SortOrder': 5}, {'PhotoId': 40040, 'PhotoName': 'Screenshot 2025-04-02 at 1.22.29â\x80¯PM.png', 'IsDefault': False, 'AddedDateTime': '2025-04-02T17:24:23.390Z', 'listingId': 5209, 'PhotoUrl': 'https://images.listings.offcampusliving.cornell.edu/listings/5209/Screenshot 2025-04-02 at 1.22.29â\x80¯PM.png', 'SortOrder': 6}, {'PhotoId': 40041, 'PhotoName': 'Screenshot 2025-04-02 at 1.22.41â\x80¯PM.png', 'IsDefault': False, 'AddedDateTime': '2025-04-02T17:24:24.069Z', 'listingId': 5209, 'PhotoUrl': 'https://images.listings.offcampusliving.cornell.edu/listings/5209/Screenshot 2025-04-02 at 1.22.41â\x80¯PM.png', 'SortOrder': 7}, {'PhotoId': 40042, 'PhotoName': 'Screenshot 2025-04-02 at 1.22.51â\x80¯PM.png', 'IsDefault': False, 'AddedDateTime': '2025-04-02T17:24:24.713Z', 'listingId': 5209, 'PhotoUrl': 'https://images.listings.offcampusliving.cornell.edu/listings/5209/Screenshot 2025-04-02 at 1.22.51â\x80¯PM.png', 'SortOrder': 8}, {'PhotoId': 40043, 'PhotoName': 'Screenshot 2025-04-02 at 1.22.43â\x80¯PM.png', 'IsDefault': False, 'AddedDateTime': '2025-04-02T17:24:25.176Z', 'listingId': 5209, 'PhotoUrl': 'https://images.listings.offcampusliving.cornell.edu/listings/5209/Screenshot 2025-04-02 at 1.22.43â\x80¯PM.png', 'SortOrder': 9}]","{""BuildingAddress"": ""217 COLUMBIA STREET (BLDG. # 1)"", ""OverallSafetyRating"": 8, ""CategoryScores"": [{""Fire Protection"": 0}, {""Notification Systems"": 0}, {""Emergency Egress"": 0}, {""Applicable Code"": 0}, {""Fire Extinguishers"": 0}, {""Construction Type"": 0}, {""Valid Certificate of Compliance"": 8}], ""OverallSafetyRatingAsPercentage"": 17, ""CategoryScoresAsPercentage"": [{""Fire Protection"": 0}, {""Notification Systems"": 0}, {""Emergency Egress"": 0}, {""Applicable Code"": 0}, {""Fire Extinguishers"": 0}, {""Construction Type"": 0}, {""Valid Certificate of Compliance"": 100}], ""SprinklerType"": [], ""FireExtinguisherCertificateExpiration"": null, ""NotificationSystem"": [{""subCategory"": ""Single Station Smoke Alarm"", ""notificationType"": ""Single Station Smoke Alarm"", ""notificationSystemCertificateExpiration"": ""2025-03-27""}], ""HasValidCertificateOfOccupancy"": true, ""MeetsMinimumRequirements"": false, ""ExceedsRequirements"": false, ""HasFireResistantConstructionType"": false, ""SatisfiesApplicableCode"": false, ""CertificateExpirationDate"": ""2029-04-18T00:00:00.000Z"", ""DateLastUpdated"": ""2025-07-30T07:01:30.000Z""}"
5211,4391,2025-04-02T00:00:00.000Z,6,217 Columbia Street (Bldg. # 1),Unit A,Ithaca,14850,"Female Only in 3Br 2Bth 
Price: $835/month (Utilities + parking + ALL furniture included!) (Bidets!) (Flat screen 60inch TV + full kitchen cabinets!) (In-unit laundry)
Duration: ASAP until 10/01/2025.","Near Cornell & IC. Fully furnished duplex with high-end finishes (granite counters, stainless steel appliances, custom tiled bathrooms). Renovated in 2018. 4 blocks from Ithaca Commons. 7-min drive to Cornell (free parking at unit), 2-min walk to bus stop. All utilities included except Wi-Fi ($20/mo) & trash tags ($10/mo). Tons of high-end furniture & decor & all essentials included. Subletting while I travel. Email nhm45@cornell.edu for details.
Price and duration is negotiable if needed.",835,Price Per Person,Yes,"['Electricity Included', 'Electronic Payments Accepted', 'Furnished', 'Heat Included', 'Internet Available', 'Kitchen', 'Laundry Facilities', 'Near Bus Route', 'Off-Street Parking Available', 'Off-Street Parking Included', 'Permitted Street Parking Available', 'Water Included', 'Wheelchair Accessible']",Female,1,1,"['Fall Sublet', 'Short-Term Housing', 'Spring Sublet', 'Summer Sublet', 'Commencement', 'Graduate', 'Staff/Faculty', 'Undergraduate']",Room to Rent,42.43592609934799,-76.49363416632545,"{'lat': 42.43592609934799, 'lng': -76.49363416632545}",True,2026-04-02T00:00:00.000Z,True,Yes,2025-04-02T18:39:18.894Z,2025-04-02T18:43:49.010Z,217 COLUMBIA STREET (BLDG. # 1),"[{'PhotoId': 40052, 'PhotoName': 'Screenshot 2025-04-02 at 1.22.11â\x80¯PM.png', 'IsDefault': True, 'AddedDateTime': '2025-04-02T18:42:20.252Z', 'listingId': 5211, 'PhotoUrl': 'https://images.listings.offcampusliving.cornell.edu/listings/5211/Screenshot 2025-04-02 at 1.22.11â\x80¯PM.png', 'SortOrder': None}, {'PhotoId': 40050, 'PhotoName': 'Screenshot 2025-04-02 at 1.22.01â\x80¯PM.png', 'IsDefault': False, 'AddedDateTime': '2025-04-02T18:42:18.900Z', 'listingId': 5211, 'PhotoUrl': 'https://images.listings.offcampusliving.cornell.edu/listings/5211/Screenshot 2025-04-02 at 1.22.01â\x80¯PM.png', 'SortOrder': None}, {'PhotoId': 40051, 'PhotoName': 'Screenshot 2025-04-02 at 1.22.05â\x80¯PM.png', 'IsDefault': False, 'AddedDateTime': '2025-04-02T18:42:19.655Z', 'listingId': 5211, 'PhotoUrl': 'https://images.listings.offcampusliving.cornell.edu/listings/5211/Screenshot 2025-04-02 at 1.22.05â\x80¯PM.png', 'SortOrder': None}, {'PhotoId': 40053, 'PhotoName': 'Screenshot 2025-04-02 at 1.22.14â\x80¯PM.png', 'IsDefault': False, 'AddedDateTime': '2025-04-02T18:42:20.973Z', 'listingId': 5211, 'PhotoUrl': 'https://images.listings.offcampusliving.cornell.edu/listings/5211/Screenshot 2025-04-02 at 1.22.14â\x80¯PM.png', 'SortOrder': None}, {'PhotoId': 40054, 'PhotoName': 'Screenshot 2025-04-02 at 1.22.17â\x80¯PM.png', 'IsDefault': False, 'AddedDateTime': '2025-04-02T18:42:21.567Z', 'listingId': 5211, 'PhotoUrl': 'https://images.listings.offcampusliving.cornell.edu/listings/5211/Screenshot 2025-04-02 at 1.22.17â\x80¯PM.png', 'SortOrder': None}, {'PhotoId': 40055, 'PhotoName': 'Screenshot 2025-04-02 at 1.22.22â\x80¯PM.png', 'IsDefault': False, 'AddedDateTime': '2025-04-02T18:42:22.313Z', 'listingId': 5211, 'PhotoUrl': 'https://images.listings.offcampusliving.cornell.edu/listings/5211/Screenshot 2025-04-02 at 1.22.22â\x80¯PM.png', 'SortOrder': None}, {'PhotoId': 40056, 'PhotoName': 'Screenshot 2025-04-02 at 1.22.25â\x80¯PM.png', 'IsDefault': False, 'AddedDateTime': '2025-04-02T18:42:22.866Z', 'listingId': 5211, 'PhotoUrl': 'https://images.listings.offcampusliving.cornell.edu/listings/5211/Screenshot 2025-04-02 at 1.22.25â\x80¯PM.png', 'SortOrder': None}, {'PhotoId': 40057, 'PhotoName': 'Screenshot 2025-04-02 at 1.22.29â\x80¯PM.png', 'IsDefault': False, 'AddedDateTime': '2025-04-02T18:42:23.450Z', 'listingId': 5211, 'PhotoUrl': 'https://images.listings.offcampusliving.cornell.edu/listings/5211/Screenshot 2025-04-02 at 1.22.29â\x80¯PM.png', 'SortOrder': None}, {'PhotoId': 40058, 'PhotoName': 'Screenshot 2025-04-02 at 1.22.34â\x80¯PM.png', 'IsDefault': False, 'AddedDateTime': '2025-04-02T18:42:24.261Z', 'listingId': 5211, 'PhotoUrl': 'https://images.listings.offcampusliving.cornell.edu/listings/5211/Screenshot 2025-04-02 at 1.22.34â\x80¯PM.png', 'SortOrder': None}, {'PhotoId': 40059, 'PhotoName': 'Screenshot 2025-04-02 at 1.22.41â\x80¯PM.png', 'IsDefault': False, 'AddedDateTime': '2025-04-02T18:42:24.761Z', 'listingId': 5211, 'PhotoUrl': 'https://images.listings.offcampusliving.cornell.edu/listings/5211/Screenshot 2025-04-02 at 1.22.41â\x80¯PM.png', 'SortOrder': None}, {'PhotoId': 40060, 'PhotoName': 'Screenshot 2025-04-02 at 1.22.43â\x80¯PM.png', 'IsDefault': False, 'AddedDateTime': '2025-04-02T18:42:25.275Z', 'listingId': 5211, 'PhotoUrl': 'https://images.listings.offcampusliving.cornell.edu/listings/5211/Screenshot 2025-04-02 at 1.22.43â\x80¯PM.png', 'SortOrder': None}, {'PhotoId': 40061, 'PhotoName': 'Screenshot 2025-04-02 at 1.22.51â\x80¯PM.png', 'IsDefault': False, 'AddedDateTime': '2025-04-02T18:42:25.831Z', 'listingId': 5211, 'PhotoUrl': 'https://images.listings.offcampusliving.cornell.edu/listings/5211/Screenshot 2025-04-02 at 1.22.51â\x80¯PM.png', 'SortOrder': None}, {'PhotoId': 40062, 'PhotoName': 'Screenshot 2025-04-02 at 1.22.14â\x80¯PM.png', 'IsDefault': False, 'AddedDateTime': '2025-04-02T18:42:26.415Z', 'listingId': 5211, 'PhotoUrl': 'https://images.listings.offcampusliving.cornell.edu/listings/5211/Screenshot 2025-04-02 at 1.22.14â\x80¯PM.png', 'SortOrder': None}]","{""BuildingAddress"": ""217 COLUMBIA STREET (BLDG. # 1)"", ""OverallSafetyRating"": 8, ""CategoryScores"": [{""Fire Protection"": 0}, {""Notification Systems"": 0}, {""Emergency Egress"": 0}, {""Applicable Code"": 0}, {""Fire Extinguishers"": 0}, {""Construction Type"": 0}, {""Valid Certificate of Compliance"": 8}], ""OverallSafetyRatingAsPercentage"": 17, ""CategoryScoresAsPercentage"": [{""Fire Protection"": 0}, {""Notification Systems"": 0}, {""Emergency Egress"": 0}, {""Applicable Code"": 0}, {""Fire Extinguishers"": 0}, {""Construction Type"": 0}, {""Valid Certificate of Compliance"": 100}], ""SprinklerType"": [], ""FireExtinguisherCertificateExpiration"": null, ""NotificationSystem"": [{""subCategory"": ""Single Station Smoke Alarm"", ""notificationType"": ""Single Station Smoke Alarm"", ""notificationSystemCertificateExpiration"": ""2025-03-27""}], ""HasValidCertificateOfOccupancy"": true, ""MeetsMinimumRequirements"": false, ""ExceedsRequirements"": false, ""HasFireResistantConstructionType"": false, ""SatisfiesApplicableCode"": false, ""CertificateExpirationDate"": ""2029-04-18T00:00:00.000Z"", ""DateLastUpdated"": ""2025-07-30T07:01:30.000Z""}"
5220,3233,2025-07-02T00:00:00.000Z,12,215 Snyder Hill Rd,,Ithaca,14850,Family or grad student(s) housing    ,"Pristine, updated 2 BR/2 bath with nursery room, deck, yard, and TCAT bus stop in front, just 2.2 miles from Cornell Vet School",3000,Price Per Unit,No,"['Air Conditioning', 'Electronic Payments Accepted', 'Furnished', 'Internet Available', 'Kitchen', 'Laundry Facilities', 'Near Bus Route', 'Off-Street Parking Included']",No Preference,2,2,"['Graduate', 'Sabbatic Housing', 'Short-Term Housing', 'Staff/Faculty']",Rent,42.42351592380204,-76.45089687171858,"{'lat': 42.42351592380204, 'lng': -76.45089687171858}",True,2026-01-06T00:00:00.000Z,True,No,2025-04-06T11:25:58.850Z,2025-04-29T01:31:01.425Z,,"[{'PhotoId': 40158, 'PhotoName': 'forCornelllisting Snyder Hill Rd 2bed_2bath for rent (3).jpg', 'IsDefault': True, 'AddedDateTime': '2025-04-06T11:52:43.818Z', 'listingId': 5220, 'PhotoUrl': 'https://images.listings.offcampusliving.cornell.edu/listings/5220/forCornelllisting Snyder Hill Rd 2bed_2bath for rent (3).jpg', 'SortOrder': 1}, {'PhotoId': 40156, 'PhotoName': 'forCornelllisting Snyder Hill Rd 2bed_2bath for rent (1).jpg', 'IsDefault': False, 'AddedDateTime': '2025-04-06T11:52:43.351Z', 'listingId': 5220, 'PhotoUrl': 'https://images.listings.offcampusliving.cornell.edu/listings/5220/forCornelllisting Snyder Hill Rd 2bed_2bath for rent (1).jpg', 'SortOrder': 2}, {'PhotoId': 40166, 'PhotoName': 'forCornelllisting Snyder Hill Rd 2bed_2bath for rent (11).jpg', 'IsDefault': False, 'AddedDateTime': '2025-04-06T11:52:45.741Z', 'listingId': 5220, 'PhotoUrl': 'https://images.listings.offcampusliving.cornell.edu/listings/5220/forCornelllisting Snyder Hill Rd 2bed_2bath for rent (11).jpg', 'SortOrder': 3}, {'PhotoId': 40155, 'PhotoName': 'forCornelllisting Snyder Hill Rd 2bed_2bath for rent.jpg', 'IsDefault': False, 'AddedDateTime': '2025-04-06T11:52:43.090Z', 'listingId': 5220, 'PhotoUrl': 'https://images.listings.offcampusliving.cornell.edu/listings/5220/forCornelllisting Snyder Hill Rd 2bed_2bath for rent.jpg', 'SortOrder': 4}, {'PhotoId': 40167, 'PhotoName': 'forCornelllisting Snyder Hill Rd 2bed_2bath for rent (12).jpg', 'IsDefault': False, 'AddedDateTime': '2025-04-06T11:52:45.949Z', 'listingId': 5220, 'PhotoUrl': 'https://images.listings.offcampusliving.cornell.edu/listings/5220/forCornelllisting Snyder Hill Rd 2bed_2bath for rent (12).jpg', 'SortOrder': 5}, {'PhotoId': 40157, 'PhotoName': 'forCornelllisting Snyder Hill Rd 2bed_2bath for rent (2).jpg', 'IsDefault': False, 'AddedDateTime': '2025-04-06T11:52:43.572Z', 'listingId': 5220, 'PhotoUrl': 'https://images.listings.offcampusliving.cornell.edu/listings/5220/forCornelllisting Snyder Hill Rd 2bed_2bath for rent (2).jpg', 'SortOrder': 6}, {'PhotoId': 40159, 'PhotoName': 'forCornelllisting Snyder Hill Rd 2bed_2bath for rent (4).jpg', 'IsDefault': False, 'AddedDateTime': '2025-04-06T11:52:44.050Z', 'listingId': 5220, 'PhotoUrl': 'https://images.listings.offcampusliving.cornell.edu/listings/5220/forCornelllisting Snyder Hill Rd 2bed_2bath for rent (4).jpg', 'SortOrder': 7}, {'PhotoId': 40160, 'PhotoName': 'forCornelllisting Snyder Hill Rd 2bed_2bath for rent (5).jpg', 'IsDefault': False, 'AddedDateTime': '2025-04-06T11:52:44.323Z', 'listingId': 5220, 'PhotoUrl': 'https://images.listings.offcampusliving.cornell.edu/listings/5220/forCornelllisting Snyder Hill Rd 2bed_2bath for rent (5).jpg', 'SortOrder': 8}, {'PhotoId': 40161, 'PhotoName': 'forCornelllisting Snyder Hill Rd 2bed_2bath for rent (6).jpg', 'IsDefault': False, 'AddedDateTime': '2025-04-06T11:52:44.535Z', 'listingId': 5220, 'PhotoUrl': 'https://images.listings.offcampusliving.cornell.edu/listings/5220/forCornelllisting Snyder Hill Rd 2bed_2bath for rent (6).jpg', 'SortOrder': 9}, {'PhotoId': 40162, 'PhotoName': 'forCornelllisting Snyder Hill Rd 2bed_2bath for rent (9).jpg', 'IsDefault': False, 'AddedDateTime': '2025-04-06T11:52:44.785Z', 'listingId': 5220, 'PhotoUrl': 'https://images.listings.offcampusliving.cornell.edu/listings/5220/forCornelllisting Snyder Hill Rd 2bed_2bath for rent (9).jpg', 'SortOrder': 10}, {'PhotoId': 40163, 'PhotoName': 'forCornelllisting Snyder Hill Rd 2bed_2bath for rent (7).jpg', 'IsDefault': False, 'AddedDateTime': '2025-04-06T11:52:44.997Z', 'listingId': 5220, 'PhotoUrl': 'https://images.listings.offcampusliving.cornell.edu/listings/5220/forCornelllisting Snyder Hill Rd 2bed_2bath for rent (7).jpg', 'SortOrder': 11}, {'PhotoId': 40164, 'PhotoName': 'forCornelllisting Snyder Hill Rd 2bed_2bath for rent (8).jpg', 'IsDefault': False, 'AddedDateTime': '2025-04-06T11:52:45.239Z', 'listingId': 5220, 'PhotoUrl': 'https://images.listings.offcampusliving.cornell.edu/listings/5220/forCornelllisting Snyder Hill Rd 2bed_2bath for rent (8).jpg', 'SortOrder': 12}, {'PhotoId': 40165, 'PhotoName': 'forCornelllisting Snyder Hill Rd 2bed_2bath for rent (10).jpg', 'IsDefault': False, 'AddedDateTime': '2025-04-06T11:52:45.473Z', 'listingId': 5220, 'PhotoUrl': 'https://images.listings.offcampusliving.cornell.edu/listings/5220/forCornelllisting Snyder Hill Rd 2bed_2bath for rent (10).jpg', 'SortOrder': 13}, {'PhotoId': 40168, 'PhotoName': 'forCornelllisting Snyder Hill Rd 2bed_2bath for rent (13).jpg', 'IsDefault': False, 'AddedDateTime': '2025-04-06T11:52:46.158Z', 'listingId': 5220, 'PhotoUrl': 'https://images.listings.offcampusliving.cornell.edu/listings/5220/forCornelllisting Snyder Hill Rd 2bed_2bath for rent (13).jpg', 'SortOrder': 14}]",
5229,1244,2025-09-01T00:00:00.000Z,12,300 Lower Creek Road,,Ithaca,14850,Brand new 2 bedroom 2 bath,"1 units available ready for move in starting Sept 1
1100 sqft with 1 car garage + storage

2 bedrooms and 2 full bathrooms- ideal roommate set up 
All stainless steel appliances (dishwasher, built-in microwave, fridge, glass-top oven)
Luxury Vinyl Tile (LVT) floors all throughout the apartment
Stackable Washer and Dryer in Unit 
AC in every room (heat pump) and radiant heat floor
Private driveway and porch for each apartment 
Private outdoor patio area
Water and Sewage included
Spacious yard
",2400,Price Per Unit,Yes,"['Air Conditioning', 'Internet Available', 'Kitchen', 'Laundry Facilities', 'Water Included', 'Off-Street Parking Included']",No Preference,2,2,"['Commencement', 'Fall Sublet', 'Graduate', 'Sabbatic Housing', 'Spring Sublet', 'Staff/Faculty', 'Summer Sublet', 'Undergraduate']",Rent,42.47703078971031,-76.40968325525061,"{'lat': 42.47703078971031, 'lng': -76.40968325525061}",True,2025-09-08T00:00:00.000Z,True,No,2025-04-14T11:53:41.948Z,2025-08-25T13:28:20.135Z,,"[{'PhotoId': 42848, 'PhotoName': 'hero-banner-edited-1 (1).png', 'IsDefault': True, 'AddedDateTime': '2025-08-25T13:29:41.551Z', 'listingId': 5229, 'PhotoUrl': 'https://images.listings.offcampusliving.cornell.edu/listings/5229/hero-banner-edited-1 (1).png', 'SortOrder': 1}, {'PhotoId': 42849, 'PhotoName': 'img_3395-1.png', 'IsDefault': False, 'AddedDateTime': '2025-08-25T13:29:43.308Z', 'listingId': 5229, 'PhotoUrl': 'https://images.listings.offcampusliving.cornell.edu/listings/5229/img_3395-1.png', 'SortOrder': 2}, {'PhotoId': 40268, 'PhotoName': 'Screenshot 2025-04-09 at 9.21.20â\x80¯PM.png', 'IsDefault': False, 'AddedDateTime': '2025-04-14T11:58:08.109Z', 'listingId': 5229, 'PhotoUrl': 'https://images.listings.offcampusliving.cornell.edu/listings/5229/Screenshot 2025-04-09 at 9.21.20â\x80¯PM.png', 'SortOrder': 3}, {'PhotoId': 40267, 'PhotoName': 'Screenshot 2025-04-09 at 9.21.14â\x80¯PM.png', 'IsDefault': False, 'AddedDateTime': '2025-04-14T11:58:06.263Z', 'listingId': 5229, 'PhotoUrl': 'https://images.listings.offcampusliving.cornell.edu/listings/5229/Screenshot 2025-04-09 at 9.21.14â\x80¯PM.png', 'SortOrder': 4}, {'PhotoId': 40272, 'PhotoName': 'IMG_4460.jpeg', 'IsDefault': False, 'AddedDateTime': '2025-04-14T11:58:39.582Z', 'listingId': 5229, 'PhotoUrl': 'https://images.listings.offcampusliving.cornell.edu/listings/5229/IMG_4460.jpeg', 'SortOrder': 5}, {'PhotoId': 40271, 'PhotoName': 'IMG_4457.jpeg', 'IsDefault': False, 'AddedDateTime': '2025-04-14T11:58:38.523Z', 'listingId': 5229, 'PhotoUrl': 'https://images.listings.offcampusliving.cornell.edu/listings/5229/IMG_4457.jpeg', 'SortOrder': 6}, {'PhotoId': 40266, 'PhotoName': 'Screenshot 2025-04-09 at 9.21.07â\x80¯PM.png', 'IsDefault': False, 'AddedDateTime': '2025-04-14T11:58:04.464Z', 'listingId': 5229, 'PhotoUrl': 'https://images.listings.offcampusliving.cornell.edu/listings/5229/Screenshot 2025-04-09 at 9.21.07â\x80¯PM.png', 'SortOrder': 7}, {'PhotoId': 40265, 'PhotoName': 'Screenshot 2025-04-09 at 9.21.00â\x80¯PM.png', 'IsDefault': False, 'AddedDateTime': '2025-04-14T11:58:02.646Z', 'listingId': 5229, 'PhotoUrl': 'https://images.listings.offcampusliving.cornell.edu/listings/5229/Screenshot 2025-04-09 at 9.21.00â\x80¯PM.png', 'SortOrder': 8}, {'PhotoId': 40270, 'PhotoName': 'IMG_4455.jpeg', 'IsDefault': False, 'AddedDateTime': '2025-04-14T11:58:36.141Z', 'listingId': 5229, 'PhotoUrl': 'https://images.listings.offcampusliving.cornell.edu/listings/5229/IMG_4455.jpeg', 'SortOrder': 9}, {'PhotoId': 40269, 'PhotoName': 'IMG_4454.jpeg', 'IsDefault': False, 'AddedDateTime': '2025-04-14T11:58:35.069Z', 'listingId': 5229, 'PhotoUrl': 'https://images.listings.offcampusliving.cornell.edu/listings/5229/IMG_4454.jpeg', 'SortOrder': 10}, {'PhotoId': 40264, 'PhotoName': 'Screenshot 2025-04-09 at 9.20.52â\x80¯PM.png', 'IsDefault': False, 'AddedDateTime': '2025-04-14T11:58:00.546Z', 'listingId': 5229, 'PhotoUrl': 'https://images.listings.offcampusliving.cornell.edu/listings/5229/Screenshot 2025-04-09 at 9.20.52â\x80¯PM.png', 'SortOrder': 11}, {'PhotoId': 40273, 'PhotoName': 'IMG_5048.jpg', 'IsDefault': False, 'AddedDateTime': '2025-04-14T11:58:40.270Z', 'listingId': 5229, 'PhotoUrl': 'https://images.listings.offcampusliving.cornell.edu/listings/5229/IMG_5048.jpg', 'SortOrder': 12}, {'PhotoId': 42850, 'PhotoName': 'img_3392-edited.png', 'IsDefault': False, 'AddedDateTime': '2025-08-25T13:30:28.471Z', 'listingId': 5229, 'PhotoUrl': 'https://images.listings.offcampusliving.cornell.edu/listings/5229/img_3392-edited.png', 'SortOrder': 13}]",
5244,4428,2025-06-01T00:00:00.000Z,12,120 Linden Avenue,3,Ithaca,14850,"This house is located in the heart of Collegetown, a 5 min walk to campus. One bedroom available. Plenty of room for study, sleep, and storage plus two full ceramic bathrooms and two open kitchens.","This room is a part of a 7-person house, with 2 floors--each having its own kitchen, bathroom, and common living area with multiple couches. You'll be living with 6 seniors at Cornell (male) who are clean, laidback, and friendly. The room, which is located on the first floor along with 3 other rooms, comes furnished with a bed, desk, chair, and dresser. There are also laundry machines and a dishwasher located within the house. Rent is $965/month for a 12-month lease.",965,Price Per Person,No,"['Electronic Payments Accepted', 'Furnished', 'Heat Included', 'Internet Available', 'Kitchen', 'Laundry Facilities', 'Near Bus Route', 'Off-Street Parking Available', 'Wheelchair Accessible', 'Permitted Street Parking Available']",No Preference,1,1,"['Undergraduate', 'Graduate', 'Short-Term Housing']",Rent,42.4384724251897,-76.4841900821743,"{'lat': 42.4384724251897, 'lng': -76.4841900821743}",True,2026-05-22T00:00:00.000Z,True,Yes,2025-04-21T23:15:05.000Z,2025-04-22T00:08:13.955Z,120 LINDEN AVENUE,"[{'PhotoId': 40413, 'PhotoName': 'IMG_9511.PNG', 'IsDefault': True, 'AddedDateTime': '2025-04-21T23:56:05.155Z', 'listingId': 5244, 'PhotoUrl': 'https://images.listings.offcampusliving.cornell.edu/listings/5244/IMG_9511.PNG', 'SortOrder': None}, {'PhotoId': 40414, 'PhotoName': 'IMG_9510.PNG', 'IsDefault': False, 'AddedDateTime': '2025-04-21T23:56:50.183Z', 'listingId': 5244, 'PhotoUrl': 'https://images.listings.offcampusliving.cornell.edu/listings/5244/IMG_9510.PNG', 'SortOrder': None}, {'PhotoId': 40415, 'PhotoName': 'matoula120linden3-300x225.jpeg', 'IsDefault': False, 'AddedDateTime': '2025-04-22T00:03:12.500Z', 'listingId': 5244, 'PhotoUrl': 'https://images.listings.offcampusliving.cornell.edu/listings/5244/matoula120linden3-300x225.jpeg', 'SortOrder': None}, {'PhotoId': 40416, 'PhotoName': 'matoula120linden4-300x225.jpeg', 'IsDefault': False, 'AddedDateTime': '2025-04-22T00:03:18.450Z', 'listingId': 5244, 'PhotoUrl': 'https://images.listings.offcampusliving.cornell.edu/listings/5244/matoula120linden4-300x225.jpeg', 'SortOrder': None}]","{""BuildingAddress"": ""120 LINDEN AVENUE"", ""OverallSafetyRating"": 8, ""CategoryScores"": [{""Fire Protection"": 0}, {""Notification Systems"": 0}, {""Emergency Egress"": 0}, {""Applicable Code"": 0}, {""Fire Extinguishers"": 0}, {""Construction Type"": 0}, {""Valid Certificate of Compliance"": 8}], ""OverallSafetyRatingAsPercentage"": 17, ""CategoryScoresAsPercentage"": [{""Fire Protection"": 0}, {""Notification Systems"": 0}, {""Emergency Egress"": 0}, {""Applicable Code"": 0}, {""Fire Extinguishers"": 0}, {""Construction Type"": 0}, {""Valid Certificate of Compliance"": 100}], ""SprinklerType"": [], ""FireExtinguisherCertificateExpiration"": null, ""NotificationSystem"": [{""subCategory"": ""Single Station Smoke Alarm"", ""notificationType"": ""Single Station Smoke Alarm"", ""notificationSystemCertificateExpiration"": ""2024-07-02""}], ""HasValidCertificateOfOccupancy"": true, ""MeetsMinimumRequirements"": false, ""ExceedsRequirements"": false, ""HasFireResistantConstructionType"": false, ""SatisfiesApplicableCode"": false, ""CertificateExpirationDate"": ""2028-07-02T00:00:00.000Z"", ""DateLastUpdated"": ""2025-07-30T07:01:20.000Z""}"
5245,4429,2026-01-01T00:00:00.000Z,6,114 Summit Avenue,207A,Ithaca,14850,"1 bedroom rental in a 5 bedroom shared LUX & LOFT apartment in the heart of Collegetown. It is the closest convenience for off-campus housing to the Cornell Campus. Start Date: January 1,2026","The bedroom is fully furnished with a private bathroom. The shared space has a large, fully equipped kitchen (refrigerator, dishwasher, microwave) adjacent to a nice-size living room with a smart TV (Roku). There is an In-unit Washer/Dryer. There are elevated amenities including a rooftop terrace, media room, fitness center, and study rooms. The building has an elevator and has controlled access for safety.   ",1525,Price Per Person,Yes,"['Air Conditioning', 'Electronic Payments Accepted', 'Furnished', 'Heat Included', 'Internet Included', 'Kitchen', 'Laundry Facilities', 'Near Bus Route', 'Off-Street Parking Available', 'Permitted Street Parking Available']",Male,1,1,"['Spring Sublet', 'Undergraduate', 'Short-Term Housing', 'Staff/Faculty', 'Graduate']",Rent,42.44218382765803,-76.48359350369131,"{'lat': 42.44218382765803, 'lng': -76.48359350369131}",True,2025-12-22T00:00:00.000Z,True,Yes,2025-04-21T23:52:59.284Z,2025-04-22T01:19:13.100Z,114 SUMMIT AVENUE,"[{'PhotoId': 40436, 'PhotoName': 'LUX-Floorplan.jpg', 'IsDefault': True, 'AddedDateTime': '2025-04-22T01:12:20.345Z', 'listingId': 5245, 'PhotoUrl': 'https://images.listings.offcampusliving.cornell.edu/listings/5245/LUX-Floorplan.jpg', 'SortOrder': None}, {'PhotoId': 40421, 'PhotoName': 'Lux-Pic2-room.png', 'IsDefault': False, 'AddedDateTime': '2025-04-22T00:28:00.490Z', 'listingId': 5245, 'PhotoUrl': 'https://images.listings.offcampusliving.cornell.edu/listings/5245/Lux-Pic2-room.png', 'SortOrder': 3}, {'PhotoId': 40418, 'PhotoName': 'Lux-Pic3-LR.jpg', 'IsDefault': False, 'AddedDateTime': '2025-04-22T00:23:14.975Z', 'listingId': 5245, 'PhotoUrl': 'https://images.listings.offcampusliving.cornell.edu/listings/5245/Lux-Pic3-LR.jpg', 'SortOrder': 4}, {'PhotoId': 40419, 'PhotoName': 'Lux-Pic4-fitness.jpg', 'IsDefault': False, 'AddedDateTime': '2025-04-22T00:23:28.871Z', 'listingId': 5245, 'PhotoUrl': 'https://images.listings.offcampusliving.cornell.edu/listings/5245/Lux-Pic4-fitness.jpg', 'SortOrder': 5}, {'PhotoId': 40420, 'PhotoName': 'Lux-Pic4-rooftop.jpg', 'IsDefault': False, 'AddedDateTime': '2025-04-22T00:23:29.256Z', 'listingId': 5245, 'PhotoUrl': 'https://images.listings.offcampusliving.cornell.edu/listings/5245/Lux-Pic4-rooftop.jpg', 'SortOrder': 6}]","{""BuildingAddress"": ""114 SUMMIT AVENUE"", ""OverallSafetyRating"": 19, ""CategoryScores"": [{""Fire Protection"": 0}, {""Notification Systems"": 2}, {""Emergency Egress"": 0}, {""Applicable Code"": 6}, {""Fire Extinguishers"": 0}, {""Construction Type"": 3}, {""Valid Certificate of Compliance"": 8}], ""OverallSafetyRatingAsPercentage"": 41, ""CategoryScoresAsPercentage"": [{""Fire Protection"": 0}, {""Notification Systems"": 33}, {""Emergency Egress"": 0}, {""Applicable Code"": 100}, {""Fire Extinguishers"": 0}, {""Construction Type"": 25}, {""Valid Certificate of Compliance"": 100}], ""SprinklerType"": [{""sprinklerType"": ""NFPA 13R Sprinkler System"", ""sprinklerCertificateExpiration"": ""2023-05-18""}], ""FireExtinguisherCertificateExpiration"": ""2023-05-18T00:00:00.000Z"", ""NotificationSystem"": [{""subCategory"": ""Fire Alarm System"", ""notificationType"": ""Fire Alarm System"", ""notificationSystemCertificateExpiration"": ""2024-06-11""}, {""subCategory"": ""Single Station Smoke Alarm"", ""notificationType"": ""Single Station Smoke Alarm"", ""notificationSystemCertificateExpiration"": ""2024-01-11""}, {""subCategory"": ""CO Detector"", ""notificationType"": ""CO Detector"", ""notificationSystemCertificateExpiration"": ""auto""}], ""HasValidCertificateOfOccupancy"": true, ""MeetsMinimumRequirements"": false, ""ExceedsRequirements"": false, ""HasFireResistantConstructionType"": false, ""SatisfiesApplicableCode"": true, ""CertificateExpirationDate"": ""2025-12-14T00:00:00.000Z"", ""DateLastUpdated"": ""2025-07-30T07:01:18.000Z""}"
5246,4430,2025-06-15T00:00:00.000Z,2,211 Linden Avenue,13,Ithaca,14850,3 bedroom apartment located on Linden Avenue in Collegetown. Contains 1.5 bathrooms. ,"3 bedroom apartment on Linden Avenue in Collegetown, located near by Cornell University. Available for subletting from June 15th to August 15th with 3 available rooms and 1.5 bathrooms. Price is negotiable! ",800,Price Per Person,No,"['Kitchen', 'Heat Included', 'Air Conditioning', 'Laundry Facilities', 'Permitted Street Parking Available', 'Water Included', 'Near Bus Route', 'Off-Street Parking Available']",No Preference,3,1.5,['Summer Sublet'],Rent,42.45111946207675,-76.48299660456628,"{'lat': 42.45111946207675, 'lng': -76.48299660456628}",True,2025-12-22T00:00:00.000Z,True,No,2025-04-22T00:22:22.370Z,2025-05-08T01:29:01.612Z,,"[{'PhotoId': 40422, 'PhotoName': 'Screenshot 2025-04-21 at 8.27.29 PM.png', 'IsDefault': True, 'AddedDateTime': '2025-04-22T00:30:33.752Z', 'listingId': 5246, 'PhotoUrl': 'https://images.listings.offcampusliving.cornell.edu/listings/5246/Screenshot 2025-04-21 at 8.27.29 PM.png', 'SortOrder': None}, {'PhotoId': 40423, 'PhotoName': 'Screenshot 2025-04-21 at 8.27.58 PM.png', 'IsDefault': False, 'AddedDateTime': '2025-04-22T00:30:34.243Z', 'listingId': 5246, 'PhotoUrl': 'https://images.listings.offcampusliving.cornell.edu/listings/5246/Screenshot 2025-04-21 at 8.27.58 PM.png', 'SortOrder': None}, {'PhotoId': 40424, 'PhotoName': 'Screenshot 2025-04-21 at 8.28.08 PM.png', 'IsDefault': False, 'AddedDateTime': '2025-04-22T00:30:34.766Z', 'listingId': 5246, 'PhotoUrl': 'https://images.listings.offcampusliving.cornell.edu/listings/5246/Screenshot 2025-04-21 at 8.28.08 PM.png', 'SortOrder': None}, {'PhotoId': 40425, 'PhotoName': 'Screenshot 2025-04-21 at 8.28.14 PM.png', 'IsDefault': False, 'AddedDateTime': '2025-04-22T00:30:35.508Z', 'listingId': 5246, 'PhotoUrl': 'https://images.listings.offcampusliving.cornell.edu/listings/5246/Screenshot 2025-04-21 at 8.28.14 PM.png', 'SortOrder': None}, {'PhotoId': 40426, 'PhotoName': 'Screenshot 2025-04-21 at 8.28.22 PM.png', 'IsDefault': False, 'AddedDateTime': '2025-04-22T00:30:36.291Z', 'listingId': 5246, 'PhotoUrl': 'https://images.listings.offcampusliving.cornell.edu/listings/5246/Screenshot 2025-04-21 at 8.28.22 PM.png', 'SortOrder': None}, {'PhotoId': 40427, 'PhotoName': 'Screenshot 2025-04-21 at 8.28.34 PM.png', 'IsDefault': False, 'AddedDateTime': '2025-04-22T00:30:36.743Z', 'listingId': 5246, 'PhotoUrl': 'https://images.listings.offcampusliving.cornell.edu/listings/5246/Screenshot 2025-04-21 at 8.28.34 PM.png', 'SortOrder': None}, {'PhotoId': 40428, 'PhotoName': 'Screenshot 2025-04-21 at 8.28.39 PM.png', 'IsDefault': False, 'AddedDateTime': '2025-04-22T00:30:37.439Z', 'listingId': 5246, 'PhotoUrl': 'https://images.listings.offcampusliving.cornell.edu/listings/5246/Screenshot 2025-04-21 at 8.28.39 PM.png', 'SortOrder': None}]",
5247,4431,2025-08-11T00:00:00.000Z,12,210 E Green St,Available,Ithaca,14850,The Ithacan Residences ,"At The Ithacan Residences, you aren’t just living in the heart of Ithaca, you’re part of it. Located at The Commons, take a step outside to find your choice of popular restaurants, shopping options, and more, all within walking distance. Our living spaces feature hardwood floors, stainless steel appliances, and are available in multiple floor plans. The Ithacan Residences provides a living experience that is simply unmatched.",2459,Price Per Person,Yes,"['Air Conditioning', 'Near Bus Route', 'Off-Street Parking Available', 'Kitchen', 'Internet Available', 'Wheelchair Accessible']",No Preference,2,2,"['Short-Term Housing', 'Fall Sublet', 'Spring Sublet', 'Summer Sublet', 'Undergraduate']",Rent,42.43893036127823,-76.4961427202434,"{'lat': 42.43893036127823, 'lng': -76.4961427202434}",True,2026-04-22T00:00:00.000Z,True,Yes,2025-04-22T20:11:19.378Z,2025-04-22T22:00:21.066Z,,"[{'PhotoId': 40438, 'PhotoName': 'Ithacan 1.jpg', 'IsDefault': True, 'AddedDateTime': '2025-04-22T21:58:12.132Z', 'listingId': 5247, 'PhotoUrl': 'https://images.listings.offcampusliving.cornell.edu/listings/5247/Ithacan 1.jpg', 'SortOrder': None}, {'PhotoId': 40439, 'PhotoName': 'Ithacan 2.jpg', 'IsDefault': False, 'AddedDateTime': '2025-04-22T21:58:16.821Z', 'listingId': 5247, 'PhotoUrl': 'https://images.listings.offcampusliving.cornell.edu/listings/5247/Ithacan 2.jpg', 'SortOrder': None}, {'PhotoId': 40440, 'PhotoName': 'Ithacan 3.jpg', 'IsDefault': False, 'AddedDateTime': '2025-04-22T21:58:21.337Z', 'listingId': 5247, 'PhotoUrl': 'https://images.listings.offcampusliving.cornell.edu/listings/5247/Ithacan 3.jpg', 'SortOrder': None}, {'PhotoId': 40441, 'PhotoName': 'Ithacan 4.jpg', 'IsDefault': False, 'AddedDateTime': '2025-04-22T21:58:25.207Z', 'listingId': 5247, 'PhotoUrl': 'https://images.listings.offcampusliving.cornell.edu/listings/5247/Ithacan 4.jpg', 'SortOrder': None}, {'PhotoId': 40442, 'PhotoName': 'IThacan 5.jpg', 'IsDefault': False, 'AddedDateTime': '2025-04-22T21:58:30.771Z', 'listingId': 5247, 'PhotoUrl': 'https://images.listings.offcampusliving.cornell.edu/listings/5247/IThacan 5.jpg', 'SortOrder': None}, {'PhotoId': 40443, 'PhotoName': 'Ithacan 6.jpg', 'IsDefault': False, 'AddedDateTime': '2025-04-22T21:58:35.590Z', 'listingId': 5247, 'PhotoUrl': 'https://images.listings.offcampusliving.cornell.edu/listings/5247/Ithacan 6.jpg', 'SortOrder': None}, {'PhotoId': 40444, 'PhotoName': 'Ithacan 7.jpg', 'IsDefault': False, 'AddedDateTime': '2025-04-22T21:58:42.085Z', 'listingId': 5247, 'PhotoUrl': 'https://images.listings.offcampusliving.cornell.edu/listings/5247/Ithacan 7.jpg', 'SortOrder': None}, {'PhotoId': 40445, 'PhotoName': 'Ithacan 8.jpg', 'IsDefault': False, 'AddedDateTime': '2025-04-22T21:58:46.028Z', 'listingId': 5247, 'PhotoUrl': 'https://images.listings.offcampusliving.cornell.edu/listings/5247/Ithacan 8.jpg', 'SortOrder': None}, {'PhotoId': 40446, 'PhotoName': 'Ithacan 9.jpg', 'IsDefault': False, 'AddedDateTime': '2025-04-22T21:58:49.902Z', 'listingId': 5247, 'PhotoUrl': 'https://images.listings.offcampusliving.cornell.edu/listings/5247/Ithacan 9.jpg', 'SortOrder': None}, {'PhotoId': 40447, 'PhotoName': 'Ithacan 10.jpg', 'IsDefault': False, 'AddedDateTime': '2025-04-22T21:58:53.359Z', 'listingId': 5247, 'PhotoUrl': 'https://images.listings.offcampusliving.cornell.edu/listings/5247/Ithacan 10.jpg', 'SortOrder': None}, {'PhotoId': 40448, 'PhotoName': 'Ithacan 11.jpg', 'IsDefault': False, 'AddedDateTime': '2025-04-22T21:58:56.889Z', 'listingId': 5247, 'PhotoUrl': 'https://images.listings.offcampusliving.cornell.edu/listings/5247/Ithacan 11.jpg', 'SortOrder': None}, {'PhotoId': 40449, 'PhotoName': 'ithacan 12.jpg', 'IsDefault': False, 'AddedDateTime': '2025-04-22T21:59:02.160Z', 'listingId': 5247, 'PhotoUrl': 'https://images.listings.offcampusliving.cornell.edu/listings/5247/ithacan 12.jpg', 'SortOrder': None}, {'PhotoId': 40450, 'PhotoName': 'Ithacan 13.jpg', 'IsDefault': False, 'AddedDateTime': '2025-04-22T21:59:06.045Z', 'listingId': 5247, 'PhotoUrl': 'https://images.listings.offcampusliving.cornell.edu/listings/5247/Ithacan 13.jpg', 'SortOrder': None}, {'PhotoId': 40451, 'PhotoName': 'Ithacan 14.jpg', 'IsDefault': False, 'AddedDateTime': '2025-04-22T21:59:10.067Z', 'listingId': 5247, 'PhotoUrl': 'https://images.listings.offcampusliving.cornell.edu/listings/5247/Ithacan 14.jpg', 'SortOrder': None}]",
5250,192,2025-08-13T00:00:00.000Z,10,21 Village Circle,,Ithaca,14850,Studio Apartments available in the Village Solars,"50% off July Security deposit! Online Tours & Virtual Viewings Available! Brand New Units, Never Before Lived-In, Ready to Lease Now!
Sign a Lease Today!

Secure a new rental from the convenience of your current residence via Facetime or Skype!!!
From start to finish, you can do it all online!

The nicest and newest apartments in Ithaca, these Lawrence Fabroni II designs feature passive solar construction built to be the brightest day lit apartments we can possibly create at an affordable price",1254,Price Per Unit,Yes,"['Air Conditioning', 'Electronic Payments Accepted', 'Internet Available', 'Kitchen', 'Laundry Facilities', 'Off-Street Parking Available', 'Near Bus Route']",No Preference,studio,1,"['Commencement', 'Graduate', 'Sabbatic Housing', 'Short-Term Housing', 'Staff/Faculty', 'Undergraduate']",Rent,42.44887901959924,-76.48405080988033,"{'lat': 42.44887901959924, 'lng': -76.48405080988033}",True,2025-09-30T00:00:00.000Z,True,No,2025-04-24T17:46:54.118Z,2025-08-13T17:35:33.990Z,,"[{'PhotoId': 40470, 'PhotoName': 'VS1.jpg', 'IsDefault': True, 'AddedDateTime': '2025-04-24T17:49:01.125Z', 'listingId': 5250, 'PhotoUrl': 'https://images.listings.offcampusliving.cornell.edu/listings/5250/VS1.jpg', 'SortOrder': None}, {'PhotoId': 40471, 'PhotoName': 'VS2.jpg', 'IsDefault': False, 'AddedDateTime': '2025-04-24T17:49:01.328Z', 'listingId': 5250, 'PhotoUrl': 'https://images.listings.offcampusliving.cornell.edu/listings/5250/VS2.jpg', 'SortOrder': None}, {'PhotoId': 40472, 'PhotoName': 'VS3.jpg', 'IsDefault': False, 'AddedDateTime': '2025-04-24T17:49:01.623Z', 'listingId': 5250, 'PhotoUrl': 'https://images.listings.offcampusliving.cornell.edu/listings/5250/VS3.jpg', 'SortOrder': None}, {'PhotoId': 40473, 'PhotoName': 'VS4.jpg', 'IsDefault': False, 'AddedDateTime': '2025-04-24T17:49:02.041Z', 'listingId': 5250, 'PhotoUrl': 'https://images.listings.offcampusliving.cornell.edu/listings/5250/VS4.jpg', 'SortOrder': None}]",
5251,192,2025-08-13T00:00:00.000Z,10,40 Village Circle,,Ithaca,14850,Jr. 1 bed apartment available at the Village Solars,"Free washer/dryer with 1st lease. 50% off August Security deposit! Online Tours & Virtual Viewings Available! Brand New Units, Never Before Lived-In, Ready to Lease Now!
Sign a Lease Today!

Secure a new rental from the convenience of your current residence via Facetime or Skype!
The nicest and newest apartments in Ithaca, these Lawrence Fabroni II designs feature passive solar construction built to be the brightest day lit apartments we can possibly create at an affordable price",1471,Price Per Unit,Yes,"['Air Conditioning', 'Electronic Payments Accepted', 'Internet Available', 'Kitchen', 'Laundry Facilities', 'Near Bus Route', 'Off-Street Parking Available']",No Preference,1,1,"['Graduate', 'Sabbatic Housing', 'Short-Term Housing', 'Staff/Faculty', 'Undergraduate']",Rent,42.44873591500752,-76.48447339993837,"{'lat': 42.44873591500752, 'lng': -76.48447339993837}",True,2025-09-30T00:00:00.000Z,True,No,2025-04-24T17:53:15.715Z,2025-08-13T17:38:13.799Z,,"[{'PhotoId': 40474, 'PhotoName': 'VS3.jpg', 'IsDefault': True, 'AddedDateTime': '2025-04-24T17:55:11.284Z', 'listingId': 5251, 'PhotoUrl': 'https://images.listings.offcampusliving.cornell.edu/listings/5251/VS3.jpg', 'SortOrder': None}, {'PhotoId': 40475, 'PhotoName': 'VS4.jpg', 'IsDefault': False, 'AddedDateTime': '2025-04-24T17:55:11.506Z', 'listingId': 5251, 'PhotoUrl': 'https://images.listings.offcampusliving.cornell.edu/listings/5251/VS4.jpg', 'SortOrder': None}, {'PhotoId': 40476, 'PhotoName': 'VS1.jpg', 'IsDefault': False, 'AddedDateTime': '2025-04-24T17:55:11.719Z', 'listingId': 5251, 'PhotoUrl': 'https://images.listings.offcampusliving.cornell.edu/listings/5251/VS1.jpg', 'SortOrder': None}, {'PhotoId': 40477, 'PhotoName': 'VS2.jpg', 'IsDefault': False, 'AddedDateTime': '2025-04-24T17:55:11.897Z', 'listingId': 5251, 'PhotoUrl': 'https://images.listings.offcampusliving.cornell.edu/listings/5251/VS2.jpg', 'SortOrder': None}]",
5252,192,2025-08-13T00:00:00.000Z,10,40 Village Circle,T,Ithaca,14850,Large 1 bedroom available in the Village Solars,"50% off Aug. Security deposit! Online Tours & Virtual Viewings Available! Brand New Units, Never Before Lived-In, Ready to Lease Now!
Sign a Lease Today!

Secure a new rental from the convenience of your current residence via Facetime or Skype!!!
From start to finish, you can do it all online!

The nicest and newest apartments in Ithaca, these Lawrence Fabroni II designs feature passive solar construction built to be the brightest day lit apartments we can possibly create at an affordable price",1686,Price Per Unit,Yes,"['Air Conditioning', 'Electronic Payments Accepted', 'Internet Available', 'Kitchen', 'Laundry Facilities', 'Near Bus Route', 'Off-Street Parking Available']",No Preference,1,1,"['Graduate', 'Sabbatic Housing', 'Short-Term Housing', 'Staff/Faculty', 'Undergraduate']",Rent,42.44933952739016,-76.48430069751336,"{'lat': 42.44933952739016, 'lng': -76.48430069751336}",True,2025-09-30T00:00:00.000Z,True,No,2025-04-24T18:01:38.654Z,2025-08-13T17:39:43.276Z,,"[{'PhotoId': 40478, 'PhotoName': 'VS1.jpg', 'IsDefault': True, 'AddedDateTime': '2025-04-24T18:03:35.309Z', 'listingId': 5252, 'PhotoUrl': 'https://images.listings.offcampusliving.cornell.edu/listings/5252/VS1.jpg', 'SortOrder': None}, {'PhotoId': 40479, 'PhotoName': 'VS2.jpg', 'IsDefault': False, 'AddedDateTime': '2025-04-24T18:03:35.617Z', 'listingId': 5252, 'PhotoUrl': 'https://images.listings.offcampusliving.cornell.edu/listings/5252/VS2.jpg', 'SortOrder': None}, {'PhotoId': 40480, 'PhotoName': 'VS3.jpg', 'IsDefault': False, 'AddedDateTime': '2025-04-24T18:03:35.880Z', 'listingId': 5252, 'PhotoUrl': 'https://images.listings.offcampusliving.cornell.edu/listings/5252/VS3.jpg', 'SortOrder': None}, {'PhotoId': 40481, 'PhotoName': 'VS4.jpg', 'IsDefault': False, 'AddedDateTime': '2025-04-24T18:03:36.227Z', 'listingId': 5252, 'PhotoUrl': 'https://images.listings.offcampusliving.cornell.edu/listings/5252/VS4.jpg', 'SortOrder': None}, {'PhotoId': 40482, 'PhotoName': 'VS5.jpg', 'IsDefault': False, 'AddedDateTime': '2025-04-24T18:03:36.459Z', 'listingId': 5252, 'PhotoUrl': 'https://images.listings.offcampusliving.cornell.edu/listings/5252/VS5.jpg', 'SortOrder': None}]",
5253,192,2025-08-18T00:00:00.000Z,10,36 Village Circle,V,Ithaca,14850,2bed/2bath apartments available at Village Solars,"Free washer/dryer with 1st lease. 50% off August security, 2nd full month free! Security deposit! Tours & Virtual Viewings Available! Brand New Units, Ready to Lease Now!
Sign a Lease Today!

Secure a new rental from the convenience of your current residence via Facetime or Skype!
The nicest and newest apartments in Ithaca, these Lawrence Fabroni II designs feature passive solar construction built to be the brightest day lit apartments we can possibly create at an affordable price",1785,Price Per Unit,Yes,"['Air Conditioning', 'Electronic Payments Accepted', 'Internet Available', 'Kitchen', 'Laundry Facilities', 'Near Bus Route', 'Off-Street Parking Available']",No Preference,2,2,"['Graduate', 'Sabbatic Housing', 'Short-Term Housing', 'Staff/Faculty', 'Undergraduate']",Rent,42.44977425015606,-76.48375540915806,"{'lat': 42.44977425015606, 'lng': -76.48375540915806}",True,2025-09-30T00:00:00.000Z,True,No,2025-04-24T18:06:37.868Z,2025-08-18T17:21:34.876Z,,"[{'PhotoId': 40483, 'PhotoName': 'VS4.jpg', 'IsDefault': True, 'AddedDateTime': '2025-04-24T18:08:23.086Z', 'listingId': 5253, 'PhotoUrl': 'https://images.listings.offcampusliving.cornell.edu/listings/5253/VS4.jpg', 'SortOrder': None}, {'PhotoId': 40484, 'PhotoName': 'VS5.jpg', 'IsDefault': False, 'AddedDateTime': '2025-04-24T18:08:23.341Z', 'listingId': 5253, 'PhotoUrl': 'https://images.listings.offcampusliving.cornell.edu/listings/5253/VS5.jpg', 'SortOrder': None}, {'PhotoId': 40485, 'PhotoName': 'VS1.jpg', 'IsDefault': False, 'AddedDateTime': '2025-04-24T18:08:23.603Z', 'listingId': 5253, 'PhotoUrl': 'https://images.listings.offcampusliving.cornell.edu/listings/5253/VS1.jpg', 'SortOrder': None}, {'PhotoId': 40486, 'PhotoName': 'VS2.jpg', 'IsDefault': False, 'AddedDateTime': '2025-04-24T18:08:23.879Z', 'listingId': 5253, 'PhotoUrl': 'https://images.listings.offcampusliving.cornell.edu/listings/5253/VS2.jpg', 'SortOrder': None}, {'PhotoId': 40487, 'PhotoName': 'VS3.jpg', 'IsDefault': False, 'AddedDateTime': '2025-04-24T18:08:24.143Z', 'listingId': 5253, 'PhotoUrl': 'https://images.listings.offcampusliving.cornell.edu/listings/5253/VS3.jpg', 'SortOrder': None}]",
5254,192,2025-08-18T00:00:00.000Z,10,36 Village Circle,M,Ithaca,14850,3bed/2bath available at Village Solars,"Free washer/dryer with 1st lease. 50% off August security deposit, 2nd full month free! Online Tours & Virtual Viewings Available! Brand New Units,Ready to Lease Now!
Sign a Lease Today!

Secure a new rental from the convenience of your current residence via Facetime or Skype!
The nicest and newest apartments in Ithaca, these Lawrence Fabroni II designs feature passive solar construction built to be the brightest day lit apartments we can possibly create at an affordable price",2025,Price Per Unit,Yes,"['Air Conditioning', 'Electronic Payments Accepted', 'Internet Available', 'Kitchen', 'Laundry Facilities', 'Near Bus Route', 'Off-Street Parking Available']",No Preference,3,2,"['Graduate', 'Sabbatic Housing', 'Short-Term Housing', 'Staff/Faculty', 'Undergraduate']",Rent,42.44905929736038,-76.48440950106216,"{'lat': 42.44905929736038, 'lng': -76.48440950106216}",True,2025-09-30T00:00:00.000Z,True,No,2025-04-24T18:11:06.429Z,2025-08-18T17:23:32.346Z,,"[{'PhotoId': 40488, 'PhotoName': 'VS2.jpg', 'IsDefault': True, 'AddedDateTime': '2025-04-24T18:12:43.870Z', 'listingId': 5254, 'PhotoUrl': 'https://images.listings.offcampusliving.cornell.edu/listings/5254/VS2.jpg', 'SortOrder': None}, {'PhotoId': 40489, 'PhotoName': 'VS1.jpg', 'IsDefault': False, 'AddedDateTime': '2025-04-24T18:12:44.098Z', 'listingId': 5254, 'PhotoUrl': 'https://images.listings.offcampusliving.cornell.edu/listings/5254/VS1.jpg', 'SortOrder': None}, {'PhotoId': 40490, 'PhotoName': 'VS5.jpg', 'IsDefault': False, 'AddedDateTime': '2025-04-24T18:12:44.334Z', 'listingId': 5254, 'PhotoUrl': 'https://images.listings.offcampusliving.cornell.edu/listings/5254/VS5.jpg', 'SortOrder': None}, {'PhotoId': 40491, 'PhotoName': 'VS4.jpg', 'IsDefault': False, 'AddedDateTime': '2025-04-24T18:12:44.685Z', 'listingId': 5254, 'PhotoUrl': 'https://images.listings.offcampusliving.cornell.edu/listings/5254/VS4.jpg', 'SortOrder': None}, {'PhotoId': 40492, 'PhotoName': 'VS3.jpg', 'IsDefault': False, 'AddedDateTime': '2025-04-24T18:12:44.948Z', 'listingId': 5254, 'PhotoUrl': 'https://images.listings.offcampusliving.cornell.edu/listings/5254/VS3.jpg', 'SortOrder': None}]",
5260,4443,2025-12-31T00:00:00.000Z,5,403 College Avenue,,Ithaca,14850,"Comfortable, spacious bedroom available for spring sublease, just a short walk to Cornell's campus in the heart of Collegetown!","- Two full bathrooms – no more morning wait times!
- A huge kitchen with plenty of counter space for cooking and meal prep with two fridges, oven and stovetop, microwave, large kitchen sink, and dishwasher
- A spacious dining room – ideal for hosting friends or enjoying meals together
- A large living room – the perfect hangout spot after class with TV
- In Unit laundry room with industrial sized machines
- High speed Wifi
",900,Price Per Unit,No,"['Heat Included', 'Kitchen', 'Laundry Facilities', 'Near Bus Route', 'Furnished', 'Permitted Street Parking Available', 'Water Included', 'Internet Available', 'Internet Included', 'Electronic Payments Accepted']",No Preference,1,2,"['Spring Sublet', 'Undergraduate', 'Graduate', 'Short-Term Housing', 'Staff/Faculty']",Room to Rent,42.44190669507828,-76.48509430440849,"{'lat': 42.44190669507828, 'lng': -76.48509430440849}",True,2027-10-28T00:00:00.000Z,True,Yes,2025-04-29T13:42:36.294Z,2025-08-26T15:22:16.690Z,403 COLLEGE AVENUE,"[{'PhotoId': 42866, 'PhotoName': 'IMG_4347.jpeg', 'IsDefault': True, 'AddedDateTime': '2025-08-26T15:24:25.812Z', 'listingId': 5260, 'PhotoUrl': 'https://images.listings.offcampusliving.cornell.edu/listings/5260/IMG_4347.jpeg', 'SortOrder': 1}, {'PhotoId': 42867, 'PhotoName': 'IMG_4345.jpeg', 'IsDefault': False, 'AddedDateTime': '2025-08-26T15:24:27.512Z', 'listingId': 5260, 'PhotoUrl': 'https://images.listings.offcampusliving.cornell.edu/listings/5260/IMG_4345.jpeg', 'SortOrder': 2}, {'PhotoId': 42868, 'PhotoName': 'IMG_4309.jpeg', 'IsDefault': False, 'AddedDateTime': '2025-08-26T15:24:31.624Z', 'listingId': 5260, 'PhotoUrl': 'https://images.listings.offcampusliving.cornell.edu/listings/5260/IMG_4309.jpeg', 'SortOrder': 3}, {'PhotoId': 42870, 'PhotoName': 'Screenshot 2025-08-26 at 10.56.45â\x80¯AM.png', 'IsDefault': False, 'AddedDateTime': '2025-08-26T15:26:25.253Z', 'listingId': 5260, 'PhotoUrl': 'https://images.listings.offcampusliving.cornell.edu/listings/5260/Screenshot 2025-08-26 at 10.56.45â\x80¯AM.png', 'SortOrder': 4}, {'PhotoId': 42869, 'PhotoName': 'Screenshot 2025-08-26 at 11.25.05â\x80¯AM.png', 'IsDefault': False, 'AddedDateTime': '2025-08-26T15:26:22.690Z', 'listingId': 5260, 'PhotoUrl': 'https://images.listings.offcampusliving.cornell.edu/listings/5260/Screenshot 2025-08-26 at 11.25.05â\x80¯AM.png', 'SortOrder': 5}, {'PhotoId': 42871, 'PhotoName': 'Screenshot 2025-08-26 at 11.25.28â\x80¯AM.png', 'IsDefault': False, 'AddedDateTime': '2025-08-26T15:26:29.398Z', 'listingId': 5260, 'PhotoUrl': 'https://images.listings.offcampusliving.cornell.edu/listings/5260/Screenshot 2025-08-26 at 11.25.28â\x80¯AM.png', 'SortOrder': 6}, {'PhotoId': 42873, 'PhotoName': 'Screenshot 2025-08-26 at 11.27.08â\x80¯AM.png', 'IsDefault': False, 'AddedDateTime': '2025-08-26T15:27:20.611Z', 'listingId': 5260, 'PhotoUrl': 'https://images.listings.offcampusliving.cornell.edu/listings/5260/Screenshot 2025-08-26 at 11.27.08â\x80¯AM.png', 'SortOrder': 7}, {'PhotoId': 42872, 'PhotoName': 'Screenshot 2025-08-26 at 11.25.44â\x80¯AM.png', 'IsDefault': False, 'AddedDateTime': '2025-08-26T15:26:32.622Z', 'listingId': 5260, 'PhotoUrl': 'https://images.listings.offcampusliving.cornell.edu/listings/5260/Screenshot 2025-08-26 at 11.25.44â\x80¯AM.png', 'SortOrder': 8}]","{""BuildingAddress"": ""403 COLLEGE AVENUE"", ""OverallSafetyRating"": 15, ""CategoryScores"": [{""Fire Protection"": 0}, {""Notification Systems"": 2}, {""Emergency Egress"": 0}, {""Applicable Code"": 0}, {""Fire Extinguishers"": 0}, {""Construction Type"": 5}, {""Valid Certificate of Compliance"": 8}], ""OverallSafetyRatingAsPercentage"": 32, ""CategoryScoresAsPercentage"": [{""Fire Protection"": 0}, {""Notification Systems"": 33}, {""Emergency Egress"": 0}, {""Applicable Code"": 0}, {""Fire Extinguishers"": 0}, {""Construction Type"": 41}, {""Valid Certificate of Compliance"": 100}], ""SprinklerType"": [{""sprinklerType"": ""NFPA 13 Sprinkler System"", ""sprinklerCertificateExpiration"": ""2025-03-17""}], ""FireExtinguisherCertificateExpiration"": ""2025-02-28T00:00:00.000Z"", ""NotificationSystem"": [{""subCategory"": ""Single Station Smoke Alarm"", ""notificationType"": ""Single Station Smoke Alarm"", ""notificationSystemCertificateExpiration"": ""2025-03-26""}, {""subCategory"": ""Fire Alarm System"", ""notificationType"": ""Fire Alarm System"", ""notificationSystemCertificateExpiration"": ""2025-11-18""}], ""HasValidCertificateOfOccupancy"": true, ""MeetsMinimumRequirements"": false, ""ExceedsRequirements"": false, ""HasFireResistantConstructionType"": false, ""SatisfiesApplicableCode"": false, ""CertificateExpirationDate"": ""2027-12-05T00:00:00.000Z"", ""DateLastUpdated"": ""2025-07-30T07:01:39.000Z""}"
5262,4446,2025-05-15T00:00:00.000Z,3,125 College Avenue,115,Ithaca,14850,"Large 1 Bedroom apartment (504 sqft.) available for a May - June -July sublease (move-in date flexible). It is a 5 minutes walk both to Cornell campus and Downtown, plus several bus routes nearby.","Large 1 Bedroom apartment (504 sqft.) available for a May - June -July sublease (move-in date is flexible). It is a 5 minutes walk both to Cornell campus and Downtown Ithaca, plus several bus routes have stops within a 100 meters radius.

The unit comes with: 
- FURNITURE
- UTILITIES (EXCEPT ELECTRICITY)
- WASHER/DRYER 
- DISHWASHER
- AIR CONDITIONER
- INTERNET (350mbps)
- MICROWAVE, OVEN, 

Please contact me at mt876@cornell.edu or +1 (607)-663-0036 to further inquire!
Price is negotiable",2000,Price Per Unit,Yes,"['Air Conditioning', 'Electronic Payments Accepted', 'Furnished', 'Internet Available', 'Internet Included', 'Near Bus Route', 'Kitchen', 'Laundry Facilities', 'Permitted Street Parking Available', 'Water Included']",No Preference,1,1,['Summer Sublet'],Rent,42.43872560960339,-76.48524496398707,"{'lat': 42.43872560960339, 'lng': -76.48524496398707}",True,2025-10-29T00:00:00.000Z,True,Yes,2025-04-29T23:04:12.414Z,2025-05-04T17:28:38.497Z,125 COLLEGE AVENUE,"[{'PhotoId': 40638, 'PhotoName': 'one.jpg', 'IsDefault': True, 'AddedDateTime': '2025-04-29T23:10:48.178Z', 'listingId': 5262, 'PhotoUrl': 'https://images.listings.offcampusliving.cornell.edu/listings/5262/one.jpg', 'SortOrder': 3}, {'PhotoId': 40639, 'PhotoName': 'two.jpg', 'IsDefault': False, 'AddedDateTime': '2025-04-29T23:10:54.759Z', 'listingId': 5262, 'PhotoUrl': 'https://images.listings.offcampusliving.cornell.edu/listings/5262/two.jpg', 'SortOrder': 1}, {'PhotoId': 40642, 'PhotoName': 'five.jpg', 'IsDefault': False, 'AddedDateTime': '2025-04-29T23:11:17.487Z', 'listingId': 5262, 'PhotoUrl': 'https://images.listings.offcampusliving.cornell.edu/listings/5262/five.jpg', 'SortOrder': 2}, {'PhotoId': 40643, 'PhotoName': 'six.jpg', 'IsDefault': False, 'AddedDateTime': '2025-04-29T23:11:23.317Z', 'listingId': 5262, 'PhotoUrl': 'https://images.listings.offcampusliving.cornell.edu/listings/5262/six.jpg', 'SortOrder': 4}, {'PhotoId': 40644, 'PhotoName': 'seven.jpg', 'IsDefault': False, 'AddedDateTime': '2025-04-29T23:11:27.665Z', 'listingId': 5262, 'PhotoUrl': 'https://images.listings.offcampusliving.cornell.edu/listings/5262/seven.jpg', 'SortOrder': 5}, {'PhotoId': 40640, 'PhotoName': 'three.jpg', 'IsDefault': False, 'AddedDateTime': '2025-04-29T23:11:00.295Z', 'listingId': 5262, 'PhotoUrl': 'https://images.listings.offcampusliving.cornell.edu/listings/5262/three.jpg', 'SortOrder': 6}, {'PhotoId': 40641, 'PhotoName': 'four.jpg', 'IsDefault': False, 'AddedDateTime': '2025-04-29T23:11:09.985Z', 'listingId': 5262, 'PhotoUrl': 'https://images.listings.offcampusliving.cornell.edu/listings/5262/four.jpg', 'SortOrder': 7}]","{""BuildingAddress"": ""125 COLLEGE AVENUE"", ""OverallSafetyRating"": 22, ""CategoryScores"": [{""Fire Protection"": 0}, {""Notification Systems"": 0}, {""Emergency Egress"": 0}, {""Applicable Code"": 6}, {""Fire Extinguishers"": 0}, {""Construction Type"": 8}, {""Valid Certificate of Compliance"": 8}], ""OverallSafetyRatingAsPercentage"": 47, ""CategoryScoresAsPercentage"": [{""Fire Protection"": 0}, {""Notification Systems"": 0}, {""Emergency Egress"": 0}, {""Applicable Code"": 100}, {""Fire Extinguishers"": 0}, {""Construction Type"": 66}, {""Valid Certificate of Compliance"": 100}], ""SprinklerType"": [{""sprinklerType"": ""NFPA 13 Sprinkler System"", ""sprinklerCertificateExpiration"": ""2023-11-16""}], ""FireExtinguisherCertificateExpiration"": null, ""NotificationSystem"": [{""subCategory"": ""Fire Alarm System"", ""notificationType"": ""Fire Alarm System"", ""notificationSystemCertificateExpiration"": ""2023-08-17""}], ""HasValidCertificateOfOccupancy"": true, ""MeetsMinimumRequirements"": false, ""ExceedsRequirements"": false, ""HasFireResistantConstructionType"": true, ""SatisfiesApplicableCode"": true, ""CertificateExpirationDate"": ""2026-01-05T00:00:00.000Z"", ""DateLastUpdated"": ""2025-07-30T07:01:22.000Z""}"
5265,4324,2025-09-01T00:00:00.000Z,12,123 KING ROAD EAST,SW—A2,ITHACA,14850,"Exciting  2bedroom, 2 full bath, master suite Townhouse 1900-Sq./Ft"," Contemporary Townhouse Flat, walk-in closets, unfurnished, well insulated, cathedral ceilings w/ skylights, central AC, forced hot air heating, rear patio w/ beautiful sunsets overlooking meadow.-Full kitchen, dishwasher, garbage disposal, paved free off street parking, gas heat/cooking/hot water,  GE, Front load washer & Dryer and more.
-Suburban location, perfect for Professionals, Grad. & Families. 15 acres of open natural grounds, walk IC, Downtown, 5 min to Cornell. Dogs under 30lbs OK",1700,Price Per Unit,Yes,"['Air Conditioning', 'Internet Available', 'Kitchen', 'Laundry Facilities', 'Near Bus Route', 'Off-Street Parking Included', 'Off-Street Parking Available']",No Preference,2,2,"['Graduate', 'Sabbatic Housing', 'Staff/Faculty']",Rent,42.4495237928769,-76.48439326201961,"{'lat': 42.4495237928769, 'lng': -76.48439326201961}",True,2025-09-03T00:00:00.000Z,True,No,2025-04-30T17:10:21.630Z,2025-08-30T18:05:52.866Z,,"[{'PhotoId': 40702, 'PhotoName': 'IMG_8077.jpg', 'IsDefault': True, 'AddedDateTime': '2025-04-30T18:54:14.901Z', 'listingId': 5265, 'PhotoUrl': 'https://images.listings.offcampusliving.cornell.edu/listings/5265/IMG_8077.jpg', 'SortOrder': 1}, {'PhotoId': 40697, 'PhotoName': 'IMG_8070.jpg', 'IsDefault': False, 'AddedDateTime': '2025-04-30T18:52:52.169Z', 'listingId': 5265, 'PhotoUrl': 'https://images.listings.offcampusliving.cornell.edu/listings/5265/IMG_8070.jpg', 'SortOrder': 2}, {'PhotoId': 42183, 'PhotoName': 'D1 NEW (13).JPEG', 'IsDefault': False, 'AddedDateTime': '2025-07-20T15:22:14.618Z', 'listingId': 5265, 'PhotoUrl': 'https://images.listings.offcampusliving.cornell.edu/listings/5265/D1 NEW (13).JPEG', 'SortOrder': 3}, {'PhotoId': 40704, 'PhotoName': 'SW B4 new 5.19 (27).JPEG', 'IsDefault': False, 'AddedDateTime': '2025-04-30T19:06:49.384Z', 'listingId': 5265, 'PhotoUrl': 'https://images.listings.offcampusliving.cornell.edu/listings/5265/SW B4 new 5.19 (27).JPEG', 'SortOrder': 4}, {'PhotoId': 40695, 'PhotoName': 'IMG_8066.jpg', 'IsDefault': False, 'AddedDateTime': '2025-04-30T18:52:25.262Z', 'listingId': 5265, 'PhotoUrl': 'https://images.listings.offcampusliving.cornell.edu/listings/5265/IMG_8066.jpg', 'SortOrder': 5}, {'PhotoId': 40705, 'PhotoName': 'B4 (11).jpeg', 'IsDefault': False, 'AddedDateTime': '2025-04-30T19:13:48.152Z', 'listingId': 5265, 'PhotoUrl': 'https://images.listings.offcampusliving.cornell.edu/listings/5265/B4 (11).jpeg', 'SortOrder': 6}, {'PhotoId': 42171, 'PhotoName': 'IMG_3843.jpg', 'IsDefault': False, 'AddedDateTime': '2025-07-20T15:13:09.033Z', 'listingId': 5265, 'PhotoUrl': 'https://images.listings.offcampusliving.cornell.edu/listings/5265/IMG_3843.jpg', 'SortOrder': 7}, {'PhotoId': 41736, 'PhotoName': 'IMG_2668.jpg', 'IsDefault': False, 'AddedDateTime': '2025-07-03T14:43:13.477Z', 'listingId': 5265, 'PhotoUrl': 'https://images.listings.offcampusliving.cornell.edu/listings/5265/IMG_2668.jpg', 'SortOrder': 8}, {'PhotoId': 42186, 'PhotoName': 'D1 NEW (1).JPEG', 'IsDefault': False, 'AddedDateTime': '2025-07-20T15:22:16.520Z', 'listingId': 5265, 'PhotoUrl': 'https://images.listings.offcampusliving.cornell.edu/listings/5265/D1 NEW (1).JPEG', 'SortOrder': 9}, {'PhotoId': 42178, 'PhotoName': 'IMG_2670.jpg', 'IsDefault': False, 'AddedDateTime': '2025-07-20T15:22:11.150Z', 'listingId': 5265, 'PhotoUrl': 'https://images.listings.offcampusliving.cornell.edu/listings/5265/IMG_2670.jpg', 'SortOrder': 10}, {'PhotoId': 42179, 'PhotoName': 'Springwood.2bed.interior.00010-1920w.jpg', 'IsDefault': False, 'AddedDateTime': '2025-07-20T15:22:11.493Z', 'listingId': 5265, 'PhotoUrl': 'https://images.listings.offcampusliving.cornell.edu/listings/5265/Springwood.2bed.interior.00010-1920w.jpg', 'SortOrder': 11}, {'PhotoId': 42170, 'PhotoName': 'IMG_3860.jpg', 'IsDefault': False, 'AddedDateTime': '2025-07-20T15:12:39.840Z', 'listingId': 5265, 'PhotoUrl': 'https://images.listings.offcampusliving.cornell.edu/listings/5265/IMG_3860.jpg', 'SortOrder': 12}, {'PhotoId': 41737, 'PhotoName': 'D1 NEW (26).JPEG', 'IsDefault': False, 'AddedDateTime': '2025-07-03T14:45:12.579Z', 'listingId': 5265, 'PhotoUrl': 'https://images.listings.offcampusliving.cornell.edu/listings/5265/D1 NEW (26).JPEG', 'SortOrder': 13}, {'PhotoId': 41740, 'PhotoName': 'D1 NEW (3).JPEG', 'IsDefault': False, 'AddedDateTime': '2025-07-03T14:45:14.223Z', 'listingId': 5265, 'PhotoUrl': 'https://images.listings.offcampusliving.cornell.edu/listings/5265/D1 NEW (3).JPEG', 'SortOrder': 14}, {'PhotoId': 41742, 'PhotoName': 'D1 NEW (1).JPEG', 'IsDefault': False, 'AddedDateTime': '2025-07-03T14:45:15.445Z', 'listingId': 5265, 'PhotoUrl': 'https://images.listings.offcampusliving.cornell.edu/listings/5265/D1 NEW (1).JPEG', 'SortOrder': 15}, {'PhotoId': 41741, 'PhotoName': 'D1 NEW (2).JPEG', 'IsDefault': False, 'AddedDateTime': '2025-07-03T14:45:14.750Z', 'listingId': 5265, 'PhotoUrl': 'https://images.listings.offcampusliving.cornell.edu/listings/5265/D1 NEW (2).JPEG', 'SortOrder': 16}, {'PhotoId': 42182, 'PhotoName': 'D1 NEW (16).JPEG', 'IsDefault': False, 'AddedDateTime': '2025-07-20T15:22:13.313Z', 'listingId': 5265, 'PhotoUrl': 'https://images.listings.offcampusliving.cornell.edu/listings/5265/D1 NEW (16).JPEG', 'SortOrder': 17}, {'PhotoId': 41738, 'PhotoName': 'D1 NEW (25).JPEG', 'IsDefault': False, 'AddedDateTime': '2025-07-03T14:45:13.221Z', 'listingId': 5265, 'PhotoUrl': 'https://images.listings.offcampusliving.cornell.edu/listings/5265/D1 NEW (25).JPEG', 'SortOrder': 18}, {'PhotoId': 41727, 'PhotoName': 'IMG_2670.jpg', 'IsDefault': False, 'AddedDateTime': '2025-07-03T14:39:55.338Z', 'listingId': 5265, 'PhotoUrl': 'https://images.listings.offcampusliving.cornell.edu/listings/5265/IMG_2670.jpg', 'SortOrder': 19}, {'PhotoId': 42175, 'PhotoName': 'IMG_7994.jpg', 'IsDefault': False, 'AddedDateTime': '2025-07-20T15:18:00.051Z', 'listingId': 5265, 'PhotoUrl': 'https://images.listings.offcampusliving.cornell.edu/listings/5265/IMG_7994.jpg', 'SortOrder': 20}, {'PhotoId': 41731, 'PhotoName': 'D1 IMG_7992 copy.jpg', 'IsDefault': False, 'AddedDateTime': '2025-07-03T14:41:39.389Z', 'listingId': 5265, 'PhotoUrl': 'https://images.listings.offcampusliving.cornell.edu/listings/5265/D1 IMG_7992 copy.jpg', 'SortOrder': 21}, {'PhotoId': 42174, 'PhotoName': 'IMG_7993.jpg', 'IsDefault': False, 'AddedDateTime': '2025-07-20T15:17:59.283Z', 'listingId': 5265, 'PhotoUrl': 'https://images.listings.offcampusliving.cornell.edu/listings/5265/IMG_7993.jpg', 'SortOrder': 22}, {'PhotoId': 42176, 'PhotoName': 'IMG_7996 copy.jpg', 'IsDefault': False, 'AddedDateTime': '2025-07-20T15:18:00.893Z', 'listingId': 5265, 'PhotoUrl': 'https://images.listings.offcampusliving.cornell.edu/listings/5265/IMG_7996 copy.jpg', 'SortOrder': 23}, {'PhotoId': 41739, 'PhotoName': 'D1 NEW (17).JPEG', 'IsDefault': False, 'AddedDateTime': '2025-07-03T14:45:13.781Z', 'listingId': 5265, 'PhotoUrl': 'https://images.listings.offcampusliving.cornell.edu/listings/5265/D1 NEW (17).JPEG', 'SortOrder': 24}, {'PhotoId': 42185, 'PhotoName': 'D1 NEW (6).JPEG', 'IsDefault': False, 'AddedDateTime': '2025-07-20T15:22:15.993Z', 'listingId': 5265, 'PhotoUrl': 'https://images.listings.offcampusliving.cornell.edu/listings/5265/D1 NEW (6).JPEG', 'SortOrder': 25}, {'PhotoId': 42184, 'PhotoName': 'D1 NEW (11).JPEG', 'IsDefault': False, 'AddedDateTime': '2025-07-20T15:22:15.325Z', 'listingId': 5265, 'PhotoUrl': 'https://images.listings.offcampusliving.cornell.edu/listings/5265/D1 NEW (11).JPEG', 'SortOrder': 26}, {'PhotoId': 42187, 'PhotoName': 'IMG_7971 copy.jpg', 'IsDefault': False, 'AddedDateTime': '2025-07-20T15:26:53.218Z', 'listingId': 5265, 'PhotoUrl': 'https://images.listings.offcampusliving.cornell.edu/listings/5265/IMG_7971 copy.jpg', 'SortOrder': 27}, {'PhotoId': 42177, 'PhotoName': 'IMG_8044.jpg', 'IsDefault': False, 'AddedDateTime': '2025-07-20T15:18:02.244Z', 'listingId': 5265, 'PhotoUrl': 'https://images.listings.offcampusliving.cornell.edu/listings/5265/IMG_8044.jpg', 'SortOrder': 28}, {'PhotoId': 42181, 'PhotoName': 'D1 NEW (22).JPEG', 'IsDefault': False, 'AddedDateTime': '2025-07-20T15:22:12.675Z', 'listingId': 5265, 'PhotoUrl': 'https://images.listings.offcampusliving.cornell.edu/listings/5265/D1 NEW (22).JPEG', 'SortOrder': 29}, {'PhotoId': 40706, 'PhotoName': 'A2_Brianne__18_.jpg', 'IsDefault': False, 'AddedDateTime': '2025-04-30T19:14:39.015Z', 'listingId': 5265, 'PhotoUrl': 'https://images.listings.offcampusliving.cornell.edu/listings/5265/A2_Brianne__18_.jpg', 'SortOrder': 30}, {'PhotoId': 40725, 'PhotoName': 'B4 (14).jpeg', 'IsDefault': False, 'AddedDateTime': '2025-04-30T19:36:20.562Z', 'listingId': 5265, 'PhotoUrl': 'https://images.listings.offcampusliving.cornell.edu/listings/5265/B4 (14).jpeg', 'SortOrder': 31}]",
5266,4324,2025-08-05T00:00:00.000Z,12,1059 Danby RD,4,Ithaca,14685,Exciting 2 level  2 bedroom or 1 bedroom w/study Loft. Includes Heat,"quiet suburban location. Includes Heat Hot Water, 2 Bedroom apartment Full kitchen w/ dishwasher, 1 full bath, original exposed wooden beams, stone fireplace, skylights, wooden plank floors, spiral staircases all floors are open to the three story loft effect below give this loft a lot of character
",1400,Price Per Unit,Yes,"['Heat Included', 'Internet Available', 'Kitchen', 'Laundry Facilities', 'Near Bus Route', 'Electronic Payments Accepted', 'Off-Street Parking Available']",No Preference,2,1,"['Graduate', 'Sabbatic Housing', 'Staff/Faculty']",Rent,42.44859110633628,-76.48431169811533,"{'lat': 42.44859110633628, 'lng': -76.48431169811533}",True,2025-09-05T00:00:00.000Z,True,No,2025-05-01T02:18:54.182Z,2025-08-05T12:32:46.664Z,,"[{'PhotoId': 40726, 'PhotoName': 'IMG_0902.jpg', 'IsDefault': True, 'AddedDateTime': '2025-05-01T02:21:41.655Z', 'listingId': 5266, 'PhotoUrl': 'https://images.listings.offcampusliving.cornell.edu/listings/5266/IMG_0902.jpg', 'SortOrder': 1}, {'PhotoId': 42568, 'PhotoName': 'IMG_4240.jpeg', 'IsDefault': False, 'AddedDateTime': '2025-08-05T12:36:37.541Z', 'listingId': 5266, 'PhotoUrl': 'https://images.listings.offcampusliving.cornell.edu/listings/5266/IMG_4240.jpeg', 'SortOrder': None}, {'PhotoId': 41725, 'PhotoName': 'TH-5.PNG', 'IsDefault': False, 'AddedDateTime': '2025-07-03T14:25:10.862Z', 'listingId': 5266, 'PhotoUrl': 'https://images.listings.offcampusliving.cornell.edu/listings/5266/TH-5.PNG', 'SortOrder': 2}, {'PhotoId': 41724, 'PhotoName': 'TH 5 more pictures .jpg', 'IsDefault': False, 'AddedDateTime': '2025-07-03T14:25:10.298Z', 'listingId': 5266, 'PhotoUrl': 'https://images.listings.offcampusliving.cornell.edu/listings/5266/TH 5 more pictures .jpg', 'SortOrder': 3}, {'PhotoId': 41723, 'PhotoName': 'TH 5 Loft .PNG', 'IsDefault': False, 'AddedDateTime': '2025-07-03T14:25:09.473Z', 'listingId': 5266, 'PhotoUrl': 'https://images.listings.offcampusliving.cornell.edu/listings/5266/TH 5 Loft .PNG', 'SortOrder': 4}, {'PhotoId': 41722, 'PhotoName': 'TH 5 Kitchen.PNG', 'IsDefault': False, 'AddedDateTime': '2025-07-03T14:25:08.890Z', 'listingId': 5266, 'PhotoUrl': 'https://images.listings.offcampusliving.cornell.edu/listings/5266/TH 5 Kitchen.PNG', 'SortOrder': 5}, {'PhotoId': 40727, 'PhotoName': 'IMG_0832__1_-1.jpg', 'IsDefault': False, 'AddedDateTime': '2025-05-01T02:22:45.719Z', 'listingId': 5266, 'PhotoUrl': 'https://images.listings.offcampusliving.cornell.edu/listings/5266/IMG_0832__1_-1.jpg', 'SortOrder': 6}, {'PhotoId': 41720, 'PhotoName': 'IMG_1018 copy.jpg', 'IsDefault': False, 'AddedDateTime': '2025-07-03T14:23:28.435Z', 'listingId': 5266, 'PhotoUrl': 'https://images.listings.offcampusliving.cornell.edu/listings/5266/IMG_1018 copy.jpg', 'SortOrder': 7}, {'PhotoId': 40744, 'PhotoName': 'TH_4_NEW__15_.jpeg.jpg', 'IsDefault': False, 'AddedDateTime': '2025-05-01T02:28:11.145Z', 'listingId': 5266, 'PhotoUrl': 'https://images.listings.offcampusliving.cornell.edu/listings/5266/TH_4_NEW__15_.jpeg.jpg', 'SortOrder': 8}, {'PhotoId': 41721, 'PhotoName': 'TH Lobby.jpg', 'IsDefault': False, 'AddedDateTime': '2025-07-03T14:25:08.208Z', 'listingId': 5266, 'PhotoUrl': 'https://images.listings.offcampusliving.cornell.edu/listings/5266/TH Lobby.jpg', 'SortOrder': 9}, {'PhotoId': 40734, 'PhotoName': 'TH 4 NEW 2.24 (8).JPEG', 'IsDefault': False, 'AddedDateTime': '2025-05-01T02:24:54.081Z', 'listingId': 5266, 'PhotoUrl': 'https://images.listings.offcampusliving.cornell.edu/listings/5266/TH 4 NEW 2.24 (8).JPEG', 'SortOrder': 10}, {'PhotoId': 40739, 'PhotoName': 'TH_4_NEW__8_ copy.jpeg.jpg', 'IsDefault': False, 'AddedDateTime': '2025-05-01T02:26:34.579Z', 'listingId': 5266, 'PhotoUrl': 'https://images.listings.offcampusliving.cornell.edu/listings/5266/TH_4_NEW__8_ copy.jpeg.jpg', 'SortOrder': 11}, {'PhotoId': 40728, 'PhotoName': 'IMG_0833.jpg', 'IsDefault': False, 'AddedDateTime': '2025-05-01T02:22:58.992Z', 'listingId': 5266, 'PhotoUrl': 'https://images.listings.offcampusliving.cornell.edu/listings/5266/IMG_0833.jpg', 'SortOrder': 12}, {'PhotoId': 40732, 'PhotoName': 'TH 4 NEW 2.24 (3).JPEG', 'IsDefault': False, 'AddedDateTime': '2025-05-01T02:24:10.065Z', 'listingId': 5266, 'PhotoUrl': 'https://images.listings.offcampusliving.cornell.edu/listings/5266/TH 4 NEW 2.24 (3).JPEG', 'SortOrder': 13}, {'PhotoId': 40729, 'PhotoName': 'TH 4 NEW 2-1.24 (6).JPEG', 'IsDefault': False, 'AddedDateTime': '2025-05-01T02:23:11.236Z', 'listingId': 5266, 'PhotoUrl': 'https://images.listings.offcampusliving.cornell.edu/listings/5266/TH 4 NEW 2-1.24 (6).JPEG', 'SortOrder': 14}, {'PhotoId': 40745, 'PhotoName': 'TH_04_New_Empty__20_ copy.jpg', 'IsDefault': False, 'AddedDateTime': '2025-05-01T02:28:24.856Z', 'listingId': 5266, 'PhotoUrl': 'https://images.listings.offcampusliving.cornell.edu/listings/5266/TH_04_New_Empty__20_ copy.jpg', 'SortOrder': 15}, {'PhotoId': 40740, 'PhotoName': 'TH_4_NEW__12_.jpeg.jpg', 'IsDefault': False, 'AddedDateTime': '2025-05-01T02:26:56.586Z', 'listingId': 5266, 'PhotoUrl': 'https://images.listings.offcampusliving.cornell.edu/listings/5266/TH_4_NEW__12_.jpeg.jpg', 'SortOrder': 16}, {'PhotoId': 40741, 'PhotoName': 'TH_04_New_Empty__13_.jpg', 'IsDefault': False, 'AddedDateTime': '2025-05-01T02:27:12.414Z', 'listingId': 5266, 'PhotoUrl': 'https://images.listings.offcampusliving.cornell.edu/listings/5266/TH_04_New_Empty__13_.jpg', 'SortOrder': 17}, {'PhotoId': 40733, 'PhotoName': 'TH 4 NEW 2.24 (7).JPEG', 'IsDefault': False, 'AddedDateTime': '2025-05-01T02:24:31.197Z', 'listingId': 5266, 'PhotoUrl': 'https://images.listings.offcampusliving.cornell.edu/listings/5266/TH 4 NEW 2.24 (7).JPEG', 'SortOrder': 18}, {'PhotoId': 40743, 'PhotoName': 'TH_04_New_Empty__9_.jpg', 'IsDefault': False, 'AddedDateTime': '2025-05-01T02:27:53.045Z', 'listingId': 5266, 'PhotoUrl': 'https://images.listings.offcampusliving.cornell.edu/listings/5266/TH_04_New_Empty__9_.jpg', 'SortOrder': 19}]",
5269,4449,2025-12-20T00:00:00.000Z,5,123 Highland Place,1,Ithaca,14850,"Subletter wanted for the Spring 2026 semester. Please see this link for more details, videos, and photos: https://pjapts.com/property/123-highland-place-unit-1/ ","Subletter wanted for Spring 2026 semester. The location is ideal, located in Collegetown and a 2-minute walk to campus. All roommates are extremely nice, respectful, and easy to live with. The apartment comes fully furnished and has 6 bedrooms, 4 bathrooms, 2 floors, an equipped kitchen with 2 refrigerators, a stove, and a microwave, a living room, in-unit laundry, and an outdoor porch.",1295,Price Per Person,Yes,"['Furnished', 'Heat Included', 'Internet Included', 'Kitchen', 'Laundry Facilities', 'Off-Street Parking Available', 'Electricity Included', 'Electronic Payments Accepted', 'Water Included']",Female,6,4,['Spring Sublet'],Rent,42.44264199790651,-76.48803234658813,"{'lat': 42.44264199790651, 'lng': -76.48803234658813}",True,2025-10-02T00:00:00.000Z,True,Yes,2025-05-02T01:30:19.090Z,2025-05-02T01:45:50.820Z,123 HIGHLAND PLACE,"[{'PhotoId': 40756, 'PhotoName': 'First Floor Plan.jpeg', 'IsDefault': True, 'AddedDateTime': '2025-05-02T01:40:57.119Z', 'listingId': 5269, 'PhotoUrl': 'https://images.listings.offcampusliving.cornell.edu/listings/5269/First Floor Plan.jpeg', 'SortOrder': None}, {'PhotoId': 40757, 'PhotoName': 'Second Floor Plan.jpeg', 'IsDefault': False, 'AddedDateTime': '2025-05-02T01:40:57.317Z', 'listingId': 5269, 'PhotoUrl': 'https://images.listings.offcampusliving.cornell.edu/listings/5269/Second Floor Plan.jpeg', 'SortOrder': None}, {'PhotoId': 40758, 'PhotoName': 'Porch.jpg', 'IsDefault': False, 'AddedDateTime': '2025-05-02T01:40:57.560Z', 'listingId': 5269, 'PhotoUrl': 'https://images.listings.offcampusliving.cornell.edu/listings/5269/Porch.jpg', 'SortOrder': None}, {'PhotoId': 40759, 'PhotoName': 'Kitchen Area.jpg', 'IsDefault': False, 'AddedDateTime': '2025-05-02T01:40:57.820Z', 'listingId': 5269, 'PhotoUrl': 'https://images.listings.offcampusliving.cornell.edu/listings/5269/Kitchen Area.jpg', 'SortOrder': None}, {'PhotoId': 40760, 'PhotoName': 'Living Room.jpeg', 'IsDefault': False, 'AddedDateTime': '2025-05-02T01:40:58.033Z', 'listingId': 5269, 'PhotoUrl': 'https://images.listings.offcampusliving.cornell.edu/listings/5269/Living Room.jpeg', 'SortOrder': None}]","{""BuildingAddress"": ""123 HIGHLAND PLACE"", ""OverallSafetyRating"": 8, ""CategoryScores"": [{""Fire Protection"": 0}, {""Notification Systems"": 0}, {""Emergency Egress"": 0}, {""Applicable Code"": 0}, {""Fire Extinguishers"": 0}, {""Construction Type"": 0}, {""Valid Certificate of Compliance"": 8}], ""OverallSafetyRatingAsPercentage"": 17, ""CategoryScoresAsPercentage"": [{""Fire Protection"": 0}, {""Notification Systems"": 0}, {""Emergency Egress"": 0}, {""Applicable Code"": 0}, {""Fire Extinguishers"": 0}, {""Construction Type"": 0}, {""Valid Certificate of Compliance"": 100}], ""SprinklerType"": [], ""FireExtinguisherCertificateExpiration"": ""2024-09-13T00:00:00.000Z"", ""NotificationSystem"": [{""subCategory"": ""Single Station Smoke Alarm"", ""notificationType"": ""Single Station Smoke Alarm"", ""notificationSystemCertificateExpiration"": ""2023-09-13""}], ""HasValidCertificateOfOccupancy"": true, ""MeetsMinimumRequirements"": false, ""ExceedsRequirements"": false, ""HasFireResistantConstructionType"": false, ""SatisfiesApplicableCode"": false, ""CertificateExpirationDate"": ""2025-09-13T00:00:00.000Z"", ""DateLastUpdated"": ""2025-07-30T07:01:21.000Z""}"
5288,4463,2025-06-02T00:00:00.000Z,12,309 Oak Avenue,1,Ithaca,14850,Looking for a fantastic 2 bedroom or 3 bedroom furnished apartment in the heart of Collegetown?  Available for rent for 2 or 3 tenants. Parking and laundry on site. 10 or 12 month lease option.,"309 Oak Avenue I & II is a two-story duplex, offering two separate three-bedroom, one-bathroom units. Each unit is furnished and is available for the 2025-26 school year.
The rent is just $900 per person. This property is ideally located just steps away from the Engineering campus via the scenic Cascadilla Gorge walking trail and the convenient Collegetown location is only a  5 to 7 minute walk to the Cornell campus.Laundry available on premises. Please call/text (203) 921-7727 with questions. ",900,Price Per Person,Yes,"['Furnished', 'Kitchen', 'Laundry Facilities', 'Near Bus Route', 'Off-Street Parking Available', 'Permitted Street Parking Available', 'Water Included', 'Wheelchair Accessible']",No Preference,3,1,"['Undergraduate', 'Graduate']",Share,42.44141422518386,-76.48092373732625,"{'lat': 42.44141422518386, 'lng': -76.48092373732625}",True,2026-05-13T00:00:00.000Z,True,Yes,2025-05-13T19:13:42.826Z,2025-05-14T23:13:49.528Z,309 OAK AVENUE,"[{'PhotoId': 40987, 'PhotoName': 'IMG_4062.png', 'IsDefault': True, 'AddedDateTime': '2025-05-13T19:24:31.914Z', 'listingId': 5288, 'PhotoUrl': 'https://images.listings.offcampusliving.cornell.edu/listings/5288/IMG_4062.png', 'SortOrder': None}, {'PhotoId': 40988, 'PhotoName': 'IMG_4063.png', 'IsDefault': False, 'AddedDateTime': '2025-05-13T19:24:33.144Z', 'listingId': 5288, 'PhotoUrl': 'https://images.listings.offcampusliving.cornell.edu/listings/5288/IMG_4063.png', 'SortOrder': None}, {'PhotoId': 40989, 'PhotoName': 'IMG_4064.png', 'IsDefault': False, 'AddedDateTime': '2025-05-13T19:24:34.880Z', 'listingId': 5288, 'PhotoUrl': 'https://images.listings.offcampusliving.cornell.edu/listings/5288/IMG_4064.png', 'SortOrder': None}, {'PhotoId': 40990, 'PhotoName': 'IMG_4065.png', 'IsDefault': False, 'AddedDateTime': '2025-05-13T19:24:35.742Z', 'listingId': 5288, 'PhotoUrl': 'https://images.listings.offcampusliving.cornell.edu/listings/5288/IMG_4065.png', 'SortOrder': None}, {'PhotoId': 40991, 'PhotoName': 'IMG_4066.png', 'IsDefault': False, 'AddedDateTime': '2025-05-13T19:24:36.632Z', 'listingId': 5288, 'PhotoUrl': 'https://images.listings.offcampusliving.cornell.edu/listings/5288/IMG_4066.png', 'SortOrder': None}, {'PhotoId': 40992, 'PhotoName': 'IMG_4067.png', 'IsDefault': False, 'AddedDateTime': '2025-05-13T19:24:37.493Z', 'listingId': 5288, 'PhotoUrl': 'https://images.listings.offcampusliving.cornell.edu/listings/5288/IMG_4067.png', 'SortOrder': None}, {'PhotoId': 40993, 'PhotoName': 'IMG_4064.png', 'IsDefault': False, 'AddedDateTime': '2025-05-13T19:24:39.521Z', 'listingId': 5288, 'PhotoUrl': 'https://images.listings.offcampusliving.cornell.edu/listings/5288/IMG_4064.png', 'SortOrder': None}, {'PhotoId': 41383, 'PhotoName': 'IMG_5950.jpeg', 'IsDefault': False, 'AddedDateTime': '2025-06-01T15:57:20.905Z', 'listingId': 5288, 'PhotoUrl': 'https://images.listings.offcampusliving.cornell.edu/listings/5288/IMG_5950.jpeg', 'SortOrder': None}, {'PhotoId': 41384, 'PhotoName': 'IMG_5949.jpeg', 'IsDefault': False, 'AddedDateTime': '2025-06-01T15:57:40.198Z', 'listingId': 5288, 'PhotoUrl': 'https://images.listings.offcampusliving.cornell.edu/listings/5288/IMG_5949.jpeg', 'SortOrder': None}, {'PhotoId': 41385, 'PhotoName': 'IMG_5948.jpeg', 'IsDefault': False, 'AddedDateTime': '2025-06-01T15:57:56.500Z', 'listingId': 5288, 'PhotoUrl': 'https://images.listings.offcampusliving.cornell.edu/listings/5288/IMG_5948.jpeg', 'SortOrder': None}, {'PhotoId': 41386, 'PhotoName': 'IMG_5947.jpeg', 'IsDefault': False, 'AddedDateTime': '2025-06-01T15:58:22.046Z', 'listingId': 5288, 'PhotoUrl': 'https://images.listings.offcampusliving.cornell.edu/listings/5288/IMG_5947.jpeg', 'SortOrder': None}, {'PhotoId': 41387, 'PhotoName': 'IMG_5946.jpeg', 'IsDefault': False, 'AddedDateTime': '2025-06-01T15:58:38.505Z', 'listingId': 5288, 'PhotoUrl': 'https://images.listings.offcampusliving.cornell.edu/listings/5288/IMG_5946.jpeg', 'SortOrder': None}, {'PhotoId': 41388, 'PhotoName': 'IMG_5959.jpeg', 'IsDefault': False, 'AddedDateTime': '2025-06-01T15:59:37.658Z', 'listingId': 5288, 'PhotoUrl': 'https://images.listings.offcampusliving.cornell.edu/listings/5288/IMG_5959.jpeg', 'SortOrder': None}, {'PhotoId': 41389, 'PhotoName': 'IMG_5963.jpeg', 'IsDefault': False, 'AddedDateTime': '2025-06-01T15:59:59.195Z', 'listingId': 5288, 'PhotoUrl': 'https://images.listings.offcampusliving.cornell.edu/listings/5288/IMG_5963.jpeg', 'SortOrder': None}, {'PhotoId': 41390, 'PhotoName': 'IMG_5962.jpeg', 'IsDefault': False, 'AddedDateTime': '2025-06-01T16:00:14.703Z', 'listingId': 5288, 'PhotoUrl': 'https://images.listings.offcampusliving.cornell.edu/listings/5288/IMG_5962.jpeg', 'SortOrder': None}]","{""BuildingAddress"": ""309 OAK AVENUE"", ""OverallSafetyRating"": 8, ""CategoryScores"": [{""Fire Protection"": 0}, {""Notification Systems"": 0}, {""Emergency Egress"": 0}, {""Applicable Code"": 0}, {""Fire Extinguishers"": 0}, {""Construction Type"": 0}, {""Valid Certificate of Compliance"": 8}], ""OverallSafetyRatingAsPercentage"": 17, ""CategoryScoresAsPercentage"": [{""Fire Protection"": 0}, {""Notification Systems"": 0}, {""Emergency Egress"": 0}, {""Applicable Code"": 0}, {""Fire Extinguishers"": 0}, {""Construction Type"": 0}, {""Valid Certificate of Compliance"": 100}], ""SprinklerType"": [], ""FireExtinguisherCertificateExpiration"": null, ""NotificationSystem"": [{""subCategory"": ""Single Station Smoke Alarm"", ""notificationType"": ""Single Station Smoke Alarm"", ""notificationSystemCertificateExpiration"": ""2023-11-13""}], ""HasValidCertificateOfOccupancy"": true, ""MeetsMinimumRequirements"": false, ""ExceedsRequirements"": false, ""HasFireResistantConstructionType"": false, ""SatisfiesApplicableCode"": false, ""CertificateExpirationDate"": ""2027-11-06T00:00:00.000Z"", ""DateLastUpdated"": ""2025-07-30T07:01:34.000Z""}"
5293,2193,2025-06-15T00:00:00.000Z,12,301 College Avenue,,Ithaca,14850,301 College Avenue Offers 4 and 6 bedroom apartments for the 2025-2026 term,Newly priced rent as low as $825 per month. Roommate matching offered. 10 month leases available. Conveniently located near many restaurants and stores with a convenience store in the building. Contact us today to learn more!,825,Price Per Person,No,['Off-Street Parking Available'],No Preference,6,2,['Undergraduate'],Rent,42.44936808141568,-76.48441250170461,"{'lat': 42.44936808141568, 'lng': -76.48441250170461}",True,2025-08-31T00:00:00.000Z,True,Yes,2025-05-21T19:07:33.591Z,2025-05-21T19:09:20.177Z,301 COLLEGE AVENUE,"[{'PhotoId': 41060, 'PhotoName': '301 building ext.jpg', 'IsDefault': True, 'AddedDateTime': '2025-05-21T19:12:02.430Z', 'listingId': 5293, 'PhotoUrl': 'https://images.listings.offcampusliving.cornell.edu/listings/5293/301 building ext.jpg', 'SortOrder': None}, {'PhotoId': 41061, 'PhotoName': '301_Style C_6bed.JPG', 'IsDefault': False, 'AddedDateTime': '2025-05-21T19:12:02.740Z', 'listingId': 5293, 'PhotoUrl': 'https://images.listings.offcampusliving.cornell.edu/listings/5293/301_Style C_6bed.JPG', 'SortOrder': None}, {'PhotoId': 41062, 'PhotoName': '301_Style G_6bed.JPG', 'IsDefault': False, 'AddedDateTime': '2025-05-21T19:12:02.949Z', 'listingId': 5293, 'PhotoUrl': 'https://images.listings.offcampusliving.cornell.edu/listings/5293/301_Style G_6bed.JPG', 'SortOrder': None}, {'PhotoId': 41063, 'PhotoName': '301_Style D_4bed.JPG', 'IsDefault': False, 'AddedDateTime': '2025-05-21T19:12:03.175Z', 'listingId': 5293, 'PhotoUrl': 'https://images.listings.offcampusliving.cornell.edu/listings/5293/301_Style D_4bed.JPG', 'SortOrder': None}, {'PhotoId': 41064, 'PhotoName': '301_Style A_4bed (2).JPG', 'IsDefault': False, 'AddedDateTime': '2025-05-21T19:12:03.374Z', 'listingId': 5293, 'PhotoUrl': 'https://images.listings.offcampusliving.cornell.edu/listings/5293/301_Style A_4bed (2).JPG', 'SortOrder': None}, {'PhotoId': 41065, 'PhotoName': 'Turquoise and Orange Retro Illustration Now Hiring Flyer (1).png', 'IsDefault': False, 'AddedDateTime': '2025-05-21T19:15:23.245Z', 'listingId': 5293, 'PhotoUrl': 'https://images.listings.offcampusliving.cornell.edu/listings/5293/Turquoise and Orange Retro Illustration Now Hiring Flyer (1).png', 'SortOrder': None}]","{""BuildingAddress"": ""301 COLLEGE AVENUE"", ""OverallSafetyRating"": 12, ""CategoryScores"": [{""Fire Protection"": 0}, {""Notification Systems"": 0}, {""Emergency Egress"": 0}, {""Applicable Code"": 0}, {""Fire Extinguishers"": 2}, {""Construction Type"": 10}, {""Valid Certificate of Compliance"": 0}], ""OverallSafetyRatingAsPercentage"": 26, ""CategoryScoresAsPercentage"": [{""Fire Protection"": 0}, {""Notification Systems"": 0}, {""Emergency Egress"": 0}, {""Applicable Code"": 0}, {""Fire Extinguishers"": 100}, {""Construction Type"": 83}, {""Valid Certificate of Compliance"": 0}], ""SprinklerType"": [{""sprinklerType"": ""NFPA 13 Sprinkler System"", ""sprinklerCertificateExpiration"": ""2023-10-12""}], ""FireExtinguisherCertificateExpiration"": ""2025-08-31T00:00:00.000Z"", ""NotificationSystem"": [{""subCategory"": ""Single Station Smoke Alarm"", ""notificationType"": ""Single Station Smoke Alarm"", ""notificationSystemCertificateExpiration"": ""2022-10-14""}, {""subCategory"": ""Fire Alarm System"", ""notificationType"": ""Fire Alarm System"", ""notificationSystemCertificateExpiration"": ""2023-12-26""}], ""HasValidCertificateOfOccupancy"": false, ""MeetsMinimumRequirements"": false, ""ExceedsRequirements"": false, ""HasFireResistantConstructionType"": true, ""SatisfiesApplicableCode"": false, ""CertificateExpirationDate"": ""2024-11-15T00:00:00.000Z"", ""DateLastUpdated"": ""2025-07-30T07:01:32.000Z""}"
5294,2193,2025-08-01T00:00:00.000Z,6,304 College Avenue,,Ithaca,14850,Catherine Commons - Now offering 6 month leases! - limited spaces available,"Built in 2024 Catherine Commons is the best and brightest when it comes to apartments in Collegetown. Offering studio, 1, 2, and 3 bedroom units along with study rooms, lounges, and a two-story gym! Catherine Commons has a little bit of everything to make it the best new property on the block! ",2000,Price Per Person,Yes,"['Furnished', 'Internet Available', 'Kitchen', 'Laundry Facilities', 'Off-Street Parking Available', 'Air Conditioning', 'Water Included']",No Preference,studio,1,['Short-Term Housing'],Rent,42.44880753328678,-76.48455962291172,"{'lat': 42.44880753328678, 'lng': -76.48455962291172}",True,2025-08-31T00:00:00.000Z,True,Yes,2025-05-21T19:27:54.108Z,2025-05-21T19:28:29.968Z,304 COLLEGE AVENUE,"[{'PhotoId': 41074, 'PhotoName': 'Copy of 6-month (1).png', 'IsDefault': True, 'AddedDateTime': '2025-05-21T19:28:48.931Z', 'listingId': 5294, 'PhotoUrl': 'https://images.listings.offcampusliving.cornell.edu/listings/5294/Copy of 6-month (1).png', 'SortOrder': None}, {'PhotoId': 41075, 'PhotoName': 'IMG_4799_VSCO.jpg', 'IsDefault': False, 'AddedDateTime': '2025-05-21T19:31:54.985Z', 'listingId': 5294, 'PhotoUrl': 'https://images.listings.offcampusliving.cornell.edu/listings/5294/IMG_4799_VSCO.jpg', 'SortOrder': None}, {'PhotoId': 41076, 'PhotoName': 'IMG_4801_VSCO.jpg', 'IsDefault': False, 'AddedDateTime': '2025-05-21T19:32:34.882Z', 'listingId': 5294, 'PhotoUrl': 'https://images.listings.offcampusliving.cornell.edu/listings/5294/IMG_4801_VSCO.jpg', 'SortOrder': None}, {'PhotoId': 41077, 'PhotoName': 'IMG_4802_VSCO.jpg', 'IsDefault': False, 'AddedDateTime': '2025-05-21T19:32:35.273Z', 'listingId': 5294, 'PhotoUrl': 'https://images.listings.offcampusliving.cornell.edu/listings/5294/IMG_4802_VSCO.jpg', 'SortOrder': None}, {'PhotoId': 41078, 'PhotoName': 'IMG_1685 (1).jpg', 'IsDefault': False, 'AddedDateTime': '2025-05-21T19:32:35.508Z', 'listingId': 5294, 'PhotoUrl': 'https://images.listings.offcampusliving.cornell.edu/listings/5294/IMG_1685 (1).jpg', 'SortOrder': None}, {'PhotoId': 41079, 'PhotoName': 'cc fitness center.jpg', 'IsDefault': False, 'AddedDateTime': '2025-05-21T19:33:03.580Z', 'listingId': 5294, 'PhotoUrl': 'https://images.listings.offcampusliving.cornell.edu/listings/5294/cc fitness center.jpg', 'SortOrder': None}, {'PhotoId': 41080, 'PhotoName': 'IMG_0770.jpg', 'IsDefault': False, 'AddedDateTime': '2025-05-21T19:34:12.318Z', 'listingId': 5294, 'PhotoUrl': 'https://images.listings.offcampusliving.cornell.edu/listings/5294/IMG_0770.jpg', 'SortOrder': None}, {'PhotoId': 41081, 'PhotoName': 'IMG_0778.jpg', 'IsDefault': False, 'AddedDateTime': '2025-05-21T19:34:12.668Z', 'listingId': 5294, 'PhotoUrl': 'https://images.listings.offcampusliving.cornell.edu/listings/5294/IMG_0778.jpg', 'SortOrder': None}, {'PhotoId': 41082, 'PhotoName': 'cc 400.2.jpg', 'IsDefault': False, 'AddedDateTime': '2025-05-21T19:35:06.258Z', 'listingId': 5294, 'PhotoUrl': 'https://images.listings.offcampusliving.cornell.edu/listings/5294/cc 400.2.jpg', 'SortOrder': None}]","{""BuildingAddress"": ""304 COLLEGE AVENUE"", ""OverallSafetyRating"": 0, ""CategoryScores"": [{""Fire Protection"": 0}, {""Notification Systems"": 0}, {""Emergency Egress"": 0}, {""Applicable Code"": 0}, {""Fire Extinguishers"": 0}, {""Construction Type"": 0}, {""Valid Certificate of Compliance"": 0}], ""OverallSafetyRatingAsPercentage"": 0, ""CategoryScoresAsPercentage"": [{""Fire Protection"": 0}, {""Notification Systems"": 0}, {""Emergency Egress"": 0}, {""Applicable Code"": 0}, {""Fire Extinguishers"": 0}, {""Construction Type"": 0}, {""Valid Certificate of Compliance"": 0}], ""SprinklerType"": [], ""FireExtinguisherCertificateExpiration"": null, ""NotificationSystem"": [], ""HasValidCertificateOfOccupancy"": false, ""MeetsMinimumRequirements"": false, ""ExceedsRequirements"": false, ""HasFireResistantConstructionType"": false, ""SatisfiesApplicableCode"": false, ""CertificateExpirationDate"": ""2021-09-30T00:00:00.000Z"", ""DateLastUpdated"": ""2025-07-30T07:02:20.000Z""}"
5295,2193,2025-08-01T00:00:00.000Z,12,304 College Avenue,,Ithaca,14850,Catherine Commons - New Discounted Rates!,"Built in 2024 Catherine Commons is the best and brightest when it comes to apartments in Collegetown. Offering studio, 1, 2, and 3 bedroom units along with study rooms, lounges, and a two-story gym! Catherine Commons has a little bit of everything to make it the best new property on the block! ",2000,Price Per Unit,Yes,"['Internet Available', 'Kitchen', 'Laundry Facilities', 'Off-Street Parking Available', 'Air Conditioning', 'Water Included']",No Preference,studio,1,"['Graduate', 'Undergraduate', 'Staff/Faculty']",Rent,42.44924646729134,-76.48427875478286,"{'lat': 42.44924646729134, 'lng': -76.48427875478286}",True,2025-08-31T00:00:00.000Z,True,Yes,2025-05-21T19:44:05.457Z,2025-05-21T19:44:49.375Z,304 COLLEGE AVENUE,"[{'PhotoId': 41083, 'PhotoName': 'IMG_0770.jpg', 'IsDefault': True, 'AddedDateTime': '2025-05-21T19:45:12.100Z', 'listingId': 5295, 'PhotoUrl': 'https://images.listings.offcampusliving.cornell.edu/listings/5295/IMG_0770.jpg', 'SortOrder': None}, {'PhotoId': 41084, 'PhotoName': 'IMG_0778.jpg', 'IsDefault': False, 'AddedDateTime': '2025-05-21T19:45:16.172Z', 'listingId': 5295, 'PhotoUrl': 'https://images.listings.offcampusliving.cornell.edu/listings/5295/IMG_0778.jpg', 'SortOrder': None}, {'PhotoId': 41085, 'PhotoName': 'cc 400.2.jpg', 'IsDefault': False, 'AddedDateTime': '2025-05-21T19:45:19.343Z', 'listingId': 5295, 'PhotoUrl': 'https://images.listings.offcampusliving.cornell.edu/listings/5295/cc 400.2.jpg', 'SortOrder': None}, {'PhotoId': 41086, 'PhotoName': 'cc fitness center.jpg', 'IsDefault': False, 'AddedDateTime': '2025-05-21T19:45:24.324Z', 'listingId': 5295, 'PhotoUrl': 'https://images.listings.offcampusliving.cornell.edu/listings/5295/cc fitness center.jpg', 'SortOrder': None}, {'PhotoId': 41087, 'PhotoName': 'cc study build e (1).jpg', 'IsDefault': False, 'AddedDateTime': '2025-05-21T19:46:30.048Z', 'listingId': 5295, 'PhotoUrl': 'https://images.listings.offcampusliving.cornell.edu/listings/5295/cc study build e (1).jpg', 'SortOrder': None}, {'PhotoId': 41088, 'PhotoName': 'cc.jpg', 'IsDefault': False, 'AddedDateTime': '2025-05-21T19:46:30.420Z', 'listingId': 5295, 'PhotoUrl': 'https://images.listings.offcampusliving.cornell.edu/listings/5295/cc.jpg', 'SortOrder': None}, {'PhotoId': 41089, 'PhotoName': 'IMG_4802_VSCO (1).jpg', 'IsDefault': False, 'AddedDateTime': '2025-05-21T19:46:30.700Z', 'listingId': 5295, 'PhotoUrl': 'https://images.listings.offcampusliving.cornell.edu/listings/5295/IMG_4802_VSCO (1).jpg', 'SortOrder': None}, {'PhotoId': 41090, 'PhotoName': 'IMG_0777.jpg', 'IsDefault': False, 'AddedDateTime': '2025-05-21T19:47:59.728Z', 'listingId': 5295, 'PhotoUrl': 'https://images.listings.offcampusliving.cornell.edu/listings/5295/IMG_0777.jpg', 'SortOrder': None}, {'PhotoId': 41091, 'PhotoName': 'IMG_0780.jpg', 'IsDefault': False, 'AddedDateTime': '2025-05-21T19:47:59.975Z', 'listingId': 5295, 'PhotoUrl': 'https://images.listings.offcampusliving.cornell.edu/listings/5295/IMG_0780.jpg', 'SortOrder': None}]","{""BuildingAddress"": ""304 COLLEGE AVENUE"", ""OverallSafetyRating"": 0, ""CategoryScores"": [{""Fire Protection"": 0}, {""Notification Systems"": 0}, {""Emergency Egress"": 0}, {""Applicable Code"": 0}, {""Fire Extinguishers"": 0}, {""Construction Type"": 0}, {""Valid Certificate of Compliance"": 0}], ""OverallSafetyRatingAsPercentage"": 0, ""CategoryScoresAsPercentage"": [{""Fire Protection"": 0}, {""Notification Systems"": 0}, {""Emergency Egress"": 0}, {""Applicable Code"": 0}, {""Fire Extinguishers"": 0}, {""Construction Type"": 0}, {""Valid Certificate of Compliance"": 0}], ""SprinklerType"": [], ""FireExtinguisherCertificateExpiration"": null, ""NotificationSystem"": [], ""HasValidCertificateOfOccupancy"": false, ""MeetsMinimumRequirements"": false, ""ExceedsRequirements"": false, ""HasFireResistantConstructionType"": false, ""SatisfiesApplicableCode"": false, ""CertificateExpirationDate"": ""2021-09-30T00:00:00.000Z"", ""DateLastUpdated"": ""2025-07-30T07:02:20.000Z""}"
5297,4324,2025-08-05T00:00:00.000Z,12,1059 Danby RD. ,,Ithaca ,14850," 
Exciting Loft  unfurnished 2 Bedroom Apartment  INCLUDES HEAT HOT WATER!","Exciting loft  30 foot ceilings in a renovated barn, Huge stone fireplace new flooring, cozy Large 2 bedrooms very unique style apartment, 2 levels with spiral staircase,-Full kitchen, brand new ceramic electric cooktop range/oven, dishwasher full bath, laundry center in building, over looks 10 acres. Owner maintained off street parking
Walk & drive to IC, Italian Carryout, Convenience Mart , 2 minute drive to downtown Ithaca, 5-8 mins Cornell, Upper Buttermilk State Park",1200,Price Per Unit,No,"['Electronic Payments Accepted', 'Internet Available', 'Kitchen', 'Laundry Facilities', 'Off-Street Parking Available', 'Near Bus Route', 'Heat Included']",No Preference,2,1,"['Graduate', 'Staff/Faculty', 'Undergraduate']",Rent,42.44978167194115,-76.48476871328316,"{'lat': 42.44978167194115, 'lng': -76.48476871328316}",True,2025-09-03T00:00:00.000Z,True,No,2025-05-24T20:48:50.520Z,2025-08-05T12:20:32.627Z,,"[{'PhotoId': 42188, 'PhotoName': 'IMG_0232.JPEG', 'IsDefault': True, 'AddedDateTime': '2025-07-20T15:45:21.805Z', 'listingId': 5297, 'PhotoUrl': 'https://images.listings.offcampusliving.cornell.edu/listings/5297/IMG_0232.JPEG', 'SortOrder': 1}, {'PhotoId': 42564, 'PhotoName': 'IMG_4242.jpeg', 'IsDefault': False, 'AddedDateTime': '2025-08-05T12:26:11.318Z', 'listingId': 5297, 'PhotoUrl': 'https://images.listings.offcampusliving.cornell.edu/listings/5297/IMG_4242.jpeg', 'SortOrder': None}, {'PhotoId': 42565, 'PhotoName': 'IMG_0782.jpeg', 'IsDefault': False, 'AddedDateTime': '2025-08-05T12:26:18.442Z', 'listingId': 5297, 'PhotoUrl': 'https://images.listings.offcampusliving.cornell.edu/listings/5297/IMG_0782.jpeg', 'SortOrder': None}, {'PhotoId': 42566, 'PhotoName': 'IMG_0780.jpeg', 'IsDefault': False, 'AddedDateTime': '2025-08-05T12:26:20.190Z', 'listingId': 5297, 'PhotoUrl': 'https://images.listings.offcampusliving.cornell.edu/listings/5297/IMG_0780.jpeg', 'SortOrder': None}, {'PhotoId': 42567, 'PhotoName': 'IMG_0781.jpeg', 'IsDefault': False, 'AddedDateTime': '2025-08-05T12:26:21.960Z', 'listingId': 5297, 'PhotoUrl': 'https://images.listings.offcampusliving.cornell.edu/listings/5297/IMG_0781.jpeg', 'SortOrder': None}]",
5300,4471,2025-12-22T00:00:00.000Z,5,205 Dryden Road,501,Ithaca,14850,4 Bedroom/2 Bath Apartment in Collegetown Available for Sublets For Spring 2026 Semester ,"Willing to negotiate price. Dates are flexible. Please email ask278@cornell.edu or smw372@cornell.edu if you have any questions.   
More info and photos here: https://drydensouth.com   
Comes fully furnished with beds, mattresses, desks, dressers, couches, and chairs and includes heat/hot water. Other amenities: Fitness center, ATM, elevator, secure entrance, video intercom, separate AC/heat control, 10ft ceiling, indoor bike storage, onsite laundry, maximum soundproofing, built in 2016.",1450,Price Per Person,No,"['Air Conditioning', 'Wheelchair Accessible', 'Off-Street Parking Available', 'Near Bus Route', 'Laundry Facilities', 'Kitchen', 'Internet Available', 'Heat Included', 'Furnished', 'Electronic Payments Accepted', 'Water Included']",No Preference,4,2,"['Undergraduate', 'Staff/Faculty', 'Spring Sublet', 'Graduate']",Rent,42.44151873117841,-76.48501810288523,"{'lat': 42.44151873117841, 'lng': -76.48501810288523}",True,2026-06-26T00:00:00.000Z,True,Yes,2025-05-27T17:16:30.320Z,2025-08-24T16:45:43.467Z,205 DRYDEN ROAD,"[{'PhotoId': 41293, 'PhotoName': 'PNG image.png.jpeg', 'IsDefault': True, 'AddedDateTime': '2025-05-27T17:20:21.839Z', 'listingId': 5300, 'PhotoUrl': 'https://images.listings.offcampusliving.cornell.edu/listings/5300/PNG image.png.jpeg', 'SortOrder': 1}, {'PhotoId': 41294, 'PhotoName': 'Screenshot 2025-03-28 at 1.52.22â\x80¯PM.png.jpeg', 'IsDefault': False, 'AddedDateTime': '2025-05-27T17:20:35.018Z', 'listingId': 5300, 'PhotoUrl': 'https://images.listings.offcampusliving.cornell.edu/listings/5300/Screenshot 2025-03-28 at 1.52.22â\x80¯PM.png.jpeg', 'SortOrder': 2}, {'PhotoId': 41301, 'PhotoName': 'Screenshot 2025-03-28 at 1.52.43â\x80¯PM.png.jpeg', 'IsDefault': False, 'AddedDateTime': '2025-05-27T17:21:54.434Z', 'listingId': 5300, 'PhotoUrl': 'https://images.listings.offcampusliving.cornell.edu/listings/5300/Screenshot 2025-03-28 at 1.52.43â\x80¯PM.png.jpeg', 'SortOrder': 3}, {'PhotoId': 41298, 'PhotoName': 'Screenshot 2025-03-28 at 1.52.50â\x80¯PM.png.jpeg', 'IsDefault': False, 'AddedDateTime': '2025-05-27T17:21:30.158Z', 'listingId': 5300, 'PhotoUrl': 'https://images.listings.offcampusliving.cornell.edu/listings/5300/Screenshot 2025-03-28 at 1.52.50â\x80¯PM.png.jpeg', 'SortOrder': 4}, {'PhotoId': 41300, 'PhotoName': 'Screenshot 2025-03-28 at 1.55.22â\x80¯PM.png.jpeg', 'IsDefault': False, 'AddedDateTime': '2025-05-27T17:21:49.503Z', 'listingId': 5300, 'PhotoUrl': 'https://images.listings.offcampusliving.cornell.edu/listings/5300/Screenshot 2025-03-28 at 1.55.22â\x80¯PM.png.jpeg', 'SortOrder': 5}, {'PhotoId': 41295, 'PhotoName': 'Screenshot 2025-03-28 at 1.56.43â\x80¯PM.png.jpeg', 'IsDefault': False, 'AddedDateTime': '2025-05-27T17:21:06.350Z', 'listingId': 5300, 'PhotoUrl': 'https://images.listings.offcampusliving.cornell.edu/listings/5300/Screenshot 2025-03-28 at 1.56.43â\x80¯PM.png.jpeg', 'SortOrder': 6}, {'PhotoId': 41299, 'PhotoName': 'Screenshot 2025-03-28 at 1.56.21â\x80¯PM.png.jpeg', 'IsDefault': False, 'AddedDateTime': '2025-05-27T17:21:38.506Z', 'listingId': 5300, 'PhotoUrl': 'https://images.listings.offcampusliving.cornell.edu/listings/5300/Screenshot 2025-03-28 at 1.56.21â\x80¯PM.png.jpeg', 'SortOrder': 7}, {'PhotoId': 41302, 'PhotoName': 'Screenshot 2025-03-28 at 1.56.09â\x80¯PM.png.jpeg', 'IsDefault': False, 'AddedDateTime': '2025-05-27T17:22:01.899Z', 'listingId': 5300, 'PhotoUrl': 'https://images.listings.offcampusliving.cornell.edu/listings/5300/Screenshot 2025-03-28 at 1.56.09â\x80¯PM.png.jpeg', 'SortOrder': 8}, {'PhotoId': 41297, 'PhotoName': 'Screenshot 2025-03-28 at 1.53.05â\x80¯PM.png.jpeg', 'IsDefault': False, 'AddedDateTime': '2025-05-27T17:21:17.548Z', 'listingId': 5300, 'PhotoUrl': 'https://images.listings.offcampusliving.cornell.edu/listings/5300/Screenshot 2025-03-28 at 1.53.05â\x80¯PM.png.jpeg', 'SortOrder': 9}, {'PhotoId': 41296, 'PhotoName': 'Screenshot 2025-03-28 at 1.55.05â\x80¯PM.png.jpeg', 'IsDefault': False, 'AddedDateTime': '2025-05-27T17:21:11.029Z', 'listingId': 5300, 'PhotoUrl': 'https://images.listings.offcampusliving.cornell.edu/listings/5300/Screenshot 2025-03-28 at 1.55.05â\x80¯PM.png.jpeg', 'SortOrder': 10}]","{""BuildingAddress"": ""205 DRYDEN ROAD"", ""OverallSafetyRating"": 24, ""CategoryScores"": [{""Fire Protection"": 0}, {""Notification Systems"": 0}, {""Emergency Egress"": 0}, {""Applicable Code"": 6}, {""Fire Extinguishers"": 0}, {""Construction Type"": 10}, {""Valid Certificate of Compliance"": 8}], ""OverallSafetyRatingAsPercentage"": 52, ""CategoryScoresAsPercentage"": [{""Fire Protection"": 0}, {""Notification Systems"": 0}, {""Emergency Egress"": 0}, {""Applicable Code"": 100}, {""Fire Extinguishers"": 0}, {""Construction Type"": 83}, {""Valid Certificate of Compliance"": 100}], ""SprinklerType"": [{""sprinklerType"": ""NFPA 13R Sprinkler System"", ""sprinklerCertificateExpiration"": ""2025-02-13""}], ""FireExtinguisherCertificateExpiration"": null, ""NotificationSystem"": [{""subCategory"": ""Fire Alarm System"", ""notificationType"": ""Fire Alarm System"", ""notificationSystemCertificateExpiration"": ""2025-01-02""}, {""subCategory"": ""Single Station Smoke Alarm"", ""notificationType"": ""Single Station Smoke Alarm"", ""notificationSystemCertificateExpiration"": ""2024-01-10""}], ""HasValidCertificateOfOccupancy"": true, ""MeetsMinimumRequirements"": false, ""ExceedsRequirements"": false, ""HasFireResistantConstructionType"": true, ""SatisfiesApplicableCode"": true, ""CertificateExpirationDate"": ""2026-02-09T00:00:00.000Z"", ""DateLastUpdated"": ""2025-07-30T07:01:26.000Z""}"
5304,4477,2025-12-22T00:00:00.000Z,6,516 University Avenue,A01,Ithaca,14850,Room for rent in 3-bedroom apt - Ravenwood,"DATES FLEXIBLE, SPRING SEMESTER. I am looking to sublet one room in a Ravenwood apartment with 3 rooms total. There will be 2 male roommates during the duration of the sublet. Please reach out with dates or questions  ",800,Price Per Person,No,"['Internet Included', 'Near Bus Route', 'Kitchen', 'Laundry Facilities', 'Electronic Payments Accepted', 'Water Included', 'Permitted Street Parking Available', 'Electricity Included', 'Air Conditioning', 'Heat Included']",Male,3,1,['Spring Sublet'],Room to Rent,42.44960861558694,-76.49292077283525,"{'lat': 42.44960861558694, 'lng': -76.49292077283525}",True,2026-02-05T00:00:00.000Z,True,Yes,2025-06-05T17:40:47.498Z,2025-07-21T15:01:00.134Z,516 UNIVERSITY AVENUE,"[{'PhotoId': 42213, 'PhotoName': 'Screenshot 2025-07-21 at 11.01.39â\x80¯AM.png', 'IsDefault': True, 'AddedDateTime': '2025-07-21T15:02:16.041Z', 'listingId': 5304, 'PhotoUrl': 'https://images.listings.offcampusliving.cornell.edu/listings/5304/Screenshot 2025-07-21 at 11.01.39â\x80¯AM.png', 'SortOrder': 1}, {'PhotoId': 41402, 'PhotoName': 'IMG_9587.jpg', 'IsDefault': False, 'AddedDateTime': '2025-06-05T17:43:47.448Z', 'listingId': 5304, 'PhotoUrl': 'https://images.listings.offcampusliving.cornell.edu/listings/5304/IMG_9587.jpg', 'SortOrder': 2}]","{""BuildingAddress"": ""516 UNIVERSITY AVENUE"", ""OverallSafetyRating"": 10, ""CategoryScores"": [{""Fire Protection"": 0}, {""Notification Systems"": 2}, {""Emergency Egress"": 0}, {""Applicable Code"": 0}, {""Fire Extinguishers"": 0}, {""Construction Type"": 0}, {""Valid Certificate of Compliance"": 8}], ""OverallSafetyRatingAsPercentage"": 21, ""CategoryScoresAsPercentage"": [{""Fire Protection"": 0}, {""Notification Systems"": 33}, {""Emergency Egress"": 0}, {""Applicable Code"": 0}, {""Fire Extinguishers"": 0}, {""Construction Type"": 0}, {""Valid Certificate of Compliance"": 100}], ""SprinklerType"": [], ""FireExtinguisherCertificateExpiration"": null, ""NotificationSystem"": [{""subCategory"": ""Single Station Smoke Alarm"", ""notificationType"": ""Single Station Smoke Alarm"", ""notificationSystemCertificateExpiration"": ""2024-03-15""}, {""subCategory"": ""CO Detector"", ""notificationType"": ""CO Detector"", ""notificationSystemCertificateExpiration"": ""auto""}], ""HasValidCertificateOfOccupancy"": true, ""MeetsMinimumRequirements"": false, ""ExceedsRequirements"": false, ""HasFireResistantConstructionType"": false, ""SatisfiesApplicableCode"": false, ""CertificateExpirationDate"": ""2026-03-15T00:00:00.000Z"", ""DateLastUpdated"": ""2025-07-30T07:01:47.000Z""}"
5314,4490,2025-07-17T00:00:00.000Z,10,40 Village PL,102-S,Ithaca,14850,"Modern and Spacious 2-Bed, 2-Bath Apartment!","Hi there! I'm an incoming psychology PhD student, and I’m looking for either (a) a roommate to share a 2B2B with me at Village Solar Apartments, or (b) two people to take over the entire lease. The apartment is 950 sq ft, modern and updated with in-unit laundry, new appliances, and a great layout. It's on the 37 and 77 bus lines, but it's probably ideal to also have a car as it's not walkable from campus. If you're interested, I'd love to zoom to see if we'd be a good fit! :)",1075,Price Per Person,No,"['Air Conditioning', 'Furnished', 'Laundry Facilities', 'Kitchen', 'Off-Street Parking Included', 'Water Included', 'Electronic Payments Accepted', 'Internet Available', 'Internet Included', 'Near Bus Route']",Female,2,2,"['Graduate', 'Spring Sublet', 'Fall Sublet']",Room to Rent,42.48397377432261,-76.48119564476008,"{'lat': 42.48397377432261, 'lng': -76.48119564476008}",True,2026-04-25T00:00:00.000Z,True,No,2025-06-25T17:58:16.964Z,2025-06-25T18:12:30.395Z,,"[{'PhotoId': 41637, 'PhotoName': 'village solar 5.jpg', 'IsDefault': True, 'AddedDateTime': '2025-06-25T18:08:13.951Z', 'listingId': 5314, 'PhotoUrl': 'https://images.listings.offcampusliving.cornell.edu/listings/5314/village solar 5.jpg', 'SortOrder': None}, {'PhotoId': 41635, 'PhotoName': 'village solar 3.jpg', 'IsDefault': False, 'AddedDateTime': '2025-06-25T18:08:12.795Z', 'listingId': 5314, 'PhotoUrl': 'https://images.listings.offcampusliving.cornell.edu/listings/5314/village solar 3.jpg', 'SortOrder': None}, {'PhotoId': 41636, 'PhotoName': 'village solar 4.jpg', 'IsDefault': False, 'AddedDateTime': '2025-06-25T18:08:13.382Z', 'listingId': 5314, 'PhotoUrl': 'https://images.listings.offcampusliving.cornell.edu/listings/5314/village solar 4.jpg', 'SortOrder': None}]",
5315,4491,2026-01-11T00:00:00.000Z,5,403 College Avenue,2,Ithaca,14850,"1 bedroom in the heart of collegetown (full-size bed, large closet, 2 windows)","This listing is 1 bedroom out of the 6 available in the unit. Located in the heart of collegetown, only a 5 minute walk from campus. Bedroom has 2 windows, a full-sized bed, and large closet. Willing to negotiate price. ",900,Price Per Unit,No,"['Air Conditioning', 'Electronic Payments Accepted', 'Furnished', 'Heat Included', 'Internet Included', 'Internet Available', 'Kitchen', 'Laundry Facilities', 'Off-Street Parking Available', 'Near Bus Route', 'Electricity Included', 'Permitted Street Parking Available', 'Water Included']",No Preference,1,2,"['Spring Sublet', 'Graduate', 'Undergraduate']",Room to Rent,42.44174859657601,-76.48432948092345,"{'lat': 42.44174859657601, 'lng': -76.48432948092345}",True,2026-05-27T00:00:00.000Z,True,Yes,2025-06-27T00:32:36.628Z,2025-08-27T19:29:05.327Z,403 COLLEGE AVENUE,"[{'PhotoId': 41943, 'PhotoName': 'IMG_1240.JPG', 'IsDefault': True, 'AddedDateTime': '2025-07-11T02:29:09.372Z', 'listingId': 5315, 'PhotoUrl': 'https://images.listings.offcampusliving.cornell.edu/listings/5315/IMG_1240.JPG', 'SortOrder': None}, {'PhotoId': 41944, 'PhotoName': 'IMG_1243.JPG', 'IsDefault': False, 'AddedDateTime': '2025-07-11T02:29:11.381Z', 'listingId': 5315, 'PhotoUrl': 'https://images.listings.offcampusliving.cornell.edu/listings/5315/IMG_1243.JPG', 'SortOrder': None}, {'PhotoId': 41945, 'PhotoName': 'IMG_1244.JPG', 'IsDefault': False, 'AddedDateTime': '2025-07-11T02:29:12.443Z', 'listingId': 5315, 'PhotoUrl': 'https://images.listings.offcampusliving.cornell.edu/listings/5315/IMG_1244.JPG', 'SortOrder': None}, {'PhotoId': 41946, 'PhotoName': 'IMG_1228.JPG', 'IsDefault': False, 'AddedDateTime': '2025-07-11T02:29:14.220Z', 'listingId': 5315, 'PhotoUrl': 'https://images.listings.offcampusliving.cornell.edu/listings/5315/IMG_1228.JPG', 'SortOrder': None}, {'PhotoId': 41947, 'PhotoName': 'IMG_1230.JPG', 'IsDefault': False, 'AddedDateTime': '2025-07-11T02:29:15.960Z', 'listingId': 5315, 'PhotoUrl': 'https://images.listings.offcampusliving.cornell.edu/listings/5315/IMG_1230.JPG', 'SortOrder': None}]","{""BuildingAddress"": ""403 COLLEGE AVENUE"", ""OverallSafetyRating"": 15, ""CategoryScores"": [{""Fire Protection"": 0}, {""Notification Systems"": 2}, {""Emergency Egress"": 0}, {""Applicable Code"": 0}, {""Fire Extinguishers"": 0}, {""Construction Type"": 5}, {""Valid Certificate of Compliance"": 8}], ""OverallSafetyRatingAsPercentage"": 32, ""CategoryScoresAsPercentage"": [{""Fire Protection"": 0}, {""Notification Systems"": 33}, {""Emergency Egress"": 0}, {""Applicable Code"": 0}, {""Fire Extinguishers"": 0}, {""Construction Type"": 41}, {""Valid Certificate of Compliance"": 100}], ""SprinklerType"": [{""sprinklerType"": ""NFPA 13 Sprinkler System"", ""sprinklerCertificateExpiration"": ""2025-03-17""}], ""FireExtinguisherCertificateExpiration"": ""2025-02-28T00:00:00.000Z"", ""NotificationSystem"": [{""subCategory"": ""Single Station Smoke Alarm"", ""notificationType"": ""Single Station Smoke Alarm"", ""notificationSystemCertificateExpiration"": ""2025-03-26""}, {""subCategory"": ""Fire Alarm System"", ""notificationType"": ""Fire Alarm System"", ""notificationSystemCertificateExpiration"": ""2025-11-18""}], ""HasValidCertificateOfOccupancy"": true, ""MeetsMinimumRequirements"": false, ""ExceedsRequirements"": false, ""HasFireResistantConstructionType"": false, ""SatisfiesApplicableCode"": false, ""CertificateExpirationDate"": ""2027-12-05T00:00:00.000Z"", ""DateLastUpdated"": ""2025-07-30T07:01:39.000Z""}"
5317,4350,2025-08-25T00:00:00.000Z,4,406 Elmwood Avenue,,Ithaca,14850,5 bedrooms 2.5 baths,"Boarding room house. Three available rooms with 2.5 baths. Access and use of kitchen, dining room, laundry on premises",800,Price Per Person,Yes,"['Electricity Included', 'Furnished', 'Heat Included', 'Internet Available', 'Kitchen', 'Laundry Facilities', 'Near Bus Route', 'Water Included', 'Off-Street Parking Available', 'Off-Street Parking Included', 'Electronic Payments Accepted']",No Preference,5,2.5,"['Short-Term Housing', 'Undergraduate', 'Graduate', 'Summer Sublet', 'Spring Sublet', 'Fall Sublet']",Room to Rent,42.44122250883077,-76.48211929700082,"{'lat': 42.44122250883077, 'lng': -76.48211929700082}",True,2026-01-06T00:00:00.000Z,True,Yes,2025-06-29T13:15:00.625Z,2025-08-25T22:08:50.309Z,406 ELMWOOD AVENUE,"[{'PhotoId': 41863, 'PhotoName': 'IMG_3217.jpg', 'IsDefault': True, 'AddedDateTime': '2025-07-08T14:03:43.967Z', 'listingId': 5317, 'PhotoUrl': 'https://images.listings.offcampusliving.cornell.edu/listings/5317/IMG_3217.jpg', 'SortOrder': None}, {'PhotoId': 41862, 'PhotoName': 'IMG_3216.jpg', 'IsDefault': False, 'AddedDateTime': '2025-07-08T13:57:22.173Z', 'listingId': 5317, 'PhotoUrl': 'https://images.listings.offcampusliving.cornell.edu/listings/5317/IMG_3216.jpg', 'SortOrder': None}, {'PhotoId': 41864, 'PhotoName': 'IMG_3218.jpg', 'IsDefault': False, 'AddedDateTime': '2025-07-08T14:03:45.875Z', 'listingId': 5317, 'PhotoUrl': 'https://images.listings.offcampusliving.cornell.edu/listings/5317/IMG_3218.jpg', 'SortOrder': None}, {'PhotoId': 41865, 'PhotoName': 'IMG_3219.jpg', 'IsDefault': False, 'AddedDateTime': '2025-07-08T14:03:48.269Z', 'listingId': 5317, 'PhotoUrl': 'https://images.listings.offcampusliving.cornell.edu/listings/5317/IMG_3219.jpg', 'SortOrder': None}, {'PhotoId': 41867, 'PhotoName': 'IMG_3221.jpg', 'IsDefault': False, 'AddedDateTime': '2025-07-08T14:03:51.807Z', 'listingId': 5317, 'PhotoUrl': 'https://images.listings.offcampusliving.cornell.edu/listings/5317/IMG_3221.jpg', 'SortOrder': None}, {'PhotoId': 41868, 'PhotoName': 'IMG_3222.jpg', 'IsDefault': False, 'AddedDateTime': '2025-07-08T14:03:53.258Z', 'listingId': 5317, 'PhotoUrl': 'https://images.listings.offcampusliving.cornell.edu/listings/5317/IMG_3222.jpg', 'SortOrder': None}, {'PhotoId': 41870, 'PhotoName': 'IMG_3224.jpg', 'IsDefault': False, 'AddedDateTime': '2025-07-08T14:03:56.941Z', 'listingId': 5317, 'PhotoUrl': 'https://images.listings.offcampusliving.cornell.edu/listings/5317/IMG_3224.jpg', 'SortOrder': None}, {'PhotoId': 41871, 'PhotoName': 'IMG_3225.jpg', 'IsDefault': False, 'AddedDateTime': '2025-07-08T14:03:58.706Z', 'listingId': 5317, 'PhotoUrl': 'https://images.listings.offcampusliving.cornell.edu/listings/5317/IMG_3225.jpg', 'SortOrder': None}, {'PhotoId': 41874, 'PhotoName': 'IMG_3228.jpg', 'IsDefault': False, 'AddedDateTime': '2025-07-08T14:04:04.280Z', 'listingId': 5317, 'PhotoUrl': 'https://images.listings.offcampusliving.cornell.edu/listings/5317/IMG_3228.jpg', 'SortOrder': None}, {'PhotoId': 41875, 'PhotoName': 'IMG_3229.jpg', 'IsDefault': False, 'AddedDateTime': '2025-07-08T14:04:05.974Z', 'listingId': 5317, 'PhotoUrl': 'https://images.listings.offcampusliving.cornell.edu/listings/5317/IMG_3229.jpg', 'SortOrder': None}, {'PhotoId': 41771, 'PhotoName': 'IMG_20250706_125144464_HDR.jpg', 'IsDefault': False, 'AddedDateTime': '2025-07-06T16:58:21.294Z', 'listingId': 5317, 'PhotoUrl': 'https://images.listings.offcampusliving.cornell.edu/listings/5317/IMG_20250706_125144464_HDR.jpg', 'SortOrder': 1}, {'PhotoId': 41763, 'PhotoName': 'IMG_20250706_120101903.jpg', 'IsDefault': False, 'AddedDateTime': '2025-07-06T16:58:12.225Z', 'listingId': 5317, 'PhotoUrl': 'https://images.listings.offcampusliving.cornell.edu/listings/5317/IMG_20250706_120101903.jpg', 'SortOrder': 4}, {'PhotoId': 41766, 'PhotoName': 'IMG_20250706_120532569.jpg', 'IsDefault': False, 'AddedDateTime': '2025-07-06T16:58:15.323Z', 'listingId': 5317, 'PhotoUrl': 'https://images.listings.offcampusliving.cornell.edu/listings/5317/IMG_20250706_120532569.jpg', 'SortOrder': 6}, {'PhotoId': 41767, 'PhotoName': 'IMG_20250706_120708176_HDR.jpg', 'IsDefault': False, 'AddedDateTime': '2025-07-06T16:58:16.492Z', 'listingId': 5317, 'PhotoUrl': 'https://images.listings.offcampusliving.cornell.edu/listings/5317/IMG_20250706_120708176_HDR.jpg', 'SortOrder': 7}, {'PhotoId': 41768, 'PhotoName': 'IMG_20250706_120716791.jpg', 'IsDefault': False, 'AddedDateTime': '2025-07-06T16:58:17.546Z', 'listingId': 5317, 'PhotoUrl': 'https://images.listings.offcampusliving.cornell.edu/listings/5317/IMG_20250706_120716791.jpg', 'SortOrder': 8}, {'PhotoId': 41773, 'PhotoName': 'IMG_20250706_125238405.jpg', 'IsDefault': False, 'AddedDateTime': '2025-07-06T16:58:23.759Z', 'listingId': 5317, 'PhotoUrl': 'https://images.listings.offcampusliving.cornell.edu/listings/5317/IMG_20250706_125238405.jpg', 'SortOrder': 12}]","{""BuildingAddress"": ""406 ELMWOOD AVENUE"", ""OverallSafetyRating"": 8, ""CategoryScores"": [{""Fire Protection"": 0}, {""Notification Systems"": 0}, {""Emergency Egress"": 0}, {""Applicable Code"": 0}, {""Fire Extinguishers"": 0}, {""Construction Type"": 0}, {""Valid Certificate of Compliance"": 8}], ""OverallSafetyRatingAsPercentage"": 17, ""CategoryScoresAsPercentage"": [{""Fire Protection"": 0}, {""Notification Systems"": 0}, {""Emergency Egress"": 0}, {""Applicable Code"": 0}, {""Fire Extinguishers"": 0}, {""Construction Type"": 0}, {""Valid Certificate of Compliance"": 100}], ""SprinklerType"": [], ""FireExtinguisherCertificateExpiration"": null, ""NotificationSystem"": [{""subCategory"": ""Fire Alarm System"", ""notificationType"": ""Fire Alarm System"", ""notificationSystemCertificateExpiration"": ""2024-10-01""}, {""subCategory"": ""Single Station Smoke Alarm"", ""notificationType"": ""Single Station Smoke Alarm"", ""notificationSystemCertificateExpiration"": ""2024-07-20""}], ""HasValidCertificateOfOccupancy"": true, ""MeetsMinimumRequirements"": true, ""ExceedsRequirements"": false, ""HasFireResistantConstructionType"": false, ""SatisfiesApplicableCode"": false, ""CertificateExpirationDate"": ""2026-08-20T00:00:00.000Z"", ""DateLastUpdated"": ""2025-07-30T07:01:40.000Z""}"
5319,4187,2025-08-31T00:00:00.000Z,12,100 Wildflower Dr,,Ithaca,14850,"3 Bed + office, 3 Bath house with large yard, pets welcome! Bike to campus!","Quiet and well maintained house, in Belle Sherman school district, near E Ithaca Recreation Trail. This house has a lot of space, recently painted and higher end appliances. All utilities, including Wi-Fi included. ",3000,Price Per Unit,Yes,"['Air Conditioning', 'Electricity Included', 'Electronic Payments Accepted', 'Furnished', 'Heat Included', 'Internet Available', 'Internet Included', 'Kitchen', 'Laundry Facilities', 'Near Bus Route', 'Off-Street Parking Available', 'Off-Street Parking Included', 'Water Included']",No Preference,3,3,"['Sabbatic Housing', 'Staff/Faculty', 'Graduate']",Rent,42.43020334788355,-76.46992665063527,"{'lat': 42.43020334788355, 'lng': -76.46992665063527}",True,2025-09-01T00:00:00.000Z,True,No,2025-07-01T18:40:30.453Z,2025-07-02T14:01:50.396Z,,"[{'PhotoId': 41671, 'PhotoName': '100wildflowerfront.jpg', 'IsDefault': True, 'AddedDateTime': '2025-07-01T19:28:46.354Z', 'listingId': 5319, 'PhotoUrl': 'https://images.listings.offcampusliving.cornell.edu/listings/5319/100wildflowerfront.jpg', 'SortOrder': None}, {'PhotoId': 41672, 'PhotoName': 'bedroom_second_01.jpg', 'IsDefault': False, 'AddedDateTime': '2025-07-01T19:28:46.985Z', 'listingId': 5319, 'PhotoUrl': 'https://images.listings.offcampusliving.cornell.edu/listings/5319/bedroom_second_01.jpg', 'SortOrder': None}, {'PhotoId': 41673, 'PhotoName': 'kitchen_01.JPG', 'IsDefault': False, 'AddedDateTime': '2025-07-01T19:28:47.931Z', 'listingId': 5319, 'PhotoUrl': 'https://images.listings.offcampusliving.cornell.edu/listings/5319/kitchen_01.JPG', 'SortOrder': None}, {'PhotoId': 41674, 'PhotoName': 'wildflowerliving.jpg', 'IsDefault': False, 'AddedDateTime': '2025-07-01T19:28:48.240Z', 'listingId': 5319, 'PhotoUrl': 'https://images.listings.offcampusliving.cornell.edu/listings/5319/wildflowerliving.jpg', 'SortOrder': None}, {'PhotoId': 41675, 'PhotoName': 'wildflowerbath.jpg', 'IsDefault': False, 'AddedDateTime': '2025-07-01T19:30:19.810Z', 'listingId': 5319, 'PhotoUrl': 'https://images.listings.offcampusliving.cornell.edu/listings/5319/wildflowerbath.jpg', 'SortOrder': None}, {'PhotoId': 41676, 'PhotoName': 'wildflowerlaundry.jpg', 'IsDefault': False, 'AddedDateTime': '2025-07-01T19:30:20.207Z', 'listingId': 5319, 'PhotoUrl': 'https://images.listings.offcampusliving.cornell.edu/listings/5319/wildflowerlaundry.jpg', 'SortOrder': None}, {'PhotoId': 41677, 'PhotoName': 'wildflowerkitchenliving.jpg', 'IsDefault': False, 'AddedDateTime': '2025-07-01T19:30:20.525Z', 'listingId': 5319, 'PhotoUrl': 'https://images.listings.offcampusliving.cornell.edu/listings/5319/wildflowerkitchenliving.jpg', 'SortOrder': None}]",
5320,4497,2025-12-22T00:00:00.000Z,6,403 College Avenue,Floor 1 - Room 5,Ithaca,14850,"Bright & Spacious Bedroom – Spring Sublease in Collegetown!

1 bedroom in a 6 bedroom apartment!

Steps from CTB and a quick 2 minute walk to Cornells campus!","Bright & Spacious Bedroom Spring Sublease in Collegetown
Steps from CTB and a quick 2-min walk to Cornell’s campus

-Fully furnished with full beds, dressers, desks, & chairs
- 2 full bathrooms
- Kitchen with lots of counter space (2 fridges)
- Washer and Dryer In-unit and new
- High-Speed Wifi 
- Dishwasher and fully equipped
- Code Entry 

Right above Dos Amigos, next to 7/11, and near everything in Collegetown!

Message me if you’re interested or want a tour (787-400-5727 or nsp55@cornell.edu",1100,Price Per Person,No,"['Air Conditioning', 'Laundry Facilities', 'Kitchen', 'Internet Included', 'Near Bus Route', 'Heat Included', 'Electronic Payments Accepted', 'Furnished', 'Internet Available', 'Water Included', 'Permitted Street Parking Available']",Female,1,2,['Spring Sublet'],Rent,42.44152315066162,-76.48499980359784,"{'lat': 42.44152315066162, 'lng': -76.48499980359784}",True,2026-09-04T00:00:00.000Z,True,Yes,2025-07-05T00:07:42.922Z,2025-08-26T15:18:01.131Z,403 COLLEGE AVENUE,"[{'PhotoId': 42853, 'PhotoName': 'IMG_9852.jpeg', 'IsDefault': True, 'AddedDateTime': '2025-08-26T15:12:17.405Z', 'listingId': 5320, 'PhotoUrl': 'https://images.listings.offcampusliving.cornell.edu/listings/5320/IMG_9852.jpeg', 'SortOrder': 1}, {'PhotoId': 42854, 'PhotoName': 'IMG_9853.jpeg', 'IsDefault': False, 'AddedDateTime': '2025-08-26T15:12:18.232Z', 'listingId': 5320, 'PhotoUrl': 'https://images.listings.offcampusliving.cornell.edu/listings/5320/IMG_9853.jpeg', 'SortOrder': 2}, {'PhotoId': 42852, 'PhotoName': 'IMG_9857.jpeg', 'IsDefault': False, 'AddedDateTime': '2025-08-26T15:11:54.195Z', 'listingId': 5320, 'PhotoUrl': 'https://images.listings.offcampusliving.cornell.edu/listings/5320/IMG_9857.jpeg', 'SortOrder': 3}, {'PhotoId': 42851, 'PhotoName': 'IMG_9856.jpeg', 'IsDefault': False, 'AddedDateTime': '2025-08-26T15:11:52.813Z', 'listingId': 5320, 'PhotoUrl': 'https://images.listings.offcampusliving.cornell.edu/listings/5320/IMG_9856.jpeg', 'SortOrder': 4}, {'PhotoId': 41908, 'PhotoName': 'IMG_6301.jpeg', 'IsDefault': False, 'AddedDateTime': '2025-07-10T15:09:05.355Z', 'listingId': 5320, 'PhotoUrl': 'https://images.listings.offcampusliving.cornell.edu/listings/5320/IMG_6301.jpeg', 'SortOrder': 5}]","{""BuildingAddress"": ""403 COLLEGE AVENUE"", ""OverallSafetyRating"": 15, ""CategoryScores"": [{""Fire Protection"": 0}, {""Notification Systems"": 2}, {""Emergency Egress"": 0}, {""Applicable Code"": 0}, {""Fire Extinguishers"": 0}, {""Construction Type"": 5}, {""Valid Certificate of Compliance"": 8}], ""OverallSafetyRatingAsPercentage"": 32, ""CategoryScoresAsPercentage"": [{""Fire Protection"": 0}, {""Notification Systems"": 33}, {""Emergency Egress"": 0}, {""Applicable Code"": 0}, {""Fire Extinguishers"": 0}, {""Construction Type"": 41}, {""Valid Certificate of Compliance"": 100}], ""SprinklerType"": [{""sprinklerType"": ""NFPA 13 Sprinkler System"", ""sprinklerCertificateExpiration"": ""2025-03-17""}], ""FireExtinguisherCertificateExpiration"": ""2025-02-28T00:00:00.000Z"", ""NotificationSystem"": [{""subCategory"": ""Single Station Smoke Alarm"", ""notificationType"": ""Single Station Smoke Alarm"", ""notificationSystemCertificateExpiration"": ""2025-03-26""}, {""subCategory"": ""Fire Alarm System"", ""notificationType"": ""Fire Alarm System"", ""notificationSystemCertificateExpiration"": ""2025-11-18""}], ""HasValidCertificateOfOccupancy"": true, ""MeetsMinimumRequirements"": false, ""ExceedsRequirements"": false, ""HasFireResistantConstructionType"": false, ""SatisfiesApplicableCode"": false, ""CertificateExpirationDate"": ""2027-12-05T00:00:00.000Z"", ""DateLastUpdated"": ""2025-07-30T07:01:39.000Z""}"
5321,4499,2026-01-01T00:00:00.000Z,5,106 Catherine Street,,Ithaca,14850,"1 Private room in full furnished house a few minute walk from campus and in the hub of Collegetown! Included utilities, AC, heating, furniture, laundry, storage, living room, and kitchen.","1 Private room for rent for January to May 2026

Furnished full house a few minute walk from campus and in the hub of Collegetown!
- included utilities, AC, heating, and everything 
- Full spacious living room & kitchen (new furniture & tv)
- Porch
- In house laundry
- Basement storage
- 2 floors
- Super cool, fun all female roommates

Message me for more information and questions! 

Note: We are subletting 5 out 6 rooms in the house but this post is only for 1!!",1150,Price Per Person,Yes,"['Air Conditioning', 'Electricity Included', 'Electronic Payments Accepted', 'Furnished', 'Heat Included', 'Internet Available', 'Internet Included', 'Kitchen', 'Laundry Facilities', 'Near Bus Route', 'Off-Street Parking Available', 'Off-Street Parking Included', 'Permitted Street Parking Available', 'Water Included', 'Wheelchair Accessible']",No Preference,6,2,['Spring Sublet'],Room to Rent,42.44037033133939,-76.48663223348235,"{'lat': 42.44037033133939, 'lng': -76.48663223348235}",True,2025-12-07T00:00:00.000Z,True,Yes,2025-07-07T16:06:45.751Z,2025-07-14T16:22:20.311Z,106 CATHERINE STREET,"[{'PhotoId': 41801, 'PhotoName': '1600696012-14669.jpg', 'IsDefault': True, 'AddedDateTime': '2025-07-07T16:12:19.034Z', 'listingId': 5321, 'PhotoUrl': 'https://images.listings.offcampusliving.cornell.edu/listings/5321/1600696012-14669.jpg', 'SortOrder': 1}, {'PhotoId': 41803, 'PhotoName': '1600697643-14669.png', 'IsDefault': False, 'AddedDateTime': '2025-07-07T16:12:30.169Z', 'listingId': 5321, 'PhotoUrl': 'https://images.listings.offcampusliving.cornell.edu/listings/5321/1600697643-14669.png', 'SortOrder': 2}, {'PhotoId': 41802, 'PhotoName': '1600697389-14669.png', 'IsDefault': False, 'AddedDateTime': '2025-07-07T16:12:25.939Z', 'listingId': 5321, 'PhotoUrl': 'https://images.listings.offcampusliving.cornell.edu/listings/5321/1600697389-14669.png', 'SortOrder': 3}, {'PhotoId': 41804, 'PhotoName': '1600697737-14669.png', 'IsDefault': False, 'AddedDateTime': '2025-07-07T16:12:33.423Z', 'listingId': 5321, 'PhotoUrl': 'https://images.listings.offcampusliving.cornell.edu/listings/5321/1600697737-14669.png', 'SortOrder': 4}, {'PhotoId': 41806, 'PhotoName': '1600697822-14669.png', 'IsDefault': False, 'AddedDateTime': '2025-07-07T16:12:40.284Z', 'listingId': 5321, 'PhotoUrl': 'https://images.listings.offcampusliving.cornell.edu/listings/5321/1600697822-14669.png', 'SortOrder': 5}, {'PhotoId': 41805, 'PhotoName': '1600697770-14669.png', 'IsDefault': False, 'AddedDateTime': '2025-07-07T16:12:36.957Z', 'listingId': 5321, 'PhotoUrl': 'https://images.listings.offcampusliving.cornell.edu/listings/5321/1600697770-14669.png', 'SortOrder': 6}, {'PhotoId': 41796, 'PhotoName': 'Screenshot 2025-06-20 at 3.00.53â\x80¯PM.png', 'IsDefault': False, 'AddedDateTime': '2025-07-07T16:10:19.693Z', 'listingId': 5321, 'PhotoUrl': 'https://images.listings.offcampusliving.cornell.edu/listings/5321/Screenshot 2025-06-20 at 3.00.53â\x80¯PM.png', 'SortOrder': 7}, {'PhotoId': 41798, 'PhotoName': 'Screenshot 2025-06-20 at 3.01.34â\x80¯PM.png', 'IsDefault': False, 'AddedDateTime': '2025-07-07T16:10:35.753Z', 'listingId': 5321, 'PhotoUrl': 'https://images.listings.offcampusliving.cornell.edu/listings/5321/Screenshot 2025-06-20 at 3.01.34â\x80¯PM.png', 'SortOrder': 8}, {'PhotoId': 41799, 'PhotoName': 'Screenshot 2025-06-20 at 3.02.39â\x80¯PM.png', 'IsDefault': False, 'AddedDateTime': '2025-07-07T16:10:40.686Z', 'listingId': 5321, 'PhotoUrl': 'https://images.listings.offcampusliving.cornell.edu/listings/5321/Screenshot 2025-06-20 at 3.02.39â\x80¯PM.png', 'SortOrder': 9}, {'PhotoId': 41800, 'PhotoName': 'Screenshot 2025-06-20 at 3.02.48â\x80¯PM.png', 'IsDefault': False, 'AddedDateTime': '2025-07-07T16:10:45.095Z', 'listingId': 5321, 'PhotoUrl': 'https://images.listings.offcampusliving.cornell.edu/listings/5321/Screenshot 2025-06-20 at 3.02.48â\x80¯PM.png', 'SortOrder': 10}]","{""BuildingAddress"": ""106 CATHERINE STREET"", ""OverallSafetyRating"": 8, ""CategoryScores"": [{""Fire Protection"": 0}, {""Notification Systems"": 0}, {""Emergency Egress"": 0}, {""Applicable Code"": 0}, {""Fire Extinguishers"": 0}, {""Construction Type"": 0}, {""Valid Certificate of Compliance"": 8}], ""OverallSafetyRatingAsPercentage"": 17, ""CategoryScoresAsPercentage"": [{""Fire Protection"": 0}, {""Notification Systems"": 0}, {""Emergency Egress"": 0}, {""Applicable Code"": 0}, {""Fire Extinguishers"": 0}, {""Construction Type"": 0}, {""Valid Certificate of Compliance"": 100}], ""SprinklerType"": [], ""FireExtinguisherCertificateExpiration"": ""2024-09-30T00:00:00.000Z"", ""NotificationSystem"": [{""subCategory"": ""Single Station Smoke Alarm"", ""notificationType"": ""Single Station Smoke Alarm"", ""notificationSystemCertificateExpiration"": ""2024-08-31""}], ""HasValidCertificateOfOccupancy"": true, ""MeetsMinimumRequirements"": true, ""ExceedsRequirements"": false, ""HasFireResistantConstructionType"": false, ""SatisfiesApplicableCode"": false, ""CertificateExpirationDate"": ""2026-11-02T00:00:00.000Z"", ""DateLastUpdated"": ""2025-07-30T07:01:14.000Z""}"
5330,4503,2025-08-15T00:00:00.000Z,12,206 Third Street,A,Ithaca,14850,Spacious 3 bed and 1 bath home available for rent in Fall Creek. Rooms will be available furnished (or can be unfurnished at request),"3 bed 1 bath apartment with furnished rooms. Spacious and quiet apartment close to Aldi, steps to the Gimme coffee and biking distance to campus. ",750,Price Per Person,Yes,"['Air Conditioning', 'Electricity Included', 'Electronic Payments Accepted', 'Furnished', 'Internet Included', 'Kitchen', 'Laundry Facilities', 'Near Bus Route', 'Off-Street Parking Available', 'Off-Street Parking Included']",Male,3,1,"['Graduate', 'Undergraduate', 'Staff/Faculty']",Room to Rent,42.44931695730524,-76.48473755244068,"{'lat': 42.44931695730524, 'lng': -76.48473755244068}",True,2025-10-10T00:00:00.000Z,True,Yes,2025-07-10T15:43:38.441Z,2025-07-10T15:52:44.995Z,206 THIRD STREET,"[{'PhotoId': 41909, 'PhotoName': 'IMG_2757.jpeg', 'IsDefault': True, 'AddedDateTime': '2025-07-10T15:46:50.138Z', 'listingId': 5330, 'PhotoUrl': 'https://images.listings.offcampusliving.cornell.edu/listings/5330/IMG_2757.jpeg', 'SortOrder': None}, {'PhotoId': 41910, 'PhotoName': 'IMG_2758.jpeg', 'IsDefault': False, 'AddedDateTime': '2025-07-10T15:47:32.192Z', 'listingId': 5330, 'PhotoUrl': 'https://images.listings.offcampusliving.cornell.edu/listings/5330/IMG_2758.jpeg', 'SortOrder': None}, {'PhotoId': 41911, 'PhotoName': 'IMG_2761.jpeg', 'IsDefault': False, 'AddedDateTime': '2025-07-10T15:48:06.565Z', 'listingId': 5330, 'PhotoUrl': 'https://images.listings.offcampusliving.cornell.edu/listings/5330/IMG_2761.jpeg', 'SortOrder': None}, {'PhotoId': 41912, 'PhotoName': 'IMG_2774.jpeg', 'IsDefault': False, 'AddedDateTime': '2025-07-10T15:48:33.139Z', 'listingId': 5330, 'PhotoUrl': 'https://images.listings.offcampusliving.cornell.edu/listings/5330/IMG_2774.jpeg', 'SortOrder': None}, {'PhotoId': 41913, 'PhotoName': 'IMG_2764.jpeg', 'IsDefault': False, 'AddedDateTime': '2025-07-10T15:49:01.473Z', 'listingId': 5330, 'PhotoUrl': 'https://images.listings.offcampusliving.cornell.edu/listings/5330/IMG_2764.jpeg', 'SortOrder': None}, {'PhotoId': 41914, 'PhotoName': 'IMG_2768.jpeg', 'IsDefault': False, 'AddedDateTime': '2025-07-10T15:49:37.893Z', 'listingId': 5330, 'PhotoUrl': 'https://images.listings.offcampusliving.cornell.edu/listings/5330/IMG_2768.jpeg', 'SortOrder': None}, {'PhotoId': 41915, 'PhotoName': 'IMG_2765.jpeg', 'IsDefault': False, 'AddedDateTime': '2025-07-10T15:50:02.614Z', 'listingId': 5330, 'PhotoUrl': 'https://images.listings.offcampusliving.cornell.edu/listings/5330/IMG_2765.jpeg', 'SortOrder': None}, {'PhotoId': 41916, 'PhotoName': 'IMG_2755.jpeg', 'IsDefault': False, 'AddedDateTime': '2025-07-10T15:50:39.046Z', 'listingId': 5330, 'PhotoUrl': 'https://images.listings.offcampusliving.cornell.edu/listings/5330/IMG_2755.jpeg', 'SortOrder': None}]","{""BuildingAddress"": ""206 THIRD STREET"", ""OverallSafetyRating"": 8, ""CategoryScores"": [{""Fire Protection"": 0}, {""Notification Systems"": 0}, {""Emergency Egress"": 0}, {""Applicable Code"": 0}, {""Fire Extinguishers"": 0}, {""Construction Type"": 0}, {""Valid Certificate of Compliance"": 8}], ""OverallSafetyRatingAsPercentage"": 17, ""CategoryScoresAsPercentage"": [{""Fire Protection"": 0}, {""Notification Systems"": 0}, {""Emergency Egress"": 0}, {""Applicable Code"": 0}, {""Fire Extinguishers"": 0}, {""Construction Type"": 0}, {""Valid Certificate of Compliance"": 100}], ""SprinklerType"": [], ""FireExtinguisherCertificateExpiration"": null, ""NotificationSystem"": [{""subCategory"": ""Single Station Smoke Alarm"", ""notificationType"": ""Single Station Smoke Alarm"", ""notificationSystemCertificateExpiration"": ""2021-09-10""}], ""HasValidCertificateOfOccupancy"": true, ""MeetsMinimumRequirements"": true, ""ExceedsRequirements"": false, ""HasFireResistantConstructionType"": false, ""SatisfiesApplicableCode"": false, ""CertificateExpirationDate"": ""2025-09-10T00:00:00.000Z"", ""DateLastUpdated"": ""2025-07-30T07:01:26.000Z""}"
5340,4511,2025-12-20T00:00:00.000Z,6,114 Catherine Street,3,Ithaca,14850,"Furnished 2 bed, 1 bath in Collegetown with spacious layout, laundry access, and optional parking. Close to Cornell, restaurants, and bus lines. Parking spots available starting Dec 20.","Welcome to 114 Catherine St. This furnished 2 bed, 1 bath apartment features a full kitchen, large living room, and ample closet space. Enjoy access to laundry and a fitness center. Located in Collegetown, just minutes from Cornell and local dining. Two parking spots at 301 Eddy St (#11 and #12) are available for $1,100 each for the 6 month period starting December 20. Walkable, convenient, and ready for move in.",1195,Price Per Person,No,"['Electronic Payments Accepted', 'Furnished', 'Internet Available', 'Kitchen', 'Laundry Facilities', 'Off-Street Parking Available', 'Near Bus Route', 'Water Included']",No Preference,2,1,"['Spring Sublet', 'Undergraduate', 'Graduate']",Rent,42.44057714681547,-76.48634791932678,"{'lat': 42.44057714681547, 'lng': -76.48634791932678}",True,2026-05-17T00:00:00.000Z,True,Yes,2025-07-18T18:25:33.549Z,2025-07-18T18:35:42.753Z,114 CATHERINE STREET,"[{'PhotoId': 42131, 'PhotoName': 'IMG_1419.jpeg', 'IsDefault': True, 'AddedDateTime': '2025-07-18T18:49:54.030Z', 'listingId': 5340, 'PhotoUrl': 'https://images.listings.offcampusliving.cornell.edu/listings/5340/IMG_1419.jpeg', 'SortOrder': 5}, {'PhotoId': 42139, 'PhotoName': 'IMG_1430.jpeg', 'IsDefault': False, 'AddedDateTime': '2025-07-18T19:06:02.922Z', 'listingId': 5340, 'PhotoUrl': 'https://images.listings.offcampusliving.cornell.edu/listings/5340/IMG_1430.jpeg', 'SortOrder': None}, {'PhotoId': 42140, 'PhotoName': 'IMG_1427.jpeg', 'IsDefault': False, 'AddedDateTime': '2025-07-18T19:06:03.208Z', 'listingId': 5340, 'PhotoUrl': 'https://images.listings.offcampusliving.cornell.edu/listings/5340/IMG_1427.jpeg', 'SortOrder': None}, {'PhotoId': 42141, 'PhotoName': 'IMG_1428.jpeg', 'IsDefault': False, 'AddedDateTime': '2025-07-18T19:06:03.610Z', 'listingId': 5340, 'PhotoUrl': 'https://images.listings.offcampusliving.cornell.edu/listings/5340/IMG_1428.jpeg', 'SortOrder': None}, {'PhotoId': 42128, 'PhotoName': 'IMG_1431.jpeg', 'IsDefault': False, 'AddedDateTime': '2025-07-18T18:49:05.017Z', 'listingId': 5340, 'PhotoUrl': 'https://images.listings.offcampusliving.cornell.edu/listings/5340/IMG_1431.jpeg', 'SortOrder': 2}, {'PhotoId': 42129, 'PhotoName': 'IMG_1432.jpeg', 'IsDefault': False, 'AddedDateTime': '2025-07-18T18:49:05.276Z', 'listingId': 5340, 'PhotoUrl': 'https://images.listings.offcampusliving.cornell.edu/listings/5340/IMG_1432.jpeg', 'SortOrder': 3}, {'PhotoId': 42133, 'PhotoName': 'IMG_1421.jpeg', 'IsDefault': False, 'AddedDateTime': '2025-07-18T18:50:53.360Z', 'listingId': 5340, 'PhotoUrl': 'https://images.listings.offcampusliving.cornell.edu/listings/5340/IMG_1421.jpeg', 'SortOrder': 7}, {'PhotoId': 42134, 'PhotoName': 'IMG_1422.jpeg', 'IsDefault': False, 'AddedDateTime': '2025-07-18T18:50:53.565Z', 'listingId': 5340, 'PhotoUrl': 'https://images.listings.offcampusliving.cornell.edu/listings/5340/IMG_1422.jpeg', 'SortOrder': 8}, {'PhotoId': 42136, 'PhotoName': 'IMG_1424.jpeg', 'IsDefault': False, 'AddedDateTime': '2025-07-18T18:50:54.069Z', 'listingId': 5340, 'PhotoUrl': 'https://images.listings.offcampusliving.cornell.edu/listings/5340/IMG_1424.jpeg', 'SortOrder': 9}, {'PhotoId': 42137, 'PhotoName': 'IMG_1425.jpeg', 'IsDefault': False, 'AddedDateTime': '2025-07-18T18:50:54.314Z', 'listingId': 5340, 'PhotoUrl': 'https://images.listings.offcampusliving.cornell.edu/listings/5340/IMG_1425.jpeg', 'SortOrder': 10}, {'PhotoId': 42138, 'PhotoName': 'IMG_1426.jpeg', 'IsDefault': False, 'AddedDateTime': '2025-07-18T18:50:54.547Z', 'listingId': 5340, 'PhotoUrl': 'https://images.listings.offcampusliving.cornell.edu/listings/5340/IMG_1426.jpeg', 'SortOrder': 11}]","{""BuildingAddress"": ""114 CATHERINE STREET"", ""OverallSafetyRating"": 8, ""CategoryScores"": [{""Fire Protection"": 0}, {""Notification Systems"": 0}, {""Emergency Egress"": 0}, {""Applicable Code"": 0}, {""Fire Extinguishers"": 0}, {""Construction Type"": 0}, {""Valid Certificate of Compliance"": 8}], ""OverallSafetyRatingAsPercentage"": 17, ""CategoryScoresAsPercentage"": [{""Fire Protection"": 0}, {""Notification Systems"": 0}, {""Emergency Egress"": 0}, {""Applicable Code"": 0}, {""Fire Extinguishers"": 0}, {""Construction Type"": 0}, {""Valid Certificate of Compliance"": 100}], ""SprinklerType"": [], ""FireExtinguisherCertificateExpiration"": ""2024-03-30T00:00:00.000Z"", ""NotificationSystem"": [{""subCategory"": ""Fire Alarm System"", ""notificationType"": ""Fire Alarm System"", ""notificationSystemCertificateExpiration"": ""2024-03-21""}, {""subCategory"": ""Single Station Smoke Alarm"", ""notificationType"": ""Single Station Smoke Alarm"", ""notificationSystemCertificateExpiration"": ""2024-01-09""}], ""HasValidCertificateOfOccupancy"": true, ""MeetsMinimumRequirements"": false, ""ExceedsRequirements"": false, ""HasFireResistantConstructionType"": false, ""SatisfiesApplicableCode"": false, ""CertificateExpirationDate"": ""2026-03-08T00:00:00.000Z"", ""DateLastUpdated"": ""2025-07-30T07:01:18.000Z""}"
5342,192,2025-08-21T00:00:00.000Z,10,99 VILLAGE CIRCLE ,7,Ithaca,14850,1bed/1bath apartment available. 10 minute drive to Cornell.,"Our Village Apartments are located walking distance to the Cornell Business and Technology Park. They offer that rare housing alternative in Tompkins County: clean well maintained units that are very affordable and near area employment, shopping and services. Our thrifty one bedroom includes heat, hot water and cooking gas. Our park-like grounds offer many opportunities or recreation and outdoor activities. Onsite laundry facilities are provided.",1241,Price Per Unit,Yes,"['Heat Included', 'Internet Available', 'Kitchen', 'Laundry Facilities', 'Off-Street Parking Available', 'Near Bus Route']",No Preference,1,1,"['Graduate', 'Sabbatic Housing', 'Staff/Faculty', 'Undergraduate']",Rent,42.44961607331071,-76.48371264291342,"{'lat': 42.44961607331071, 'lng': -76.48371264291342}",True,2025-09-21T00:00:00.000Z,True,No,2025-07-19T18:56:34.516Z,2025-08-21T14:01:49.565Z,,"[{'PhotoId': 42150, 'PhotoName': '147.jpg', 'IsDefault': True, 'AddedDateTime': '2025-07-19T18:58:20.649Z', 'listingId': 5342, 'PhotoUrl': 'https://images.listings.offcampusliving.cornell.edu/listings/5342/147.jpg', 'SortOrder': None}, {'PhotoId': 42151, 'PhotoName': '169ac4aeda4a89c667c813f13f461a1e2c453ad4-1.jpg', 'IsDefault': False, 'AddedDateTime': '2025-07-19T18:58:38.499Z', 'listingId': 5342, 'PhotoUrl': 'https://images.listings.offcampusliving.cornell.edu/listings/5342/169ac4aeda4a89c667c813f13f461a1e2c453ad4-1.jpg', 'SortOrder': None}, {'PhotoId': 42152, 'PhotoName': '261b426403fc2f451a3940ad32a5581e16258d43-1.jpg', 'IsDefault': False, 'AddedDateTime': '2025-07-19T18:58:49.149Z', 'listingId': 5342, 'PhotoUrl': 'https://images.listings.offcampusliving.cornell.edu/listings/5342/261b426403fc2f451a3940ad32a5581e16258d43-1.jpg', 'SortOrder': None}, {'PhotoId': 42153, 'PhotoName': '425b8e17dd9542bf1998d25cfcf94f7927ee6177-1.jpg', 'IsDefault': False, 'AddedDateTime': '2025-07-19T18:59:07.147Z', 'listingId': 5342, 'PhotoUrl': 'https://images.listings.offcampusliving.cornell.edu/listings/5342/425b8e17dd9542bf1998d25cfcf94f7927ee6177-1.jpg', 'SortOrder': None}, {'PhotoId': 42154, 'PhotoName': '706763768d1027afb2334a02ad5b3b7c7e78d37f-1.jpg', 'IsDefault': False, 'AddedDateTime': '2025-07-19T18:59:14.404Z', 'listingId': 5342, 'PhotoUrl': 'https://images.listings.offcampusliving.cornell.edu/listings/5342/706763768d1027afb2334a02ad5b3b7c7e78d37f-1.jpg', 'SortOrder': None}, {'PhotoId': 42155, 'PhotoName': 'd794205cd84bfe09a110bb8b9df8d78e88ef3dfa-1.jpg', 'IsDefault': False, 'AddedDateTime': '2025-07-19T18:59:24.461Z', 'listingId': 5342, 'PhotoUrl': 'https://images.listings.offcampusliving.cornell.edu/listings/5342/d794205cd84bfe09a110bb8b9df8d78e88ef3dfa-1.jpg', 'SortOrder': None}, {'PhotoId': 42156, 'PhotoName': 'e3b7b2a02d3d4506b5d7e8b000226335b38438a8-1.jpg', 'IsDefault': False, 'AddedDateTime': '2025-07-19T18:59:33.701Z', 'listingId': 5342, 'PhotoUrl': 'https://images.listings.offcampusliving.cornell.edu/listings/5342/e3b7b2a02d3d4506b5d7e8b000226335b38438a8-1.jpg', 'SortOrder': None}, {'PhotoId': 42157, 'PhotoName': 'ec62dbab583657502355723e5e5b7a9e8a9bf908-1.jpg', 'IsDefault': False, 'AddedDateTime': '2025-07-19T18:59:40.833Z', 'listingId': 5342, 'PhotoUrl': 'https://images.listings.offcampusliving.cornell.edu/listings/5342/ec62dbab583657502355723e5e5b7a9e8a9bf908-1.jpg', 'SortOrder': None}]",
5346,4519,2025-12-22T00:00:00.000Z,5,106 Catherine Street,,Ithaca,14850,Room for rent in a beautiful house in Collegetown! December - May,"1 bedroom plus private study for rent in a fully furnished 6 bedroom house! Available 12/21/2025 - 05/31/2026. Fully furnished living room with TV and brand new sofa! Spacious kitchen, free washer and dryer in the basement, comes with three fridges. Utilities not included. Willing to start later. Contact me if you want more information!",1150,Price Per Person,No,"['Air Conditioning', 'Furnished', 'Electronic Payments Accepted', 'Heat Included', 'Kitchen', 'Laundry Facilities', 'Near Bus Route', 'Off-Street Parking Available', 'Internet Available', 'Permitted Street Parking Available']",Female,6,2,['Spring Sublet'],Room to Rent,42.44077075697277,-76.48646899131218,"{'lat': 42.44077075697277, 'lng': -76.48646899131218}",True,2026-05-21T00:00:00.000Z,True,Yes,2025-07-21T19:38:49.729Z,2025-07-22T15:44:38.132Z,106 CATHERINE STREET,"[{'PhotoId': 42255, 'PhotoName': 'download.jpg', 'IsDefault': True, 'AddedDateTime': '2025-07-21T19:45:47.378Z', 'listingId': 5346, 'PhotoUrl': 'https://images.listings.offcampusliving.cornell.edu/listings/5346/download.jpg', 'SortOrder': 1}, {'PhotoId': 42256, 'PhotoName': 'download-2.jpg', 'IsDefault': False, 'AddedDateTime': '2025-07-21T19:46:11.866Z', 'listingId': 5346, 'PhotoUrl': 'https://images.listings.offcampusliving.cornell.edu/listings/5346/download-2.jpg', 'SortOrder': 2}, {'PhotoId': 42257, 'PhotoName': 'download-1.jpg', 'IsDefault': False, 'AddedDateTime': '2025-07-21T19:46:22.518Z', 'listingId': 5346, 'PhotoUrl': 'https://images.listings.offcampusliving.cornell.edu/listings/5346/download-1.jpg', 'SortOrder': 3}, {'PhotoId': 42258, 'PhotoName': 'download-3.jpg', 'IsDefault': False, 'AddedDateTime': '2025-07-21T19:46:31.982Z', 'listingId': 5346, 'PhotoUrl': 'https://images.listings.offcampusliving.cornell.edu/listings/5346/download-3.jpg', 'SortOrder': 4}, {'PhotoId': 42260, 'PhotoName': 'download-4.jpg', 'IsDefault': False, 'AddedDateTime': '2025-07-21T19:46:46.485Z', 'listingId': 5346, 'PhotoUrl': 'https://images.listings.offcampusliving.cornell.edu/listings/5346/download-4.jpg', 'SortOrder': 5}, {'PhotoId': 42259, 'PhotoName': 'download-5.jpg', 'IsDefault': False, 'AddedDateTime': '2025-07-21T19:46:39.839Z', 'listingId': 5346, 'PhotoUrl': 'https://images.listings.offcampusliving.cornell.edu/listings/5346/download-5.jpg', 'SortOrder': 6}, {'PhotoId': 42261, 'PhotoName': 'Window&Closet.jpeg', 'IsDefault': False, 'AddedDateTime': '2025-07-21T19:47:20.887Z', 'listingId': 5346, 'PhotoUrl': 'https://images.listings.offcampusliving.cornell.edu/listings/5346/Window&Closet.jpeg', 'SortOrder': 7}, {'PhotoId': 42262, 'PhotoName': 'Bed.jpeg', 'IsDefault': False, 'AddedDateTime': '2025-07-21T19:47:31.907Z', 'listingId': 5346, 'PhotoUrl': 'https://images.listings.offcampusliving.cornell.edu/listings/5346/Bed.jpeg', 'SortOrder': 8}, {'PhotoId': 42264, 'PhotoName': 'DeskRoom2.jpeg', 'IsDefault': False, 'AddedDateTime': '2025-07-21T19:48:12.469Z', 'listingId': 5346, 'PhotoUrl': 'https://images.listings.offcampusliving.cornell.edu/listings/5346/DeskRoom2.jpeg', 'SortOrder': 9}, {'PhotoId': 42263, 'PhotoName': 'DeskRoom.jpeg', 'IsDefault': False, 'AddedDateTime': '2025-07-21T19:47:56.755Z', 'listingId': 5346, 'PhotoUrl': 'https://images.listings.offcampusliving.cornell.edu/listings/5346/DeskRoom.jpeg', 'SortOrder': 10}]","{""BuildingAddress"": ""106 CATHERINE STREET"", ""OverallSafetyRating"": 8, ""CategoryScores"": [{""Fire Protection"": 0}, {""Notification Systems"": 0}, {""Emergency Egress"": 0}, {""Applicable Code"": 0}, {""Fire Extinguishers"": 0}, {""Construction Type"": 0}, {""Valid Certificate of Compliance"": 8}], ""OverallSafetyRatingAsPercentage"": 17, ""CategoryScoresAsPercentage"": [{""Fire Protection"": 0}, {""Notification Systems"": 0}, {""Emergency Egress"": 0}, {""Applicable Code"": 0}, {""Fire Extinguishers"": 0}, {""Construction Type"": 0}, {""Valid Certificate of Compliance"": 100}], ""SprinklerType"": [], ""FireExtinguisherCertificateExpiration"": ""2024-09-30T00:00:00.000Z"", ""NotificationSystem"": [{""subCategory"": ""Single Station Smoke Alarm"", ""notificationType"": ""Single Station Smoke Alarm"", ""notificationSystemCertificateExpiration"": ""2024-08-31""}], ""HasValidCertificateOfOccupancy"": true, ""MeetsMinimumRequirements"": true, ""ExceedsRequirements"": false, ""HasFireResistantConstructionType"": false, ""SatisfiesApplicableCode"": false, ""CertificateExpirationDate"": ""2026-11-02T00:00:00.000Z"", ""DateLastUpdated"": ""2025-07-30T07:01:14.000Z""}"
5358,4523,2025-08-01T00:00:00.000Z,12,116 Terrace View Drive,,Ithaca,14850,Townhouse. 3 bed 2.5 bath plus den. Driveway with garage and parking for two cars in driveway.,Newly remodeled.  New kitchen with granite countertops and stainless steele appliances. Fireplace. Laminate flooring throughout with tile in bathrooms.  Large master suite with jacuzzi tub and shower with double sinks.  Two large walk in closets. Washer & Dryer on second floor.  Private yard with deck. ,2600,Price Per Unit,No,"['Internet Available', 'Kitchen', 'Laundry Facilities', 'Near Bus Route', 'Off-Street Parking Included']",No Preference,3,2.5,"['Staff/Faculty', 'Graduate']",Rent,42.42791024246161,-76.4668831285057,"{'lat': 42.42791024246161, 'lng': -76.4668831285057}",True,2025-09-28T00:00:00.000Z,True,No,2025-07-28T12:04:00.688Z,2025-07-28T12:13:42.105Z,,"[{'PhotoId': 42328, 'PhotoName': '1000025132.png', 'IsDefault': True, 'AddedDateTime': '2025-07-28T12:37:07.430Z', 'listingId': 5358, 'PhotoUrl': 'https://images.listings.offcampusliving.cornell.edu/listings/5358/1000025132.png', 'SortOrder': None}, {'PhotoId': 42329, 'PhotoName': '1000025134.png', 'IsDefault': False, 'AddedDateTime': '2025-07-28T12:37:08.551Z', 'listingId': 5358, 'PhotoUrl': 'https://images.listings.offcampusliving.cornell.edu/listings/5358/1000025134.png', 'SortOrder': None}, {'PhotoId': 42330, 'PhotoName': '1000025139.png', 'IsDefault': False, 'AddedDateTime': '2025-07-28T12:37:10.084Z', 'listingId': 5358, 'PhotoUrl': 'https://images.listings.offcampusliving.cornell.edu/listings/5358/1000025139.png', 'SortOrder': None}, {'PhotoId': 42331, 'PhotoName': '1000025137.png', 'IsDefault': False, 'AddedDateTime': '2025-07-28T12:37:11.188Z', 'listingId': 5358, 'PhotoUrl': 'https://images.listings.offcampusliving.cornell.edu/listings/5358/1000025137.png', 'SortOrder': None}]",
5363,4517,2025-08-01T00:00:00.000Z,12,54 Bush Lane,,Ithaca,14850,Single Family House in Village of Lansing,"Single family house, kitchen, dinning room, living room, full bath first floor, bedroom/office first floor, large bedroom upstairs, small bedroom upstairs' and full bath.  Nice yard and two car garage.  Dogs allowed with pet deposit.",2750,Price Per Unit,Yes,"['Internet Available', 'Near Bus Route', 'Off-Street Parking Available', 'Water Included', 'Laundry Facilities']",No Preference,3,2,"['Staff/Faculty', 'Sabbatic Housing']",Rent,42.49554986540461,-76.4847623756889,"{'lat': 42.49554986540461, 'lng': -76.4847623756889}",True,2025-10-30T00:00:00.000Z,True,No,2025-07-30T19:45:05.385Z,2025-08-04T11:48:15.788Z,,"[{'PhotoId': 42453, 'PhotoName': '20250730_170003.jpg', 'IsDefault': True, 'AddedDateTime': '2025-07-30T23:49:30.256Z', 'listingId': 5363, 'PhotoUrl': 'https://images.listings.offcampusliving.cornell.edu/listings/5363/20250730_170003.jpg', 'SortOrder': 2}, {'PhotoId': 42438, 'PhotoName': '20250405_105206[1].jpg', 'IsDefault': False, 'AddedDateTime': '2025-07-30T20:25:21.342Z', 'listingId': 5363, 'PhotoUrl': 'https://images.listings.offcampusliving.cornell.edu/listings/5363/20250405_105206[1].jpg', 'SortOrder': 1}, {'PhotoId': 42543, 'PhotoName': '20250803_115858.jpg', 'IsDefault': False, 'AddedDateTime': '2025-08-04T11:43:25.904Z', 'listingId': 5363, 'PhotoUrl': 'https://images.listings.offcampusliving.cornell.edu/listings/5363/20250803_115858.jpg', 'SortOrder': 3}, {'PhotoId': 42443, 'PhotoName': '20250405_105154.jpg', 'IsDefault': False, 'AddedDateTime': '2025-07-30T20:28:03.827Z', 'listingId': 5363, 'PhotoUrl': 'https://images.listings.offcampusliving.cornell.edu/listings/5363/20250405_105154.jpg', 'SortOrder': 4}, {'PhotoId': 42444, 'PhotoName': '20250405_105147.jpg', 'IsDefault': False, 'AddedDateTime': '2025-07-30T20:28:07.269Z', 'listingId': 5363, 'PhotoUrl': 'https://images.listings.offcampusliving.cornell.edu/listings/5363/20250405_105147.jpg', 'SortOrder': 5}, {'PhotoId': 42445, 'PhotoName': '20250405_105135.jpg', 'IsDefault': False, 'AddedDateTime': '2025-07-30T20:28:10.532Z', 'listingId': 5363, 'PhotoUrl': 'https://images.listings.offcampusliving.cornell.edu/listings/5363/20250405_105135.jpg', 'SortOrder': 6}, {'PhotoId': 42544, 'PhotoName': '20250803_115911.jpg', 'IsDefault': False, 'AddedDateTime': '2025-08-04T11:43:29.867Z', 'listingId': 5363, 'PhotoUrl': 'https://images.listings.offcampusliving.cornell.edu/listings/5363/20250803_115911.jpg', 'SortOrder': 7}, {'PhotoId': 42448, 'PhotoName': '20250405_105058.jpg', 'IsDefault': False, 'AddedDateTime': '2025-07-30T20:28:20.704Z', 'listingId': 5363, 'PhotoUrl': 'https://images.listings.offcampusliving.cornell.edu/listings/5363/20250405_105058.jpg', 'SortOrder': 8}, {'PhotoId': 42449, 'PhotoName': '20250405_105042.jpg', 'IsDefault': False, 'AddedDateTime': '2025-07-30T20:28:24.740Z', 'listingId': 5363, 'PhotoUrl': 'https://images.listings.offcampusliving.cornell.edu/listings/5363/20250405_105042.jpg', 'SortOrder': 9}, {'PhotoId': 42450, 'PhotoName': '20240723_163002.jpg', 'IsDefault': False, 'AddedDateTime': '2025-07-30T20:28:28.267Z', 'listingId': 5363, 'PhotoUrl': 'https://images.listings.offcampusliving.cornell.edu/listings/5363/20240723_163002.jpg', 'SortOrder': 10}, {'PhotoId': 42451, 'PhotoName': '20240723_160048.jpg', 'IsDefault': False, 'AddedDateTime': '2025-07-30T20:28:32.322Z', 'listingId': 5363, 'PhotoUrl': 'https://images.listings.offcampusliving.cornell.edu/listings/5363/20240723_160048.jpg', 'SortOrder': 11}, {'PhotoId': 42553, 'PhotoName': 'IMG_0110.jpg', 'IsDefault': False, 'AddedDateTime': '2025-08-04T11:43:31.503Z', 'listingId': 5363, 'PhotoUrl': 'https://images.listings.offcampusliving.cornell.edu/listings/5363/IMG_0110.jpg', 'SortOrder': 12}, {'PhotoId': 42454, 'PhotoName': '20250730_170145.jpg', 'IsDefault': False, 'AddedDateTime': '2025-07-30T23:49:33.304Z', 'listingId': 5363, 'PhotoUrl': 'https://images.listings.offcampusliving.cornell.edu/listings/5363/20250730_170145.jpg', 'SortOrder': 13}, {'PhotoId': 42547, 'PhotoName': 'IMG_0088.jpg', 'IsDefault': False, 'AddedDateTime': '2025-08-04T11:43:30.414Z', 'listingId': 5363, 'PhotoUrl': 'https://images.listings.offcampusliving.cornell.edu/listings/5363/IMG_0088.jpg', 'SortOrder': 14}, {'PhotoId': 42546, 'PhotoName': 'IMG_0087.jpg', 'IsDefault': False, 'AddedDateTime': '2025-08-04T11:43:30.242Z', 'listingId': 5363, 'PhotoUrl': 'https://images.listings.offcampusliving.cornell.edu/listings/5363/IMG_0087.jpg', 'SortOrder': 15}, {'PhotoId': 42545, 'PhotoName': 'IMG_0085.jpg', 'IsDefault': False, 'AddedDateTime': '2025-08-04T11:43:30.039Z', 'listingId': 5363, 'PhotoUrl': 'https://images.listings.offcampusliving.cornell.edu/listings/5363/IMG_0085.jpg', 'SortOrder': 16}, {'PhotoId': 42550, 'PhotoName': 'IMG_0098.jpg', 'IsDefault': False, 'AddedDateTime': '2025-08-04T11:43:30.966Z', 'listingId': 5363, 'PhotoUrl': 'https://images.listings.offcampusliving.cornell.edu/listings/5363/IMG_0098.jpg', 'SortOrder': 17}, {'PhotoId': 42551, 'PhotoName': 'IMG_0099.jpg', 'IsDefault': False, 'AddedDateTime': '2025-08-04T11:43:31.144Z', 'listingId': 5363, 'PhotoUrl': 'https://images.listings.offcampusliving.cornell.edu/listings/5363/IMG_0099.jpg', 'SortOrder': 18}, {'PhotoId': 42549, 'PhotoName': 'IMG_0097.jpg', 'IsDefault': False, 'AddedDateTime': '2025-08-04T11:43:30.777Z', 'listingId': 5363, 'PhotoUrl': 'https://images.listings.offcampusliving.cornell.edu/listings/5363/IMG_0097.jpg', 'SortOrder': 19}, {'PhotoId': 42552, 'PhotoName': 'IMG_0106.jpg', 'IsDefault': False, 'AddedDateTime': '2025-08-04T11:43:31.346Z', 'listingId': 5363, 'PhotoUrl': 'https://images.listings.offcampusliving.cornell.edu/listings/5363/IMG_0106.jpg', 'SortOrder': 20}, {'PhotoId': 42548, 'PhotoName': 'IMG_0095.jpg', 'IsDefault': False, 'AddedDateTime': '2025-08-04T11:43:30.616Z', 'listingId': 5363, 'PhotoUrl': 'https://images.listings.offcampusliving.cornell.edu/listings/5363/IMG_0095.jpg', 'SortOrder': 21}]",
5368,4526,2025-08-01T00:00:00.000Z,12,216 Berkshire Rd,,"ITHACA,NY",14850,Beautiful renovated House on a very quiet road in Cayuga Heights. Close to Cornell University. ,"Nestled on a generous half-acre lot in the charming Village of Cayuga Heights, this robust brick ranch home epitomizes mid-century modern architectural design. Constructed during the peak of this era, the residence exudes openness and spaciousness, illuminated by an abundance of windows that seamlessly blend the indoor and outdoor spaces. The expansive interior boasts a sizable kitchen, outfitted with new stainless steel appliances, three bedrooms accompanied by two full baths, red oak floors.",3600,Price Per Unit,No,"['Air Conditioning', 'Electronic Payments Accepted', 'Internet Available', 'Kitchen', 'Laundry Facilities', 'Near Bus Route', 'Off-Street Parking Included']",No Preference,3,2,"['Graduate', 'Sabbatic Housing', 'Staff/Faculty']",Rent,42.47606480201418,-76.49602241984744,"{'lat': 42.47606480201418, 'lng': -76.49602241984744}",True,2025-10-31T00:00:00.000Z,True,No,2025-07-31T12:30:13.176Z,2025-07-31T12:51:07.559Z,,"[{'PhotoId': 42457, 'PhotoName': 'IMG_7438.jpg', 'IsDefault': True, 'AddedDateTime': '2025-07-31T12:37:56.148Z', 'listingId': 5368, 'PhotoUrl': 'https://images.listings.offcampusliving.cornell.edu/listings/5368/IMG_7438.jpg', 'SortOrder': None}, {'PhotoId': 42458, 'PhotoName': 'IMG_7408.jpg', 'IsDefault': False, 'AddedDateTime': '2025-07-31T12:38:37.311Z', 'listingId': 5368, 'PhotoUrl': 'https://images.listings.offcampusliving.cornell.edu/listings/5368/IMG_7408.jpg', 'SortOrder': None}, {'PhotoId': 42459, 'PhotoName': 'IMG_7409.jpg', 'IsDefault': False, 'AddedDateTime': '2025-07-31T12:38:38.696Z', 'listingId': 5368, 'PhotoUrl': 'https://images.listings.offcampusliving.cornell.edu/listings/5368/IMG_7409.jpg', 'SortOrder': None}, {'PhotoId': 42460, 'PhotoName': 'IMG_7437.jpg', 'IsDefault': False, 'AddedDateTime': '2025-07-31T12:38:40.166Z', 'listingId': 5368, 'PhotoUrl': 'https://images.listings.offcampusliving.cornell.edu/listings/5368/IMG_7437.jpg', 'SortOrder': None}]",
5371,3793,2025-08-15T00:00:00.000Z,12,224 Bryant Avenue,Apt. 3,Ithaca,14850,"The Chimes 224. Bryant Avenue
Cute 2BR Apt. Near Cornell Avaiable for Rent","This wonderful apartment is perfect for short visits to Ithaca, visits to Cornell, Alumni weekends, and Homecoming weekend. Don't miss this one! One large BR, second smaller bedroom for guest or study; full tub/shower;fullyequipped  eat in kitchen. email or text owner Moriah @ 607-793-0752 to set up an appt with the owner.",1450,Price Per Unit,No,"['Permitted Street Parking Available', 'Water Included', 'Near Bus Route', 'Kitchen', 'Internet Available', 'Furnished', 'Electronic Payments Accepted', 'Air Conditioning', 'Heat Included']",No Preference,2,1,"['Short-Term Housing', 'Commencement', 'Graduate', 'Fall Sublet', 'Sabbatic Housing', 'Spring Sublet', 'Summer Sublet']",Rent,42.43999309759973,-76.48316567689913,"{'lat': 42.43999309759973, 'lng': -76.48316567689913}",True,2025-10-01T00:00:00.000Z,True,Yes,2025-08-01T17:55:06.470Z,2025-08-07T19:26:27.718Z,224 BRYANT AVENUE,"[{'PhotoId': 42479, 'PhotoName': 'The Chimes.jpeg', 'IsDefault': True, 'AddedDateTime': '2025-08-01T20:45:00.558Z', 'listingId': 5371, 'PhotoUrl': 'https://images.listings.offcampusliving.cornell.edu/listings/5371/The Chimes.jpeg', 'SortOrder': None}, {'PhotoId': 42480, 'PhotoName': 'Apt. 3 large BR copy.jpg', 'IsDefault': False, 'AddedDateTime': '2025-08-01T20:45:28.759Z', 'listingId': 5371, 'PhotoUrl': 'https://images.listings.offcampusliving.cornell.edu/listings/5371/Apt. 3 large BR copy.jpg', 'SortOrder': None}, {'PhotoId': 42481, 'PhotoName': '224 Bryant AVE  Apt 3 kitchen l.JPG', 'IsDefault': False, 'AddedDateTime': '2025-08-01T20:58:20.397Z', 'listingId': 5371, 'PhotoUrl': 'https://images.listings.offcampusliving.cornell.edu/listings/5371/224 Bryant AVE  Apt 3 kitchen l.JPG', 'SortOrder': None}, {'PhotoId': 42592, 'PhotoName': 'IMG_9300.jpeg', 'IsDefault': False, 'AddedDateTime': '2025-08-07T19:18:58.744Z', 'listingId': 5371, 'PhotoUrl': 'https://images.listings.offcampusliving.cornell.edu/listings/5371/IMG_9300.jpeg', 'SortOrder': None}, {'PhotoId': 42593, 'PhotoName': 'IMG_1751.jpeg', 'IsDefault': False, 'AddedDateTime': '2025-08-07T19:21:05.470Z', 'listingId': 5371, 'PhotoUrl': 'https://images.listings.offcampusliving.cornell.edu/listings/5371/IMG_1751.jpeg', 'SortOrder': None}, {'PhotoId': 42594, 'PhotoName': 'thumb_IMG_0353_1024.jpeg', 'IsDefault': False, 'AddedDateTime': '2025-08-07T19:23:00.395Z', 'listingId': 5371, 'PhotoUrl': 'https://images.listings.offcampusliving.cornell.edu/listings/5371/thumb_IMG_0353_1024.jpeg', 'SortOrder': None}]","{""BuildingAddress"": ""224 BRYANT AVENUE"", ""OverallSafetyRating"": 8, ""CategoryScores"": [{""Fire Protection"": 0}, {""Notification Systems"": 0}, {""Emergency Egress"": 0}, {""Applicable Code"": 0}, {""Fire Extinguishers"": 0}, {""Construction Type"": 0}, {""Valid Certificate of Compliance"": 8}], ""OverallSafetyRatingAsPercentage"": 17, ""CategoryScoresAsPercentage"": [{""Fire Protection"": 0}, {""Notification Systems"": 0}, {""Emergency Egress"": 0}, {""Applicable Code"": 0}, {""Fire Extinguishers"": 0}, {""Construction Type"": 0}, {""Valid Certificate of Compliance"": 100}], ""SprinklerType"": [], ""FireExtinguisherCertificateExpiration"": ""2023-10-17T00:00:00.000Z"", ""NotificationSystem"": [{""subCategory"": ""Single Station Smoke Alarm"", ""notificationType"": ""Single Station Smoke Alarm"", ""notificationSystemCertificateExpiration"": ""2023-10-13""}, {""subCategory"": ""Fire Alarm System"", ""notificationType"": ""Fire Alarm System"", ""notificationSystemCertificateExpiration"": ""2023-10-12""}], ""HasValidCertificateOfOccupancy"": true, ""MeetsMinimumRequirements"": false, ""ExceedsRequirements"": false, ""HasFireResistantConstructionType"": false, ""SatisfiesApplicableCode"": false, ""CertificateExpirationDate"": ""2025-11-13T00:00:00.000Z"", ""DateLastUpdated"": ""2025-07-30T07:01:31.000Z""}"
5372,3008,2025-08-31T00:00:00.000Z,12,113 Osmun Place,3,Ithaca,14850,"Furnished 3-bedroom, 1-bath apartment in college town (about 6 minutes walk to main library)","Furnished 3-bedroom, 1-bath apartment featuring a massive screened-in balcony shared between two rooms, plus an additional porch off the kitchen. Enjoy large bedrooms filled with natural light in a prime location right next to Collegetown and close to multiple bus stops. Heat, hot water, and gas are included—only pay affordable electricity. This is the perfect mix of indoor-outdoor space, comfort, and convenience. Schedule your showing today!  Open to rent by room.
",860,Price Per Person,No,"['Electronic Payments Accepted', 'Furnished', 'Heat Included', 'Kitchen', 'Near Bus Route', 'Permitted Street Parking Available']",No Preference,3,1,"['Graduate', 'Undergraduate', 'Staff/Faculty', 'Fall Sublet']",Rent,42.44214950891289,-76.49029406983452,"{'lat': 42.44214950891289, 'lng': -76.49029406983452}",True,2025-10-02T00:00:00.000Z,True,Yes,2025-08-02T14:12:50.723Z,2025-08-30T17:53:48.372Z,113 OSMUN PLACE,"[{'PhotoId': 42482, 'PhotoName': '113 Osmun Rental.001.jpeg', 'IsDefault': True, 'AddedDateTime': '2025-08-02T14:16:58.916Z', 'listingId': 5372, 'PhotoUrl': 'https://images.listings.offcampusliving.cornell.edu/listings/5372/113 Osmun Rental.001.jpeg', 'SortOrder': None}, {'PhotoId': 42483, 'PhotoName': 'Osmun_1.jpeg', 'IsDefault': False, 'AddedDateTime': '2025-08-02T14:17:00.204Z', 'listingId': 5372, 'PhotoUrl': 'https://images.listings.offcampusliving.cornell.edu/listings/5372/Osmun_1.jpeg', 'SortOrder': None}, {'PhotoId': 42484, 'PhotoName': 'Osmun_2.jpeg', 'IsDefault': False, 'AddedDateTime': '2025-08-02T14:17:23.619Z', 'listingId': 5372, 'PhotoUrl': 'https://images.listings.offcampusliving.cornell.edu/listings/5372/Osmun_2.jpeg', 'SortOrder': None}, {'PhotoId': 42485, 'PhotoName': 'Osmun_3.jpeg', 'IsDefault': False, 'AddedDateTime': '2025-08-02T14:17:25.119Z', 'listingId': 5372, 'PhotoUrl': 'https://images.listings.offcampusliving.cornell.edu/listings/5372/Osmun_3.jpeg', 'SortOrder': None}, {'PhotoId': 42486, 'PhotoName': 'Osmun_4.jpeg', 'IsDefault': False, 'AddedDateTime': '2025-08-02T14:17:34.542Z', 'listingId': 5372, 'PhotoUrl': 'https://images.listings.offcampusliving.cornell.edu/listings/5372/Osmun_4.jpeg', 'SortOrder': None}]","{""BuildingAddress"": ""113 OSMUN PLACE"", ""OverallSafetyRating"": 8, ""CategoryScores"": [{""Fire Protection"": 0}, {""Notification Systems"": 0}, {""Emergency Egress"": 0}, {""Applicable Code"": 0}, {""Fire Extinguishers"": 0}, {""Construction Type"": 0}, {""Valid Certificate of Compliance"": 8}], ""OverallSafetyRatingAsPercentage"": 17, ""CategoryScoresAsPercentage"": [{""Fire Protection"": 0}, {""Notification Systems"": 0}, {""Emergency Egress"": 0}, {""Applicable Code"": 0}, {""Fire Extinguishers"": 0}, {""Construction Type"": 0}, {""Valid Certificate of Compliance"": 100}], ""SprinklerType"": [], ""FireExtinguisherCertificateExpiration"": null, ""NotificationSystem"": [{""subCategory"": ""Single Station Smoke Alarm"", ""notificationType"": ""Single Station Smoke Alarm"", ""notificationSystemCertificateExpiration"": ""2025-06-10""}], ""HasValidCertificateOfOccupancy"": true, ""MeetsMinimumRequirements"": false, ""ExceedsRequirements"": false, ""HasFireResistantConstructionType"": false, ""SatisfiesApplicableCode"": false, ""CertificateExpirationDate"": ""2027-06-10T00:00:00.000Z"", ""DateLastUpdated"": ""2025-07-30T07:01:18.000Z""}"
5374,4545,2026-01-01T00:00:00.000Z,5,210 College Avenue,517,Ithaca,14850,Studio apartment on 5th floor of Catherine Commons apartment complex. ,"Full kitchen, in-unit washer, and full bathroom. Looking for possible sublease for spring 2026 semester. Preference for graduate student or research student tenants.",2300,Price Per Unit,No,"['Air Conditioning', 'Electronic Payments Accepted', 'Furnished', 'Internet Available', 'Internet Included', 'Kitchen', 'Laundry Facilities', 'Near Bus Route', 'Permitted Street Parking Available']",Female,studio,1,"['Spring Sublet', 'Graduate', 'Staff/Faculty']",Rent,42.4394919889878,-76.48568938795216,"{'lat': 42.4394919889878, 'lng': -76.48568938795216}",True,2025-09-26T00:00:00.000Z,True,Yes,2025-08-04T15:56:18.332Z,2025-08-24T19:48:25.291Z,210 COLLEGE AVENUE,"[{'PhotoId': 42841, 'PhotoName': 'Screenshot 2025-08-24 at 3.22.33â\x80¯PM.png', 'IsDefault': True, 'AddedDateTime': '2025-08-24T19:43:58.358Z', 'listingId': 5374, 'PhotoUrl': 'https://images.listings.offcampusliving.cornell.edu/listings/5374/Screenshot 2025-08-24 at 3.22.33â\x80¯PM.png', 'SortOrder': None}, {'PhotoId': 42842, 'PhotoName': 'Screenshot 2025-08-24 at 3.19.56â\x80¯PM.png', 'IsDefault': False, 'AddedDateTime': '2025-08-24T19:43:59.088Z', 'listingId': 5374, 'PhotoUrl': 'https://images.listings.offcampusliving.cornell.edu/listings/5374/Screenshot 2025-08-24 at 3.19.56â\x80¯PM.png', 'SortOrder': None}, {'PhotoId': 42843, 'PhotoName': 'Screenshot 2025-08-24 at 3.18.52â\x80¯PM.png', 'IsDefault': False, 'AddedDateTime': '2025-08-24T19:43:59.720Z', 'listingId': 5374, 'PhotoUrl': 'https://images.listings.offcampusliving.cornell.edu/listings/5374/Screenshot 2025-08-24 at 3.18.52â\x80¯PM.png', 'SortOrder': None}, {'PhotoId': 42844, 'PhotoName': 'Screenshot 2025-08-24 at 3.44.27â\x80¯PM.png', 'IsDefault': False, 'AddedDateTime': '2025-08-24T19:45:03.079Z', 'listingId': 5374, 'PhotoUrl': 'https://images.listings.offcampusliving.cornell.edu/listings/5374/Screenshot 2025-08-24 at 3.44.27â\x80¯PM.png', 'SortOrder': None}, {'PhotoId': 42845, 'PhotoName': 'Screenshot 2025-08-24 at 3.44.14â\x80¯PM.png', 'IsDefault': False, 'AddedDateTime': '2025-08-24T19:45:03.559Z', 'listingId': 5374, 'PhotoUrl': 'https://images.listings.offcampusliving.cornell.edu/listings/5374/Screenshot 2025-08-24 at 3.44.14â\x80¯PM.png', 'SortOrder': None}, {'PhotoId': 42846, 'PhotoName': 'Screenshot 2025-08-24 at 3.44.37â\x80¯PM.png', 'IsDefault': False, 'AddedDateTime': '2025-08-24T19:45:04.071Z', 'listingId': 5374, 'PhotoUrl': 'https://images.listings.offcampusliving.cornell.edu/listings/5374/Screenshot 2025-08-24 at 3.44.37â\x80¯PM.png', 'SortOrder': None}]","{""BuildingAddress"": ""210 COLLEGE AVENUE"", ""OverallSafetyRating"": 0, ""CategoryScores"": [{""Fire Protection"": 0}, {""Notification Systems"": 0}, {""Emergency Egress"": 0}, {""Applicable Code"": 0}, {""Fire Extinguishers"": 0}, {""Construction Type"": 0}, {""Valid Certificate of Compliance"": 0}], ""OverallSafetyRatingAsPercentage"": 0, ""CategoryScoresAsPercentage"": [{""Fire Protection"": 0}, {""Notification Systems"": 0}, {""Emergency Egress"": 0}, {""Applicable Code"": 0}, {""Fire Extinguishers"": 0}, {""Construction Type"": 0}, {""Valid Certificate of Compliance"": 0}], ""SprinklerType"": [], ""FireExtinguisherCertificateExpiration"": null, ""NotificationSystem"": [], ""HasValidCertificateOfOccupancy"": false, ""MeetsMinimumRequirements"": false, ""ExceedsRequirements"": false, ""HasFireResistantConstructionType"": false, ""SatisfiesApplicableCode"": false, ""CertificateExpirationDate"": ""2021-02-26T00:00:00.000Z"", ""DateLastUpdated"": ""2025-07-30T07:02:14.000Z""}"
5375,4544,2025-08-08T00:00:00.000Z,9,316A Comstock Road,,Ithaca,14850,Large One-Bedroom with bonus room in Cayuga Heights near Community Corners,"Large one-bedroom (approx. 1000 sq ft) in Cayuga Heights home with bonus room (office or other use). Walk out from lower level to apartment patio. In quiet neighborhood three blocks from bus to Cornell, Community Corners gym, Gimme Coffee, restaurants.  Fully furnished.  Will reduce price $100/month if unfurnished or partially furnished with only a queen-size bed and desk. Free laundry. Free off-street parking. Pets upon approval. Length of lease negotiable. Contact rebecca@allinyourmind.net",1500,Price Per Unit,Yes,"['Internet Available', 'Kitchen', 'Laundry Facilities', 'Near Bus Route', 'Off-Street Parking Included', 'Water Included', 'Furnished']",No Preference,1,1,"['Graduate', 'Sabbatic Housing', 'Short-Term Housing', 'Staff/Faculty']",Rent,42.47097404181835,-76.48445753244795,"{'lat': 42.47097404181835, 'lng': -76.48445753244795}",True,2025-10-05T00:00:00.000Z,True,No,2025-08-05T20:01:46.435Z,2025-08-08T21:13:16.143Z,,"[{'PhotoId': 42569, 'PhotoName': 'Front door apartment.jpg', 'IsDefault': True, 'AddedDateTime': '2025-08-05T20:17:19.599Z', 'listingId': 5375, 'PhotoUrl': 'https://images.listings.offcampusliving.cornell.edu/listings/5375/Front door apartment.jpg', 'SortOrder': 1}, {'PhotoId': 42570, 'PhotoName': 'Hallway to bedroom.jpg', 'IsDefault': False, 'AddedDateTime': '2025-08-05T20:17:44.176Z', 'listingId': 5375, 'PhotoUrl': 'https://images.listings.offcampusliving.cornell.edu/listings/5375/Hallway to bedroom.jpg', 'SortOrder': 2}, {'PhotoId': 42571, 'PhotoName': 'Kitchen.jpg', 'IsDefault': False, 'AddedDateTime': '2025-08-05T20:17:57.303Z', 'listingId': 5375, 'PhotoUrl': 'https://images.listings.offcampusliving.cornell.edu/listings/5375/Kitchen.jpg', 'SortOrder': 3}, {'PhotoId': 42574, 'PhotoName': 'Living room and kitchen.jpg', 'IsDefault': False, 'AddedDateTime': '2025-08-05T20:18:45.378Z', 'listingId': 5375, 'PhotoUrl': 'https://images.listings.offcampusliving.cornell.edu/listings/5375/Living room and kitchen.jpg', 'SortOrder': 4}, {'PhotoId': 42573, 'PhotoName': 'Living room.jpg', 'IsDefault': False, 'AddedDateTime': '2025-08-05T20:18:33.377Z', 'listingId': 5375, 'PhotoUrl': 'https://images.listings.offcampusliving.cornell.edu/listings/5375/Living room.jpg', 'SortOrder': 5}, {'PhotoId': 42578, 'PhotoName': 'View to back yeard.jpg', 'IsDefault': False, 'AddedDateTime': '2025-08-05T20:19:32.368Z', 'listingId': 5375, 'PhotoUrl': 'https://images.listings.offcampusliving.cornell.edu/listings/5375/View to back yeard.jpg', 'SortOrder': 6}, {'PhotoId': 42572, 'PhotoName': 'Large bedroom.jpg', 'IsDefault': False, 'AddedDateTime': '2025-08-05T20:18:19.679Z', 'listingId': 5375, 'PhotoUrl': 'https://images.listings.offcampusliving.cornell.edu/listings/5375/Large bedroom.jpg', 'SortOrder': 7}, {'PhotoId': 42575, 'PhotoName': 'Office.jpg', 'IsDefault': False, 'AddedDateTime': '2025-08-05T20:18:57.033Z', 'listingId': 5375, 'PhotoUrl': 'https://images.listings.offcampusliving.cornell.edu/listings/5375/Office.jpg', 'SortOrder': 8}, {'PhotoId': 42576, 'PhotoName': 'Bathroom sink and shelves.jpg', 'IsDefault': False, 'AddedDateTime': '2025-08-05T20:19:13.192Z', 'listingId': 5375, 'PhotoUrl': 'https://images.listings.offcampusliving.cornell.edu/listings/5375/Bathroom sink and shelves.jpg', 'SortOrder': 9}, {'PhotoId': 42577, 'PhotoName': 'Oversize tub.jpg', 'IsDefault': False, 'AddedDateTime': '2025-08-05T20:19:20.761Z', 'listingId': 5375, 'PhotoUrl': 'https://images.listings.offcampusliving.cornell.edu/listings/5375/Oversize tub.jpg', 'SortOrder': 10}, {'PhotoId': 42579, 'PhotoName': 'Washer and dryer.jpg', 'IsDefault': False, 'AddedDateTime': '2025-08-05T20:19:38.862Z', 'listingId': 5375, 'PhotoUrl': 'https://images.listings.offcampusliving.cornell.edu/listings/5375/Washer and dryer.jpg', 'SortOrder': 11}, {'PhotoId': 42581, 'PhotoName': 'Looking out front door.jpg', 'IsDefault': False, 'AddedDateTime': '2025-08-05T20:20:17.536Z', 'listingId': 5375, 'PhotoUrl': 'https://images.listings.offcampusliving.cornell.edu/listings/5375/Looking out front door.jpg', 'SortOrder': 12}]",
5376,12,2025-10-01T00:00:00.000Z,12,346 Warren Road,346B,ITHACA,14850,"1 BR, 1 bath, kitchen and dining area, efficiency apartment on second floor overlooking gardens","Apartment has private outside entrance, second story with picture window to view gardens and lotus pond. 700 square feet, unfurnished, no dogs, no children, only inside cats allowed. All utilities included. Parking under carport, walking distance to Cornell, short distance to Community Corners and shopping.",1400,Price Per Unit,Yes,"['Electricity Included', 'Heat Included', 'Internet Included', 'Kitchen', 'Near Bus Route', 'Water Included', 'Off-Street Parking Included']",No Preference,1,1,"['Staff/Faculty', 'Graduate']",Rent,42.4965692003423,-76.47112084017489,"{'lat': 42.4965692003423, 'lng': -76.47112084017489}",True,2025-10-20T00:00:00.000Z,True,No,2025-08-07T16:10:59.597Z,2025-08-20T19:43:39.526Z,,"[{'PhotoId': 42585, 'PhotoName': 'View of gardens:pond.8566.JPG', 'IsDefault': True, 'AddedDateTime': '2025-08-07T16:30:20.418Z', 'listingId': 5376, 'PhotoUrl': 'https://images.listings.offcampusliving.cornell.edu/listings/5376/View of gardens:pond.8566.JPG', 'SortOrder': None}, {'PhotoId': 42586, 'PhotoName': 'KITCHEN.EATING BAR.JPG', 'IsDefault': False, 'AddedDateTime': '2025-08-07T16:30:56.110Z', 'listingId': 5376, 'PhotoUrl': 'https://images.listings.offcampusliving.cornell.edu/listings/5376/KITCHEN.EATING BAR.JPG', 'SortOrder': None}, {'PhotoId': 42588, 'PhotoName': 'Dining area.jpg', 'IsDefault': False, 'AddedDateTime': '2025-08-07T16:31:39.635Z', 'listingId': 5376, 'PhotoUrl': 'https://images.listings.offcampusliving.cornell.edu/listings/5376/Dining area.jpg', 'SortOrder': None}, {'PhotoId': 42589, 'PhotoName': 'living area with loft.jpg', 'IsDefault': False, 'AddedDateTime': '2025-08-07T16:31:53.690Z', 'listingId': 5376, 'PhotoUrl': 'https://images.listings.offcampusliving.cornell.edu/listings/5376/living area with loft.jpg', 'SortOrder': None}, {'PhotoId': 42591, 'PhotoName': 'LOFT:BEDROOM.jpg', 'IsDefault': False, 'AddedDateTime': '2025-08-07T16:33:02.214Z', 'listingId': 5376, 'PhotoUrl': 'https://images.listings.offcampusliving.cornell.edu/listings/5376/LOFT:BEDROOM.jpg', 'SortOrder': None}]",
5377,4540,2025-09-01T00:00:00.000Z,6,21 Oak Street,1,Geneva,14456,"1 bedroom; shared bathroom, kitchen, living room; storage space in basement","Fully furnished and equipped bedroom, 1 mile away from Cornell AgriTech campus. Shared household with owner (bathroom, kitchen [with all in it], living room, washer/dryer, plenty of basement storage space). Become part of the family! Tolerance of my affectionate mid-size dog required. Gravel driveway spot for car. All utilities and Wifi (optical 500 Mbps) included.",500,Price Per Unit,Yes,"['Air Conditioning', 'Electricity Included', 'Electronic Payments Accepted', 'Furnished', 'Heat Included', 'Internet Available', 'Internet Included', 'Kitchen', 'Laundry Facilities', 'Off-Street Parking Available', 'Off-Street Parking Included', 'Permitted Street Parking Available', 'Water Included']",No Preference,1,1,"['Commencement', 'Fall Sublet', 'Graduate', 'Sabbatic Housing', 'Short-Term Housing', 'Spring Sublet', 'Staff/Faculty', 'Summer Sublet', 'Undergraduate']",Room to Rent,42.87502253744827,-76.99060053191756,"{'lat': 42.87502253744827, 'lng': -76.99060053191756}",True,2025-09-08T00:00:00.000Z,True,No,2025-08-08T17:43:27.007Z,2025-08-08T17:56:09.161Z,,"[{'PhotoId': 42601, 'PhotoName': '21OakStreet-Geneva-Driveway-2025.07.27.jpg', 'IsDefault': True, 'AddedDateTime': '2025-08-08T17:48:54.867Z', 'listingId': 5377, 'PhotoUrl': 'https://images.listings.offcampusliving.cornell.edu/listings/5377/21OakStreet-Geneva-Driveway-2025.07.27.jpg', 'SortOrder': None}, {'PhotoId': 42602, 'PhotoName': 'Bedroom1-1.jpg', 'IsDefault': False, 'AddedDateTime': '2025-08-08T17:48:55.082Z', 'listingId': 5377, 'PhotoUrl': 'https://images.listings.offcampusliving.cornell.edu/listings/5377/Bedroom1-1.jpg', 'SortOrder': None}, {'PhotoId': 42603, 'PhotoName': 'Bedroom1-2.jpg', 'IsDefault': False, 'AddedDateTime': '2025-08-08T17:48:55.247Z', 'listingId': 5377, 'PhotoUrl': 'https://images.listings.offcampusliving.cornell.edu/listings/5377/Bedroom1-2.jpg', 'SortOrder': None}, {'PhotoId': 42604, 'PhotoName': 'LivingRoom-2025.07.27-2.jpg', 'IsDefault': False, 'AddedDateTime': '2025-08-08T17:48:55.625Z', 'listingId': 5377, 'PhotoUrl': 'https://images.listings.offcampusliving.cornell.edu/listings/5377/LivingRoom-2025.07.27-2.jpg', 'SortOrder': None}]",
5378,3018,2025-08-15T00:00:00.000Z,12,16 SUNRISE DRIVE ,18,Newfield,14867,"Bright Sunny Clean, Quiet Two Bedroom Apartment","Spacious Two Bedroom Apartment with Large Open Kitchen, Living Room, Full Bath, Balcony, Storage, Etc. Heating Included.",1200,Price Per Unit,Yes,"['Heat Included', 'Internet Available', 'Kitchen', 'Laundry Facilities', 'Electronic Payments Accepted', 'Off-Street Parking Included', 'Water Included']",No Preference,2,1,"['Staff/Faculty', 'Graduate', 'Sabbatic Housing', 'Undergraduate']",Rent,42.42149827972969,-76.53985262475585,"{'lat': 42.42149827972969, 'lng': -76.53985262475585}",True,2025-09-12T00:00:00.000Z,True,No,2025-08-10T14:32:28.166Z,2025-08-10T14:51:37.086Z,,"[{'PhotoId': 42611, 'PhotoName': 'Apt. 18 Kitchen (2)-1.jpg', 'IsDefault': True, 'AddedDateTime': '2025-08-10T14:52:53.916Z', 'listingId': 5378, 'PhotoUrl': 'https://images.listings.offcampusliving.cornell.edu/listings/5378/Apt. 18 Kitchen (2)-1.jpg', 'SortOrder': None}, {'PhotoId': 42612, 'PhotoName': 'Apt. 18 Living Room (1)-1.jpg', 'IsDefault': False, 'AddedDateTime': '2025-08-10T14:53:12.122Z', 'listingId': 5378, 'PhotoUrl': 'https://images.listings.offcampusliving.cornell.edu/listings/5378/Apt. 18 Living Room (1)-1.jpg', 'SortOrder': None}, {'PhotoId': 42614, 'PhotoName': 'Apt. 18 West Bedroom (2).jpg', 'IsDefault': False, 'AddedDateTime': '2025-08-10T14:53:40.380Z', 'listingId': 5378, 'PhotoUrl': 'https://images.listings.offcampusliving.cornell.edu/listings/5378/Apt. 18 West Bedroom (2).jpg', 'SortOrder': None}, {'PhotoId': 42615, 'PhotoName': 'Apt. 18 West Bedroom (3).jpg', 'IsDefault': False, 'AddedDateTime': '2025-08-10T14:53:56.231Z', 'listingId': 5378, 'PhotoUrl': 'https://images.listings.offcampusliving.cornell.edu/listings/5378/Apt. 18 West Bedroom (3).jpg', 'SortOrder': None}, {'PhotoId': 42616, 'PhotoName': 'Apt. 18 Bathroom (1).jpg', 'IsDefault': False, 'AddedDateTime': '2025-08-10T14:54:20.897Z', 'listingId': 5378, 'PhotoUrl': 'https://images.listings.offcampusliving.cornell.edu/listings/5378/Apt. 18 Bathroom (1).jpg', 'SortOrder': None}, {'PhotoId': 42617, 'PhotoName': 'Apt. 18 East Bedroom (2).jpg', 'IsDefault': False, 'AddedDateTime': '2025-08-10T14:54:40.488Z', 'listingId': 5378, 'PhotoUrl': 'https://images.listings.offcampusliving.cornell.edu/listings/5378/Apt. 18 East Bedroom (2).jpg', 'SortOrder': None}, {'PhotoId': 42619, 'PhotoName': '0-8.jpeg', 'IsDefault': False, 'AddedDateTime': '2025-08-10T14:56:46.331Z', 'listingId': 5378, 'PhotoUrl': 'https://images.listings.offcampusliving.cornell.edu/listings/5378/0-8.jpeg', 'SortOrder': None}, {'PhotoId': 42620, 'PhotoName': '0-7.jpeg', 'IsDefault': False, 'AddedDateTime': '2025-08-10T14:57:00.228Z', 'listingId': 5378, 'PhotoUrl': 'https://images.listings.offcampusliving.cornell.edu/listings/5378/0-7.jpeg', 'SortOrder': None}]",
5379,4556,2026-01-01T00:00:00.000Z,5,528 Stewart Avenue,2,Ithaca,14850,"This apartment was extensively renovated in the summer of 2021 and features all new flooring, doors, drywall, and contemporary finishes.","This apartment was extensively renovated in the summer of 2021 and features all new flooring, doors, drywall, and contemporary finishes. Enjoy this home's classic charm with modern amenities like in-unit laundry and stylish new lighting fixtures. The new kitchen boasts quartz countertops and new stainless steel appliances, and the bathrooms feature custom tiled showers, new vanities, and updated light fixtures!",950,Price Per Person,Yes,"['Furnished', 'Laundry Facilities', 'Kitchen', 'Near Bus Route', 'Off-Street Parking Available', 'Electronic Payments Accepted']",Male,9,3,['Spring Sublet'],Room to Rent,42.4448801760898,-76.48964167199706,"{'lat': 42.4448801760898, 'lng': -76.48964167199706}",True,2025-12-10T00:00:00.000Z,True,Yes,2025-08-10T23:56:34.440Z,2025-08-11T17:47:01.167Z,528 STEWART AVENUE,"[{'PhotoId': 42642, 'PhotoName': 'Living Room.jpg', 'IsDefault': True, 'AddedDateTime': '2025-08-11T18:59:26.956Z', 'listingId': 5379, 'PhotoUrl': 'https://images.listings.offcampusliving.cornell.edu/listings/5379/Living Room.jpg', 'SortOrder': None}, {'PhotoId': 42643, 'PhotoName': 'Kitchen.jpg', 'IsDefault': False, 'AddedDateTime': '2025-08-11T19:02:05.830Z', 'listingId': 5379, 'PhotoUrl': 'https://images.listings.offcampusliving.cornell.edu/listings/5379/Kitchen.jpg', 'SortOrder': None}, {'PhotoId': 42644, 'PhotoName': 'Dining Room.jpg', 'IsDefault': False, 'AddedDateTime': '2025-08-11T19:02:06.184Z', 'listingId': 5379, 'PhotoUrl': 'https://images.listings.offcampusliving.cornell.edu/listings/5379/Dining Room.jpg', 'SortOrder': None}, {'PhotoId': 42645, 'PhotoName': 'Bed 1.jpg', 'IsDefault': False, 'AddedDateTime': '2025-08-11T19:02:06.414Z', 'listingId': 5379, 'PhotoUrl': 'https://images.listings.offcampusliving.cornell.edu/listings/5379/Bed 1.jpg', 'SortOrder': None}, {'PhotoId': 42646, 'PhotoName': 'Bed 2.jpg', 'IsDefault': False, 'AddedDateTime': '2025-08-11T19:02:06.696Z', 'listingId': 5379, 'PhotoUrl': 'https://images.listings.offcampusliving.cornell.edu/listings/5379/Bed 2.jpg', 'SortOrder': None}, {'PhotoId': 42647, 'PhotoName': 'Bed 3.jpg', 'IsDefault': False, 'AddedDateTime': '2025-08-11T19:02:06.913Z', 'listingId': 5379, 'PhotoUrl': 'https://images.listings.offcampusliving.cornell.edu/listings/5379/Bed 3.jpg', 'SortOrder': None}, {'PhotoId': 42648, 'PhotoName': 'Bed 4.jpg', 'IsDefault': False, 'AddedDateTime': '2025-08-11T19:02:07.147Z', 'listingId': 5379, 'PhotoUrl': 'https://images.listings.offcampusliving.cornell.edu/listings/5379/Bed 4.jpg', 'SortOrder': None}, {'PhotoId': 42649, 'PhotoName': 'Bed 5.jpg', 'IsDefault': False, 'AddedDateTime': '2025-08-11T19:02:07.382Z', 'listingId': 5379, 'PhotoUrl': 'https://images.listings.offcampusliving.cornell.edu/listings/5379/Bed 5.jpg', 'SortOrder': None}, {'PhotoId': 42650, 'PhotoName': 'Bed 6.jpg', 'IsDefault': False, 'AddedDateTime': '2025-08-11T19:02:07.711Z', 'listingId': 5379, 'PhotoUrl': 'https://images.listings.offcampusliving.cornell.edu/listings/5379/Bed 6.jpg', 'SortOrder': None}, {'PhotoId': 42651, 'PhotoName': 'Bed 7.jpg', 'IsDefault': False, 'AddedDateTime': '2025-08-11T19:02:08.014Z', 'listingId': 5379, 'PhotoUrl': 'https://images.listings.offcampusliving.cornell.edu/listings/5379/Bed 7.jpg', 'SortOrder': None}, {'PhotoId': 42652, 'PhotoName': 'Bed 8.jpg', 'IsDefault': False, 'AddedDateTime': '2025-08-11T19:02:08.268Z', 'listingId': 5379, 'PhotoUrl': 'https://images.listings.offcampusliving.cornell.edu/listings/5379/Bed 8.jpg', 'SortOrder': None}, {'PhotoId': 42653, 'PhotoName': 'Bed 9.jpg', 'IsDefault': False, 'AddedDateTime': '2025-08-11T19:02:08.483Z', 'listingId': 5379, 'PhotoUrl': 'https://images.listings.offcampusliving.cornell.edu/listings/5379/Bed 9.jpg', 'SortOrder': None}, {'PhotoId': 42654, 'PhotoName': 'Bathroom 1.jpg', 'IsDefault': False, 'AddedDateTime': '2025-08-11T19:02:32.349Z', 'listingId': 5379, 'PhotoUrl': 'https://images.listings.offcampusliving.cornell.edu/listings/5379/Bathroom 1.jpg', 'SortOrder': None}, {'PhotoId': 42655, 'PhotoName': 'Bathroom 2.jpg', 'IsDefault': False, 'AddedDateTime': '2025-08-11T19:02:32.588Z', 'listingId': 5379, 'PhotoUrl': 'https://images.listings.offcampusliving.cornell.edu/listings/5379/Bathroom 2.jpg', 'SortOrder': None}, {'PhotoId': 42656, 'PhotoName': 'Bathroom 3.jpg', 'IsDefault': False, 'AddedDateTime': '2025-08-11T19:02:32.823Z', 'listingId': 5379, 'PhotoUrl': 'https://images.listings.offcampusliving.cornell.edu/listings/5379/Bathroom 3.jpg', 'SortOrder': None}]","{""BuildingAddress"": ""528 STEWART AVENUE"", ""OverallSafetyRating"": 15, ""CategoryScores"": [{""Fire Protection"": 0}, {""Notification Systems"": 5}, {""Emergency Egress"": 0}, {""Applicable Code"": 0}, {""Fire Extinguishers"": 2}, {""Construction Type"": 0}, {""Valid Certificate of Compliance"": 8}], ""OverallSafetyRatingAsPercentage"": 32, ""CategoryScoresAsPercentage"": [{""Fire Protection"": 0}, {""Notification Systems"": 83}, {""Emergency Egress"": 0}, {""Applicable Code"": 0}, {""Fire Extinguishers"": 100}, {""Construction Type"": 0}, {""Valid Certificate of Compliance"": 100}], ""SprinklerType"": [], ""FireExtinguisherCertificateExpiration"": ""2025-10-22T00:00:00.000Z"", ""NotificationSystem"": [{""subCategory"": ""Fire Alarm System"", ""notificationType"": ""Fire Alarm System"", ""notificationSystemCertificateExpiration"": ""2025-10-20""}, {""subCategory"": ""Single Station Smoke Alarm"", ""notificationType"": ""Single Station Smoke Alarm"", ""notificationSystemCertificateExpiration"": ""2025-09-15""}, {""subCategory"": ""CO Detector"", ""notificationType"": ""CO Detector"", ""notificationSystemCertificateExpiration"": ""2025-09-15""}], ""HasValidCertificateOfOccupancy"": true, ""MeetsMinimumRequirements"": true, ""ExceedsRequirements"": true, ""HasFireResistantConstructionType"": false, ""SatisfiesApplicableCode"": false, ""CertificateExpirationDate"": ""2027-11-11T00:00:00.000Z"", ""DateLastUpdated"": ""2025-07-30T07:01:48.000Z""}"
5380,4548,2025-08-25T00:00:00.000Z,12,511 Chestnut Street,3,Ithaca,14850,"Nice1br Apt ,Ba,kitchen, living room and enclosed glass porch, offSt park, separate entrance utilities included","furnished, Repainted and nice 1Bedroom, Living room,Bathroom,enclosed glass porch, Eat in kitchen counter tops, tiled and carpeted throughout. Off street parking with utilities included, elec & water. Quiet pleasant area minutes to cornell or IC, Wegmans or Trader Joe’s cass park athletic biking/ walking paths. Bus route and school nearby, wooded or seasonal city views as the leaves fall. Call or text for best viewing, John 607-592-5142",1745,Price Per Unit,No,"['Electricity Included', 'Electronic Payments Accepted', 'Heat Included', 'Internet Available', 'Kitchen', 'Near Bus Route', 'Off-Street Parking Included', 'Furnished', 'Laundry Facilities']",No Preference,1,1,"['Graduate', 'Staff/Faculty', 'Undergraduate', 'Short-Term Housing', 'Sabbatic Housing']",Rent,42.43731601273762,-76.51964486203765,"{'lat': 42.43731601273762, 'lng': -76.51964486203765}",True,2025-09-20T00:00:00.000Z,True,Yes,2025-08-11T16:38:48.641Z,2025-08-21T22:19:55.394Z,511 CHESTNUT STREET,"[{'PhotoId': 42780, 'PhotoName': 'IMG_0537.jpeg', 'IsDefault': True, 'AddedDateTime': '2025-08-20T12:58:08.838Z', 'listingId': 5380, 'PhotoUrl': 'https://images.listings.offcampusliving.cornell.edu/listings/5380/IMG_0537.jpeg', 'SortOrder': None}]","{""BuildingAddress"": ""511 CHESTNUT STREET"", ""OverallSafetyRating"": 8, ""CategoryScores"": [{""Fire Protection"": 0}, {""Notification Systems"": 0}, {""Emergency Egress"": 0}, {""Applicable Code"": 0}, {""Fire Extinguishers"": 0}, {""Construction Type"": 0}, {""Valid Certificate of Compliance"": 8}], ""OverallSafetyRatingAsPercentage"": 17, ""CategoryScoresAsPercentage"": [{""Fire Protection"": 0}, {""Notification Systems"": 0}, {""Emergency Egress"": 0}, {""Applicable Code"": 0}, {""Fire Extinguishers"": 0}, {""Construction Type"": 0}, {""Valid Certificate of Compliance"": 100}], ""SprinklerType"": [], ""FireExtinguisherCertificateExpiration"": ""2024-10-31T00:00:00.000Z"", ""NotificationSystem"": [{""subCategory"": ""Single Station Smoke Alarm"", ""notificationType"": ""Single Station Smoke Alarm"", ""notificationSystemCertificateExpiration"": ""2024-11-13""}], ""HasValidCertificateOfOccupancy"": true, ""MeetsMinimumRequirements"": false, ""ExceedsRequirements"": false, ""HasFireResistantConstructionType"": false, ""SatisfiesApplicableCode"": false, ""CertificateExpirationDate"": ""2026-11-12T00:00:00.000Z"", ""DateLastUpdated"": ""2025-07-30T07:01:46.000Z""}"
5381,4558,2025-08-15T00:00:00.000Z,9,"5 ARROWOOD LANE, Ithaca NY 14850",,Ithaca,14850,"Single family home in Whispering Pines neighborhood in South Lansing, Lansing Schools","Looking for an upscale neighborhood home for rent shorter term? This 4 bed/2.5 bath home is available August 15th for either 6 month or 9 month lease through May 31, 2026. Lawn maintenance included, no pets. One month security deposit of $3,600. Primary suite on the main floor, 3 more bedrooms and 2nd full bath upstairs. Laundry, garage, Basement. House currently on the market for sale, will be withdrawn upon rental with re-list in Spring 2026.  Can be purchased for $695,000.",3600,Price Per Unit,No,"['Air Conditioning', 'Internet Available', 'Kitchen', 'Laundry Facilities', 'Off-Street Parking Available', 'Off-Street Parking Included']",No Preference,4,2.5,"['Fall Sublet', 'Short-Term Housing', 'Spring Sublet', 'Staff/Faculty', 'Sabbatic Housing', 'Graduate']",Rent,42.5151040874221,-76.47791922433446,"{'lat': 42.5151040874221, 'lng': -76.47791922433446}",True,2025-09-11T00:00:00.000Z,True,No,2025-08-11T19:38:38.352Z,2025-08-11T19:48:26.397Z,,"[{'PhotoId': 42657, 'PhotoName': '20250716_180507.jpg', 'IsDefault': True, 'AddedDateTime': '2025-08-11T19:41:28.990Z', 'listingId': 5381, 'PhotoUrl': 'https://images.listings.offcampusliving.cornell.edu/listings/5381/20250716_180507.jpg', 'SortOrder': 1}, {'PhotoId': 42661, 'PhotoName': '003-02_m.jpg', 'IsDefault': False, 'AddedDateTime': '2025-08-11T19:42:13.086Z', 'listingId': 5381, 'PhotoUrl': 'https://images.listings.offcampusliving.cornell.edu/listings/5381/003-02_m.jpg', 'SortOrder': 2}, {'PhotoId': 42658, 'PhotoName': '006-05_m.jpg', 'IsDefault': False, 'AddedDateTime': '2025-08-11T19:41:42.691Z', 'listingId': 5381, 'PhotoUrl': 'https://images.listings.offcampusliving.cornell.edu/listings/5381/006-05_m.jpg', 'SortOrder': 3}, {'PhotoId': 42659, 'PhotoName': '011-10_m.jpg', 'IsDefault': False, 'AddedDateTime': '2025-08-11T19:41:50.978Z', 'listingId': 5381, 'PhotoUrl': 'https://images.listings.offcampusliving.cornell.edu/listings/5381/011-10_m.jpg', 'SortOrder': 4}, {'PhotoId': 42660, 'PhotoName': '020-19_m.jpg', 'IsDefault': False, 'AddedDateTime': '2025-08-11T19:42:12.481Z', 'listingId': 5381, 'PhotoUrl': 'https://images.listings.offcampusliving.cornell.edu/listings/5381/020-19_m.jpg', 'SortOrder': 5}, {'PhotoId': 42663, 'PhotoName': '009-08_m.jpg', 'IsDefault': False, 'AddedDateTime': '2025-08-11T19:42:53.254Z', 'listingId': 5381, 'PhotoUrl': 'https://images.listings.offcampusliving.cornell.edu/listings/5381/009-08_m.jpg', 'SortOrder': 6}, {'PhotoId': 42662, 'PhotoName': '023-22_m.jpg', 'IsDefault': False, 'AddedDateTime': '2025-08-11T19:42:52.989Z', 'listingId': 5381, 'PhotoUrl': 'https://images.listings.offcampusliving.cornell.edu/listings/5381/023-22_m.jpg', 'SortOrder': 7}, {'PhotoId': 42664, 'PhotoName': '031-30_m.jpg', 'IsDefault': False, 'AddedDateTime': '2025-08-11T19:43:44.895Z', 'listingId': 5381, 'PhotoUrl': 'https://images.listings.offcampusliving.cornell.edu/listings/5381/031-30_m.jpg', 'SortOrder': 8}, {'PhotoId': 42665, 'PhotoName': '018-17_m.jpg', 'IsDefault': False, 'AddedDateTime': '2025-08-11T19:43:45.203Z', 'listingId': 5381, 'PhotoUrl': 'https://images.listings.offcampusliving.cornell.edu/listings/5381/018-17_m.jpg', 'SortOrder': 9}, {'PhotoId': 42666, 'PhotoName': '035-34_m.jpg', 'IsDefault': False, 'AddedDateTime': '2025-08-11T19:43:45.420Z', 'listingId': 5381, 'PhotoUrl': 'https://images.listings.offcampusliving.cornell.edu/listings/5381/035-34_m.jpg', 'SortOrder': 10}, {'PhotoId': 42667, 'PhotoName': '046-47_m.jpg', 'IsDefault': False, 'AddedDateTime': '2025-08-11T19:43:54.098Z', 'listingId': 5381, 'PhotoUrl': 'https://images.listings.offcampusliving.cornell.edu/listings/5381/046-47_m.jpg', 'SortOrder': 11}]",
5385,4555,2025-08-15T00:00:00.000Z,11,846 SNYDER HILL ROAD,A,Ithaca,14850,"2 bedroom, 1 bath apartment- Grad student housing- Ideal for Vet Students- Pets Allowed!","2 Bedroom, 1 bath apartment with Washer/dryer on 1 acre lot with driveway with 2 parking spots. Pets allowed with deposit amount dependent on animal type and number of pets. 


Energy efficient Mini Split heating and A/C. Tenants pay for all utilities. Landlord responsible for lawn care and snow removal. 8 min from East hill plaza- Grocery store, pharmacy, Dunking Donuts, Gas Station. Apartment is unfurnished.

Lease through 7/30/2026.",1500,Price Per Unit,Yes,"['Laundry Facilities', 'Off-Street Parking Included', 'Kitchen', 'Air Conditioning', 'Internet Available', 'Water Included']",No Preference,2,1,"['Graduate', 'Staff/Faculty']",Rent,42.41061162172775,-76.39982813425743,"{'lat': 42.41061162172775, 'lng': -76.39982813425743}",True,2025-09-14T00:00:00.000Z,True,No,2025-08-14T21:04:23.930Z,2025-08-15T02:04:33.161Z,,"[{'PhotoId': 42689, 'PhotoName': 'A846-Exterior View Walk and Porch.jpg', 'IsDefault': True, 'AddedDateTime': '2025-08-14T21:26:37.092Z', 'listingId': 5385, 'PhotoUrl': 'https://images.listings.offcampusliving.cornell.edu/listings/5385/A846-Exterior View Walk and Porch.jpg', 'SortOrder': 1}, {'PhotoId': 42691, 'PhotoName': 'A846-Kitchen View From Ext Door.jpg', 'IsDefault': False, 'AddedDateTime': '2025-08-14T21:27:09.148Z', 'listingId': 5385, 'PhotoUrl': 'https://images.listings.offcampusliving.cornell.edu/listings/5385/A846-Kitchen View From Ext Door.jpg', 'SortOrder': 2}, {'PhotoId': 42715, 'PhotoName': '846-BackYard Willow Tree.jpg', 'IsDefault': False, 'AddedDateTime': '2025-08-15T01:57:57.957Z', 'listingId': 5385, 'PhotoUrl': 'https://images.listings.offcampusliving.cornell.edu/listings/5385/846-BackYard Willow Tree.jpg', 'SortOrder': 3}, {'PhotoId': 42714, 'PhotoName': '846 Front Showing Both Doors.jpg', 'IsDefault': False, 'AddedDateTime': '2025-08-15T01:57:31.982Z', 'listingId': 5385, 'PhotoUrl': 'https://images.listings.offcampusliving.cornell.edu/listings/5385/846 Front Showing Both Doors.jpg', 'SortOrder': 4}, {'PhotoId': 42716, 'PhotoName': 'A846-Living Room View towards Kitchen.jpg', 'IsDefault': False, 'AddedDateTime': '2025-08-15T01:58:38.881Z', 'listingId': 5385, 'PhotoUrl': 'https://images.listings.offcampusliving.cornell.edu/listings/5385/A846-Living Room View towards Kitchen.jpg', 'SortOrder': 5}, {'PhotoId': 42718, 'PhotoName': 'A846-Kitchen Grey Cabinets BUtcher Block.jpg', 'IsDefault': False, 'AddedDateTime': '2025-08-15T01:59:30.986Z', 'listingId': 5385, 'PhotoUrl': 'https://images.listings.offcampusliving.cornell.edu/listings/5385/A846-Kitchen Grey Cabinets BUtcher Block.jpg', 'SortOrder': 6}, {'PhotoId': 42717, 'PhotoName': 'A846-Living Room View towards bedrooms.jpg', 'IsDefault': False, 'AddedDateTime': '2025-08-15T01:59:06.660Z', 'listingId': 5385, 'PhotoUrl': 'https://images.listings.offcampusliving.cornell.edu/listings/5385/A846-Living Room View towards bedrooms.jpg', 'SortOrder': 7}, {'PhotoId': 42719, 'PhotoName': 'A846-Back Bedroom With Closet.jpg', 'IsDefault': False, 'AddedDateTime': '2025-08-15T01:59:45.762Z', 'listingId': 5385, 'PhotoUrl': 'https://images.listings.offcampusliving.cornell.edu/listings/5385/A846-Back Bedroom With Closet.jpg', 'SortOrder': 8}, {'PhotoId': 42720, 'PhotoName': 'A846-Bathroom Shower Door View.jpg', 'IsDefault': False, 'AddedDateTime': '2025-08-15T02:00:06.801Z', 'listingId': 5385, 'PhotoUrl': 'https://images.listings.offcampusliving.cornell.edu/listings/5385/A846-Bathroom Shower Door View.jpg', 'SortOrder': 9}, {'PhotoId': 42721, 'PhotoName': 'A846-Bathroom Vanity.jpg', 'IsDefault': False, 'AddedDateTime': '2025-08-15T02:00:21.550Z', 'listingId': 5385, 'PhotoUrl': 'https://images.listings.offcampusliving.cornell.edu/listings/5385/A846-Bathroom Vanity.jpg', 'SortOrder': 10}, {'PhotoId': 42722, 'PhotoName': 'A846-Laundry.jpg', 'IsDefault': False, 'AddedDateTime': '2025-08-15T02:00:45.111Z', 'listingId': 5385, 'PhotoUrl': 'https://images.listings.offcampusliving.cornell.edu/listings/5385/A846-Laundry.jpg', 'SortOrder': 11}, {'PhotoId': 42690, 'PhotoName': 'A846-Front-Bedroom-Empty.jpg', 'IsDefault': False, 'AddedDateTime': '2025-08-14T21:26:48.124Z', 'listingId': 5385, 'PhotoUrl': 'https://images.listings.offcampusliving.cornell.edu/listings/5385/A846-Front-Bedroom-Empty.jpg', 'SortOrder': 12}]",
5386,4555,2025-08-15T00:00:00.000Z,11,846 SNYDER HILL ROAD,B,Ithaca,14850,"2 bedroom, 1 bath apartment- Grad Student Housing- Ideal for Vet Students- Pets Allowed!","2 Bedroom, 1 bath apartment with Washer/dryer on 1 acre lot with driveway with 2 parking spots. Pets allowed with deposit amount dependent on animal type and number of pets. 


Energy efficient Mini Split heating and A/C. Tenants pay for all utilities. Landlord responsible for lawn care and snow removal. 8 min from East hill plaza- Grocery store, pharmacy, Dunking Donuts, Gas Station. Apartment is unfurnished.

Lease through 7/30/2026.",1500,Price Per Unit,Yes,"['Kitchen', 'Off-Street Parking Included', 'Laundry Facilities']",No Preference,2,1,"['Graduate', 'Staff/Faculty']",Rent,42.41071024202341,-76.39969647489166,"{'lat': 42.41071024202341, 'lng': -76.39969647489166}",True,2025-09-14T00:00:00.000Z,True,No,2025-08-14T21:14:26.551Z,2025-08-15T02:16:02.787Z,,"[{'PhotoId': 42692, 'PhotoName': 'B846-Exterior Towards Side Door.jpg', 'IsDefault': True, 'AddedDateTime': '2025-08-14T21:27:58.238Z', 'listingId': 5386, 'PhotoUrl': 'https://images.listings.offcampusliving.cornell.edu/listings/5386/B846-Exterior Towards Side Door.jpg', 'SortOrder': 14}, {'PhotoId': 42734, 'PhotoName': '846-Exterior Shot from Realtor.png', 'IsDefault': False, 'AddedDateTime': '2025-08-15T02:14:13.301Z', 'listingId': 5386, 'PhotoUrl': 'https://images.listings.offcampusliving.cornell.edu/listings/5386/846-Exterior Shot from Realtor.png', 'SortOrder': 1}, {'PhotoId': 42733, 'PhotoName': 'B846-Side Yard Looking Toward Willow in Back.jpg', 'IsDefault': False, 'AddedDateTime': '2025-08-15T02:13:14.111Z', 'listingId': 5386, 'PhotoUrl': 'https://images.listings.offcampusliving.cornell.edu/listings/5386/B846-Side Yard Looking Toward Willow in Back.jpg', 'SortOrder': 2}, {'PhotoId': 42726, 'PhotoName': 'B846-Kitchen-Appliance View.jpg', 'IsDefault': False, 'AddedDateTime': '2025-08-15T02:10:47.209Z', 'listingId': 5386, 'PhotoUrl': 'https://images.listings.offcampusliving.cornell.edu/listings/5386/B846-Kitchen-Appliance View.jpg', 'SortOrder': 3}, {'PhotoId': 42725, 'PhotoName': 'B846-Kitchen Grey Cabinets View 2.jpg', 'IsDefault': False, 'AddedDateTime': '2025-08-15T02:10:29.914Z', 'listingId': 5386, 'PhotoUrl': 'https://images.listings.offcampusliving.cornell.edu/listings/5386/B846-Kitchen Grey Cabinets View 2.jpg', 'SortOrder': 4}, {'PhotoId': 42693, 'PhotoName': 'B846-Kitchen View From LR.jpg', 'IsDefault': False, 'AddedDateTime': '2025-08-14T21:28:08.302Z', 'listingId': 5386, 'PhotoUrl': 'https://images.listings.offcampusliving.cornell.edu/listings/5386/B846-Kitchen View From LR.jpg', 'SortOrder': 5}, {'PhotoId': 42727, 'PhotoName': 'B846-Living Room Facing SIde Door.jpg', 'IsDefault': False, 'AddedDateTime': '2025-08-15T02:11:02.976Z', 'listingId': 5386, 'PhotoUrl': 'https://images.listings.offcampusliving.cornell.edu/listings/5386/B846-Living Room Facing SIde Door.jpg', 'SortOrder': 6}, {'PhotoId': 42728, 'PhotoName': 'B846-Living_Room_With_Couch.jpg', 'IsDefault': False, 'AddedDateTime': '2025-08-15T02:11:19.598Z', 'listingId': 5386, 'PhotoUrl': 'https://images.listings.offcampusliving.cornell.edu/listings/5386/B846-Living_Room_With_Couch.jpg', 'SortOrder': 7}, {'PhotoId': 42723, 'PhotoName': 'B846 Pantry.jpg', 'IsDefault': False, 'AddedDateTime': '2025-08-15T02:10:05.077Z', 'listingId': 5386, 'PhotoUrl': 'https://images.listings.offcampusliving.cornell.edu/listings/5386/B846 Pantry.jpg', 'SortOrder': 8}, {'PhotoId': 42694, 'PhotoName': 'B846-Hall Laundry.jpg', 'IsDefault': False, 'AddedDateTime': '2025-08-14T21:28:26.280Z', 'listingId': 5386, 'PhotoUrl': 'https://images.listings.offcampusliving.cornell.edu/listings/5386/B846-Hall Laundry.jpg', 'SortOrder': 9}, {'PhotoId': 42724, 'PhotoName': 'B846-BathVanity.jpg', 'IsDefault': False, 'AddedDateTime': '2025-08-15T02:10:16.233Z', 'listingId': 5386, 'PhotoUrl': 'https://images.listings.offcampusliving.cornell.edu/listings/5386/B846-BathVanity.jpg', 'SortOrder': 10}, {'PhotoId': 42729, 'PhotoName': 'B846-Master Showing TV.jpg', 'IsDefault': False, 'AddedDateTime': '2025-08-15T02:11:36.190Z', 'listingId': 5386, 'PhotoUrl': 'https://images.listings.offcampusliving.cornell.edu/listings/5386/B846-Master Showing TV.jpg', 'SortOrder': 11}, {'PhotoId': 42730, 'PhotoName': 'B846-Master showing closet.jpg', 'IsDefault': False, 'AddedDateTime': '2025-08-15T02:11:54.358Z', 'listingId': 5386, 'PhotoUrl': 'https://images.listings.offcampusliving.cornell.edu/listings/5386/B846-Master showing closet.jpg', 'SortOrder': 12}, {'PhotoId': 42731, 'PhotoName': 'B846-Second_Bedroom-empty.jpg', 'IsDefault': False, 'AddedDateTime': '2025-08-15T02:12:17.667Z', 'listingId': 5386, 'PhotoUrl': 'https://images.listings.offcampusliving.cornell.edu/listings/5386/B846-Second_Bedroom-empty.jpg', 'SortOrder': 13}, {'PhotoId': 42732, 'PhotoName': '846 Front Showing Both Doors.jpg', 'IsDefault': False, 'AddedDateTime': '2025-08-15T02:12:43.518Z', 'listingId': 5386, 'PhotoUrl': 'https://images.listings.offcampusliving.cornell.edu/listings/5386/846 Front Showing Both Doors.jpg', 'SortOrder': 15}]",
5391,4552,2025-08-19T00:00:00.000Z,12,5 Hudson Place,A,Ithaca,14850,Shared Modern 3 Bedroom Apartment with Great Views,"Looking for a graduate student or young professional to sublet a private bedroom in a spacious and partially furnished 3 bedroom apartment. The apartment will be shared with a quiet and respectful 35-year-old male veterinary resident. Available for August or September move in.

Highlights: Utilities Included (Gas, Electric, Water, Sewer), Attached garage, Central Air Conditioning + Heating, Free Laundry, Fully Fenced Backyard, Large Deck With Views",1200,Price Per Person,Yes,"['Air Conditioning', 'Electricity Included', 'Electronic Payments Accepted', 'Heat Included', 'Furnished', 'Internet Available', 'Kitchen', 'Laundry Facilities', 'Near Bus Route', 'Off-Street Parking Available', 'Off-Street Parking Included', 'Water Included']",No Preference,3,1,"['Fall Sublet', 'Graduate', 'Sabbatic Housing', 'Spring Sublet', 'Staff/Faculty']",Share,42.43069881067949,-76.49346113763427,"{'lat': 42.43069881067949, 'lng': -76.49346113763427}",True,2025-10-19T00:00:00.000Z,True,Yes,2025-08-19T03:08:22.660Z,2025-08-19T03:22:17.527Z,5 HUDSON PLACE,"[{'PhotoId': 42779, 'PhotoName': '01515_6qcos3xUx8v_0t20CI_1200x900.jpg', 'IsDefault': True, 'AddedDateTime': '2025-08-19T03:19:18.363Z', 'listingId': 5391, 'PhotoUrl': 'https://images.listings.offcampusliving.cornell.edu/listings/5391/01515_6qcos3xUx8v_0t20CI_1200x900.jpg', 'SortOrder': 1}, {'PhotoId': 42769, 'PhotoName': '00g0g_hqvDphCbHUT_0CI0t2_1200x900.jpg', 'IsDefault': False, 'AddedDateTime': '2025-08-19T03:19:15.642Z', 'listingId': 5391, 'PhotoUrl': 'https://images.listings.offcampusliving.cornell.edu/listings/5391/00g0g_hqvDphCbHUT_0CI0t2_1200x900.jpg', 'SortOrder': 2}, {'PhotoId': 42767, 'PhotoName': '00C0C_ck3dyt2FCp0_0CI0t2_1200x900.jpg', 'IsDefault': False, 'AddedDateTime': '2025-08-19T03:19:14.819Z', 'listingId': 5391, 'PhotoUrl': 'https://images.listings.offcampusliving.cornell.edu/listings/5391/00C0C_ck3dyt2FCp0_0CI0t2_1200x900.jpg', 'SortOrder': 3}, {'PhotoId': 42777, 'PhotoName': '01111_66zLtOKeqnc_0CI0t2_1200x900.jpg', 'IsDefault': False, 'AddedDateTime': '2025-08-19T03:19:17.902Z', 'listingId': 5391, 'PhotoUrl': 'https://images.listings.offcampusliving.cornell.edu/listings/5391/01111_66zLtOKeqnc_0CI0t2_1200x900.jpg', 'SortOrder': 4}, {'PhotoId': 42773, 'PhotoName': '00q0q_eXuLclh9BZb_0CI0t2_1200x900.jpg', 'IsDefault': False, 'AddedDateTime': '2025-08-19T03:19:16.874Z', 'listingId': 5391, 'PhotoUrl': 'https://images.listings.offcampusliving.cornell.edu/listings/5391/00q0q_eXuLclh9BZb_0CI0t2_1200x900.jpg', 'SortOrder': 5}, {'PhotoId': 42770, 'PhotoName': '00n0n_iLNumdeg324_0CI0t2_1200x900.jpg', 'IsDefault': False, 'AddedDateTime': '2025-08-19T03:19:15.990Z', 'listingId': 5391, 'PhotoUrl': 'https://images.listings.offcampusliving.cornell.edu/listings/5391/00n0n_iLNumdeg324_0CI0t2_1200x900.jpg', 'SortOrder': 6}, {'PhotoId': 42774, 'PhotoName': '00s0s_US19xd88yj_0lM0t2_1200x900.jpg', 'IsDefault': False, 'AddedDateTime': '2025-08-19T03:19:17.141Z', 'listingId': 5391, 'PhotoUrl': 'https://images.listings.offcampusliving.cornell.edu/listings/5391/00s0s_US19xd88yj_0lM0t2_1200x900.jpg', 'SortOrder': 7}, {'PhotoId': 42778, 'PhotoName': '01313_2KV1G2oLJM2_0t20CI_1200x900.jpg', 'IsDefault': False, 'AddedDateTime': '2025-08-19T03:19:18.124Z', 'listingId': 5391, 'PhotoUrl': 'https://images.listings.offcampusliving.cornell.edu/listings/5391/01313_2KV1G2oLJM2_0t20CI_1200x900.jpg', 'SortOrder': 8}, {'PhotoId': 42776, 'PhotoName': '00101_9cUngjYu55X_0lM0t2_1200x900.jpg', 'IsDefault': False, 'AddedDateTime': '2025-08-19T03:19:17.673Z', 'listingId': 5391, 'PhotoUrl': 'https://images.listings.offcampusliving.cornell.edu/listings/5391/00101_9cUngjYu55X_0lM0t2_1200x900.jpg', 'SortOrder': 9}, {'PhotoId': 42771, 'PhotoName': '00o0o_cR7pnt8aLCa_0CI0t2_1200x900.jpg', 'IsDefault': False, 'AddedDateTime': '2025-08-19T03:19:16.383Z', 'listingId': 5391, 'PhotoUrl': 'https://images.listings.offcampusliving.cornell.edu/listings/5391/00o0o_cR7pnt8aLCa_0CI0t2_1200x900.jpg', 'SortOrder': 10}, {'PhotoId': 42768, 'PhotoName': '00d0d_k2Mphpj2TBe_0t20CI_1200x900.jpg', 'IsDefault': False, 'AddedDateTime': '2025-08-19T03:19:15.339Z', 'listingId': 5391, 'PhotoUrl': 'https://images.listings.offcampusliving.cornell.edu/listings/5391/00d0d_k2Mphpj2TBe_0t20CI_1200x900.jpg', 'SortOrder': 11}, {'PhotoId': 42775, 'PhotoName': '00Z0Z_9p3iFA0R07Q_0CI0t2_1200x900.jpg', 'IsDefault': False, 'AddedDateTime': '2025-08-19T03:19:17.495Z', 'listingId': 5391, 'PhotoUrl': 'https://images.listings.offcampusliving.cornell.edu/listings/5391/00Z0Z_9p3iFA0R07Q_0CI0t2_1200x900.jpg', 'SortOrder': 12}, {'PhotoId': 42772, 'PhotoName': '00P0P_l2JdTpEyMXD_0lM0t2_1200x900.jpg', 'IsDefault': False, 'AddedDateTime': '2025-08-19T03:19:16.567Z', 'listingId': 5391, 'PhotoUrl': 'https://images.listings.offcampusliving.cornell.edu/listings/5391/00P0P_l2JdTpEyMXD_0lM0t2_1200x900.jpg', 'SortOrder': 13}]","{""BuildingAddress"": ""5 HUDSON PLACE"", ""OverallSafetyRating"": 8, ""CategoryScores"": [{""Fire Protection"": 0}, {""Notification Systems"": 0}, {""Emergency Egress"": 0}, {""Applicable Code"": 0}, {""Fire Extinguishers"": 0}, {""Construction Type"": 0}, {""Valid Certificate of Compliance"": 8}], ""OverallSafetyRatingAsPercentage"": 17, ""CategoryScoresAsPercentage"": [{""Fire Protection"": 0}, {""Notification Systems"": 0}, {""Emergency Egress"": 0}, {""Applicable Code"": 0}, {""Fire Extinguishers"": 0}, {""Construction Type"": 0}, {""Valid Certificate of Compliance"": 100}], ""SprinklerType"": [], ""FireExtinguisherCertificateExpiration"": null, ""NotificationSystem"": [{""subCategory"": ""Single Station Smoke Alarm"", ""notificationType"": ""Single Station Smoke Alarm"", ""notificationSystemCertificateExpiration"": ""2024-01-26""}], ""HasValidCertificateOfOccupancy"": true, ""MeetsMinimumRequirements"": false, ""ExceedsRequirements"": false, ""HasFireResistantConstructionType"": false, ""SatisfiesApplicableCode"": false, ""CertificateExpirationDate"": ""2028-01-03T00:00:00.000Z"", ""DateLastUpdated"": ""2025-07-30T07:01:44.000Z""}"
5392,4563,2025-08-21T00:00:00.000Z,12,101 westhaven rd,1,Ithaca,14850,Quiet spacious apartment ,"Single bedroom apartment, recently renovated, 2 walk in closets, lots of natural light, off street parking,cable,internet,heat electric, water, garbage all included,on bus rouute",1200,Price Per Person,No,"['Electricity Included', 'Heat Included', 'Internet Included', 'Kitchen', 'Near Bus Route', 'Off-Street Parking Included', 'Water Included']",No Preference,1,1,"['Graduate', 'Staff/Faculty']",Rent,42.43656881693207,-76.53382996817491,"{'lat': 42.43656881693207, 'lng': -76.53382996817491}",True,2025-09-21T00:00:00.000Z,True,Yes,2025-08-21T17:54:09.502Z,2025-08-21T18:03:09.794Z,,"[{'PhotoId': 42782, 'PhotoName': 'apartment1.jpg', 'IsDefault': True, 'AddedDateTime': '2025-08-21T18:01:26.072Z', 'listingId': 5392, 'PhotoUrl': 'https://images.listings.offcampusliving.cornell.edu/listings/5392/apartment1.jpg', 'SortOrder': None}, {'PhotoId': 42783, 'PhotoName': 'apartment2.jpg', 'IsDefault': False, 'AddedDateTime': '2025-08-21T18:01:26.540Z', 'listingId': 5392, 'PhotoUrl': 'https://images.listings.offcampusliving.cornell.edu/listings/5392/apartment2.jpg', 'SortOrder': None}, {'PhotoId': 42784, 'PhotoName': 'apartment3.jpg', 'IsDefault': False, 'AddedDateTime': '2025-08-21T18:01:26.757Z', 'listingId': 5392, 'PhotoUrl': 'https://images.listings.offcampusliving.cornell.edu/listings/5392/apartment3.jpg', 'SortOrder': None}, {'PhotoId': 42785, 'PhotoName': 'apartment4.jpg', 'IsDefault': False, 'AddedDateTime': '2025-08-21T18:01:26.910Z', 'listingId': 5392, 'PhotoUrl': 'https://images.listings.offcampusliving.cornell.edu/listings/5392/apartment4.jpg', 'SortOrder': None}, {'PhotoId': 42786, 'PhotoName': 'apartment bathroom.jpg', 'IsDefault': False, 'AddedDateTime': '2025-08-21T18:01:27.100Z', 'listingId': 5392, 'PhotoUrl': 'https://images.listings.offcampusliving.cornell.edu/listings/5392/apartment bathroom.jpg', 'SortOrder': None}]",
5393,4538,2025-10-01T00:00:00.000Z,12,916 E. Shore Drive,Upstairs,Ithaca,14850,"Upstairs apartment in 2 Unit House on Cayuga Lake. 2 Bedrooms, off street parking.","Two large bedrooms, one full bath.  A living room/kitchen overlooks the lake.  A large deck overlooking the lake leads to the main entry.  Has storage room. Utilities included. 2 Off Street Parking spots in Driveway.",1320,Price Per Unit,Yes,"['Electricity Included', 'Heat Included', 'Kitchen', 'Off-Street Parking Included', 'Water Included', 'Internet Available', 'Near Bus Route']",No Preference,2,1,"['Staff/Faculty', 'Graduate']",Rent,42.46515106711669,-76.4997884687004,"{'lat': 42.46515106711669, 'lng': -76.4997884687004}",True,2025-10-22T00:00:00.000Z,True,No,2025-08-22T14:47:29.637Z,2025-08-22T15:08:34.234Z,,"[{'PhotoId': 42796, 'PhotoName': '916 E Shore Dr, Ithaca, NY 14850 - Homes.com - [www.homes.com].png', 'IsDefault': True, 'AddedDateTime': '2025-08-22T15:12:09.896Z', 'listingId': 5393, 'PhotoUrl': 'https://images.listings.offcampusliving.cornell.edu/listings/5393/916 E Shore Dr, Ithaca, NY 14850 - Homes.com - [www.homes.com].png', 'SortOrder': 1}]",
5394,37,2025-08-25T00:00:00.000Z,12,228 Linden Avenue,02,Ithaca,14850,"Visit our website demosjohnnycollegetownrentals.com All Utilities INCLUDED (Heat, Gas, Electric, Internet, Hot & Cold Water, Garbage). Located close to the new Cornell SC Johnson College of Business."," Visit our website 
demosjohnnycollegetownrentals.com
Tour virtually our 30 Off Campus locations in the Heart of Collegetown Linden Ave, College Ave, Catherine Street, Blair Street, Eddy Street 
1, 2, 3, 4, 5, 6, 7, 8, 9 bedroom houses / apartments 
We have the perfect locations for Cornell Students who want to be Close To It All!!!
Located close to the new Cornell SC Johnson College of Business. ",1250,Price Per Person,No,"['Electricity Included', 'Electronic Payments Accepted', 'Furnished', 'Heat Included', 'Internet Available', 'Internet Included', 'Kitchen', 'Off-Street Parking Available', 'Near Bus Route', 'Laundry Facilities', 'Water Included']",No Preference,1,1,"['Fall Sublet', 'Graduate', 'Sabbatic Housing', 'Short-Term Housing', 'Spring Sublet', 'Staff/Faculty', 'Summer Sublet', 'Undergraduate']",Rent,42.44920266832641,-76.48401620139562,"{'lat': 42.44920266832641, 'lng': -76.48401620139562}",True,2025-09-23T00:00:00.000Z,True,Yes,2025-08-23T14:04:56.384Z,2025-08-23T14:08:23.873Z,228 LINDEN AVENUE,"[{'PhotoId': 42797, 'PhotoName': '228 Linden Ave Outside.JPG', 'IsDefault': True, 'AddedDateTime': '2025-08-23T14:08:51.370Z', 'listingId': 5394, 'PhotoUrl': 'https://images.listings.offcampusliving.cornell.edu/listings/5394/228 Linden Ave Outside.JPG', 'SortOrder': None}]","{""BuildingAddress"": ""228 LINDEN AVENUE"", ""OverallSafetyRating"": 8, ""CategoryScores"": [{""Fire Protection"": 0}, {""Notification Systems"": 0}, {""Emergency Egress"": 0}, {""Applicable Code"": 0}, {""Fire Extinguishers"": 0}, {""Construction Type"": 0}, {""Valid Certificate of Compliance"": 8}], ""OverallSafetyRatingAsPercentage"": 17, ""CategoryScoresAsPercentage"": [{""Fire Protection"": 0}, {""Notification Systems"": 0}, {""Emergency Egress"": 0}, {""Applicable Code"": 0}, {""Fire Extinguishers"": 0}, {""Construction Type"": 0}, {""Valid Certificate of Compliance"": 100}], ""SprinklerType"": [], ""FireExtinguisherCertificateExpiration"": null, ""NotificationSystem"": [{""subCategory"": ""Single Station Smoke Alarm"", ""notificationType"": ""Single Station Smoke Alarm"", ""notificationSystemCertificateExpiration"": ""2024-08-08""}, {""subCategory"": ""Fire Alarm System"", ""notificationType"": ""Fire Alarm System"", ""notificationSystemCertificateExpiration"": ""2024-08-06""}], ""HasValidCertificateOfOccupancy"": true, ""MeetsMinimumRequirements"": false, ""ExceedsRequirements"": false, ""HasFireResistantConstructionType"": false, ""SatisfiesApplicableCode"": false, ""CertificateExpirationDate"": ""2026-09-07T00:00:00.000Z"", ""DateLastUpdated"": ""2025-07-30T07:01:32.000Z""}"
5396,4565,2026-01-01T00:00:00.000Z,6,102 Highland Place,Apt 4,Ithaca,14850,Spacious single-bedroom apartment complete with a private outdoor deck.,"Amazing, huge second-floor apartment with access to its own private sundeck. High ceilings, big windows, and hardwood floors throughout. The bedroom is very big and has a beautiful bay window. Large living room with an enormous kitchen/dining area adjoining that includes laundry units, a dishwasher, and lots of cabinets and countertop space. The bathroom has a tub/shower. Off-street parking is available across the street.",2295,Price Per Unit,No,"['Electricity Included', 'Furnished', 'Heat Included', 'Internet Included', 'Kitchen', 'Laundry Facilities', 'Near Bus Route', 'Air Conditioning', 'Water Included', 'Off-Street Parking Available']",No Preference,1,1,['Spring Sublet'],Rent,42.44245123303123,-76.4888906534729,"{'lat': 42.44245123303123, 'lng': -76.4888906534729}",True,2026-01-24T00:00:00.000Z,True,Yes,2025-08-24T18:00:16.285Z,2025-08-24T18:04:35.063Z,102 HIGHLAND PLACE,"[{'PhotoId': 42831, 'PhotoName': 'Screenshot 2025-08-24 at 2.06.21 PM.png', 'IsDefault': True, 'AddedDateTime': '2025-08-24T18:09:01.525Z', 'listingId': 5396, 'PhotoUrl': 'https://images.listings.offcampusliving.cornell.edu/listings/5396/Screenshot 2025-08-24 at 2.06.21 PM.png', 'SortOrder': None}, {'PhotoId': 42832, 'PhotoName': 'Screenshot 2025-08-24 at 2.06.44 PM.png', 'IsDefault': False, 'AddedDateTime': '2025-08-24T18:09:02.804Z', 'listingId': 5396, 'PhotoUrl': 'https://images.listings.offcampusliving.cornell.edu/listings/5396/Screenshot 2025-08-24 at 2.06.44 PM.png', 'SortOrder': None}, {'PhotoId': 42833, 'PhotoName': 'Screenshot 2025-08-24 at 2.07.47 PM.png', 'IsDefault': False, 'AddedDateTime': '2025-08-24T18:09:13.798Z', 'listingId': 5396, 'PhotoUrl': 'https://images.listings.offcampusliving.cornell.edu/listings/5396/Screenshot 2025-08-24 at 2.07.47 PM.png', 'SortOrder': None}, {'PhotoId': 42834, 'PhotoName': 'Screenshot 2025-08-24 at 2.08.08 PM.png', 'IsDefault': False, 'AddedDateTime': '2025-08-24T18:09:44.496Z', 'listingId': 5396, 'PhotoUrl': 'https://images.listings.offcampusliving.cornell.edu/listings/5396/Screenshot 2025-08-24 at 2.08.08 PM.png', 'SortOrder': None}, {'PhotoId': 42835, 'PhotoName': 'Screenshot 2025-08-24 at 2.08.34 PM.png', 'IsDefault': False, 'AddedDateTime': '2025-08-24T18:09:45.490Z', 'listingId': 5396, 'PhotoUrl': 'https://images.listings.offcampusliving.cornell.edu/listings/5396/Screenshot 2025-08-24 at 2.08.34 PM.png', 'SortOrder': None}, {'PhotoId': 42836, 'PhotoName': 'Screenshot 2025-08-24 at 2.08.21 PM.png', 'IsDefault': False, 'AddedDateTime': '2025-08-24T18:09:46.186Z', 'listingId': 5396, 'PhotoUrl': 'https://images.listings.offcampusliving.cornell.edu/listings/5396/Screenshot 2025-08-24 at 2.08.21 PM.png', 'SortOrder': None}]","{""BuildingAddress"": ""102 HIGHLAND PLACE"", ""OverallSafetyRating"": 8, ""CategoryScores"": [{""Fire Protection"": 0}, {""Notification Systems"": 0}, {""Emergency Egress"": 0}, {""Applicable Code"": 0}, {""Fire Extinguishers"": 0}, {""Construction Type"": 0}, {""Valid Certificate of Compliance"": 8}], ""OverallSafetyRatingAsPercentage"": 17, ""CategoryScoresAsPercentage"": [{""Fire Protection"": 0}, {""Notification Systems"": 0}, {""Emergency Egress"": 0}, {""Applicable Code"": 0}, {""Fire Extinguishers"": 0}, {""Construction Type"": 0}, {""Valid Certificate of Compliance"": 100}], ""SprinklerType"": [], ""FireExtinguisherCertificateExpiration"": ""2023-09-15T00:00:00.000Z"", ""NotificationSystem"": [{""subCategory"": ""Single Station Smoke Alarm"", ""notificationType"": ""Single Station Smoke Alarm"", ""notificationSystemCertificateExpiration"": ""2024-02-06""}, {""subCategory"": ""Fire Alarm System"", ""notificationType"": ""Fire Alarm System"", ""notificationSystemCertificateExpiration"": ""2024-10-03""}], ""HasValidCertificateOfOccupancy"": true, ""MeetsMinimumRequirements"": false, ""ExceedsRequirements"": false, ""HasFireResistantConstructionType"": false, ""SatisfiesApplicableCode"": false, ""CertificateExpirationDate"": ""2026-03-06T00:00:00.000Z"", ""DateLastUpdated"": ""2025-07-30T07:01:13.000Z""}"
5398,4545,2026-01-01T00:00:00.000Z,5,210 College Avenue,517,Ithaca,14850,Studio apartment on 5th floor of Catherine Commons apartment complex. ,"Full kitchen, in-unit washer, and full bathroom. Looking for possible sublease for spring 2026 semester. Preference for graduate student or research student tenants.",2300,Price Per Unit,No,"['Air Conditioning', 'Electronic Payments Accepted', 'Furnished', 'Internet Available', 'Internet Included', 'Kitchen', 'Laundry Facilities', 'Near Bus Route', 'Permitted Street Parking Available', 'Water Included']",Female,studio,1,"['Graduate', 'Spring Sublet', 'Staff/Faculty', 'Short-Term Housing']",Rent,42.44017633572514,-76.48539332389188,"{'lat': 42.44017633572514, 'lng': -76.48539332389188}",True,2025-09-26T00:00:00.000Z,True,Yes,2025-08-24T19:50:30.118Z,2025-08-24T19:51:54.098Z,210 COLLEGE AVENUE,[],"{""BuildingAddress"": ""210 COLLEGE AVENUE"", ""OverallSafetyRating"": 0, ""CategoryScores"": [{""Fire Protection"": 0}, {""Notification Systems"": 0}, {""Emergency Egress"": 0}, {""Applicable Code"": 0}, {""Fire Extinguishers"": 0}, {""Construction Type"": 0}, {""Valid Certificate of Compliance"": 0}], ""OverallSafetyRatingAsPercentage"": 0, ""CategoryScoresAsPercentage"": [{""Fire Protection"": 0}, {""Notification Systems"": 0}, {""Emergency Egress"": 0}, {""Applicable Code"": 0}, {""Fire Extinguishers"": 0}, {""Construction Type"": 0}, {""Valid Certificate of Compliance"": 0}], ""SprinklerType"": [], ""FireExtinguisherCertificateExpiration"": null, ""NotificationSystem"": [], ""HasValidCertificateOfOccupancy"": false, ""MeetsMinimumRequirements"": false, ""ExceedsRequirements"": false, ""HasFireResistantConstructionType"": false, ""SatisfiesApplicableCode"": false, ""CertificateExpirationDate"": ""2021-02-26T00:00:00.000Z"", ""DateLastUpdated"": ""2025-07-30T07:02:14.000Z""}"
5400,4419,2025-12-22T00:00:00.000Z,5,403 College Avenue,2,Ithaca,14850,"Bright & Spacious Bedroom – Spring Sublease in Collegetown! Large and well furnished bedroom within 6 bedroom apartment with an optimal location near campus. 
","Bright & Spacious Bedroom – Spring Sublease in Collegetown!

Large, sunlit bedroom is available for sublease just steps from CTB and a quick 2 minute walk to Cornell’s campus!

About the Rooms:
-Fully furnished with full bed, dresser, desk, & chair etc..
-Big closet
-Window and radiator heater in every room
- Super clean and plenty of space

Apartment Perks:
- 2 full bathrooms
- Kitchen with lots of counter space (2 fridges)
- Washer and Dryer In-unit
- High Speed Wifi
- Dishwasher and fully equ",1100,Price Per Unit,No,"['Furnished', 'Internet Available', 'Kitchen', 'Laundry Facilities', 'Near Bus Route', 'Off-Street Parking Available', 'Water Included']",No Preference,1,2,['Spring Sublet'],Room to Rent,42.44195190019337,-76.48514360747909,"{'lat': 42.44195190019337, 'lng': -76.48514360747909}",True,2026-02-26T00:00:00.000Z,True,Yes,2025-08-26T15:07:16.464Z,2025-08-26T15:09:54.434Z,403 COLLEGE AVENUE,"[{'PhotoId': 42860, 'PhotoName': 'IMG_5129.JPG', 'IsDefault': True, 'AddedDateTime': '2025-08-26T15:13:47.968Z', 'listingId': 5400, 'PhotoUrl': 'https://images.listings.offcampusliving.cornell.edu/listings/5400/IMG_5129.JPG', 'SortOrder': 1}, {'PhotoId': 42855, 'PhotoName': 'IMG_9854.jpeg', 'IsDefault': False, 'AddedDateTime': '2025-08-26T15:13:41.654Z', 'listingId': 5400, 'PhotoUrl': 'https://images.listings.offcampusliving.cornell.edu/listings/5400/IMG_9854.jpeg', 'SortOrder': 2}, {'PhotoId': 42856, 'PhotoName': 'IMG_9855.jpeg', 'IsDefault': False, 'AddedDateTime': '2025-08-26T15:13:42.954Z', 'listingId': 5400, 'PhotoUrl': 'https://images.listings.offcampusliving.cornell.edu/listings/5400/IMG_9855.jpeg', 'SortOrder': 3}, {'PhotoId': 42857, 'PhotoName': 'IMG_9856.jpeg', 'IsDefault': False, 'AddedDateTime': '2025-08-26T15:13:44.392Z', 'listingId': 5400, 'PhotoUrl': 'https://images.listings.offcampusliving.cornell.edu/listings/5400/IMG_9856.jpeg', 'SortOrder': 4}, {'PhotoId': 42858, 'PhotoName': 'IMG_9857.jpeg', 'IsDefault': False, 'AddedDateTime': '2025-08-26T15:13:45.223Z', 'listingId': 5400, 'PhotoUrl': 'https://images.listings.offcampusliving.cornell.edu/listings/5400/IMG_9857.jpeg', 'SortOrder': 5}, {'PhotoId': 42859, 'PhotoName': 'IMG_9858.jpeg', 'IsDefault': False, 'AddedDateTime': '2025-08-26T15:13:46.113Z', 'listingId': 5400, 'PhotoUrl': 'https://images.listings.offcampusliving.cornell.edu/listings/5400/IMG_9858.jpeg', 'SortOrder': 6}, {'PhotoId': 42862, 'PhotoName': 'IMG_5131.JPG', 'IsDefault': False, 'AddedDateTime': '2025-08-26T15:13:51.602Z', 'listingId': 5400, 'PhotoUrl': 'https://images.listings.offcampusliving.cornell.edu/listings/5400/IMG_5131.JPG', 'SortOrder': 7}, {'PhotoId': 42863, 'PhotoName': 'IMG_5133.JPG', 'IsDefault': False, 'AddedDateTime': '2025-08-26T15:13:53.587Z', 'listingId': 5400, 'PhotoUrl': 'https://images.listings.offcampusliving.cornell.edu/listings/5400/IMG_5133.JPG', 'SortOrder': 8}, {'PhotoId': 42864, 'PhotoName': 'IMG_5134.JPG', 'IsDefault': False, 'AddedDateTime': '2025-08-26T15:13:55.469Z', 'listingId': 5400, 'PhotoUrl': 'https://images.listings.offcampusliving.cornell.edu/listings/5400/IMG_5134.JPG', 'SortOrder': 9}, {'PhotoId': 42861, 'PhotoName': 'IMG_5130.JPG', 'IsDefault': False, 'AddedDateTime': '2025-08-26T15:13:49.748Z', 'listingId': 5400, 'PhotoUrl': 'https://images.listings.offcampusliving.cornell.edu/listings/5400/IMG_5130.JPG', 'SortOrder': 10}, {'PhotoId': 42865, 'PhotoName': 'IMG_5135.JPG', 'IsDefault': False, 'AddedDateTime': '2025-08-26T15:13:57.395Z', 'listingId': 5400, 'PhotoUrl': 'https://images.listings.offcampusliving.cornell.edu/listings/5400/IMG_5135.JPG', 'SortOrder': 11}]","{""BuildingAddress"": ""403 COLLEGE AVENUE"", ""OverallSafetyRating"": 15, ""CategoryScores"": [{""Fire Protection"": 0}, {""Notification Systems"": 2}, {""Emergency Egress"": 0}, {""Applicable Code"": 0}, {""Fire Extinguishers"": 0}, {""Construction Type"": 5}, {""Valid Certificate of Compliance"": 8}], ""OverallSafetyRatingAsPercentage"": 32, ""CategoryScoresAsPercentage"": [{""Fire Protection"": 0}, {""Notification Systems"": 33}, {""Emergency Egress"": 0}, {""Applicable Code"": 0}, {""Fire Extinguishers"": 0}, {""Construction Type"": 41}, {""Valid Certificate of Compliance"": 100}], ""SprinklerType"": [{""sprinklerType"": ""NFPA 13 Sprinkler System"", ""sprinklerCertificateExpiration"": ""2025-03-17""}], ""FireExtinguisherCertificateExpiration"": ""2025-02-28T00:00:00.000Z"", ""NotificationSystem"": [{""subCategory"": ""Single Station Smoke Alarm"", ""notificationType"": ""Single Station Smoke Alarm"", ""notificationSystemCertificateExpiration"": ""2025-03-26""}, {""subCategory"": ""Fire Alarm System"", ""notificationType"": ""Fire Alarm System"", ""notificationSystemCertificateExpiration"": ""2025-11-18""}], ""HasValidCertificateOfOccupancy"": true, ""MeetsMinimumRequirements"": false, ""ExceedsRequirements"": false, ""HasFireResistantConstructionType"": false, ""SatisfiesApplicableCode"": false, ""CertificateExpirationDate"": ""2027-12-05T00:00:00.000Z"", ""DateLastUpdated"": ""2025-07-30T07:01:39.000Z""}"
