ListingId,accountId,DateAvailable,LengthAvailable,ListingAddress,UnitNumber,ListingCity,ListingZip,ShortDescription,LongDescription,RentAmount,RentType,Pets,Amenities,GenderPreference,Bedrooms,Bathrooms,ListingTypes,HousingType,GmapLatitude,GmapLongitude,Coordinates,LocationConfirmed,ListingExpirationDate,Active,ListingWithinCity,CreateDate,LastUpdated,safetyRatingAddress,ListingPhotos,SafetyRatings
239,229,2026-08-20T00:00:00.000Z,12,312-24 THURSTON AVENUE,D2,Ithaca,14850,"4 Bedroom Apartment, 5 minute walk from center of campus.  Fully furnished and has two full bathrooms. Max occupancy is 6 people.","Fully Furnished, coin operated laundry in building.  Kitchen has dishwasher, microwave range hood, stove, and refrigerator. Call or email for tour.  Check spam folder if no response to email inquiry.",3900,Price Per Unit,Yes,"['Furnished', 'Internet Available', 'Kitchen', 'Laundry Facilities', 'Near Bus Route', 'Off-Street Parking Available']",No Preference,4,2,"['Undergraduate', 'Staff/Faculty', 'Graduate']",Rent,42.45434955636678,-76.48593552305846,"{'lat': 42.45434955636678, 'lng': -76.48593552305846}",True,2026-01-22T00:00:00.000Z,True,Yes,2021-11-29T15:20:08.153Z,2025-09-22T17:26:28.034Z,312-24 THURSTON AVENUE,"[{'PhotoId': 1111, 'PhotoName': 'photo 2.JPG', 'IsDefault': True, 'AddedDateTime': '2017-05-01T17:57:56.000Z', 'listingId': 239, 'PhotoUrl': 'https://images.listings.offcampusliving.cornell.edu/listings/239/photo 2.JPG', 'SortOrder': None}, {'PhotoId': 1110, 'PhotoName': 'photo 1.JPG', 'IsDefault': False, 'AddedDateTime': '2017-05-01T17:57:45.000Z', 'listingId': 239, 'PhotoUrl': 'https://images.listings.offcampusliving.cornell.edu/listings/239/photo 1.JPG', 'SortOrder': None}, {'PhotoId': 1112, 'PhotoName': 'photo 3.JPG', 'IsDefault': False, 'AddedDateTime': '2017-05-01T17:58:03.000Z', 'listingId': 239, 'PhotoUrl': 'https://images.listings.offcampusliving.cornell.edu/listings/239/photo 3.JPG', 'SortOrder': None}, {'PhotoId': 1113, 'PhotoName': 'photo 4.JPG', 'IsDefault': False, 'AddedDateTime': '2017-05-01T17:58:12.000Z', 'listingId': 239, 'PhotoUrl': 'https://images.listings.offcampusliving.cornell.edu/listings/239/photo 4.JPG', 'SortOrder': None}, {'PhotoId': 1114, 'PhotoName': 'photo 5.JPG', 'IsDefault': False, 'AddedDateTime': '2017-05-01T17:58:25.000Z', 'listingId': 239, 'PhotoUrl': 'https://images.listings.offcampusliving.cornell.edu/listings/239/photo 5.JPG', 'SortOrder': None}]","{""BuildingAddress"": ""312-24 THURSTON AVENUE"", ""OverallSafetyRating"": 8, ""CategoryScores"": [{""Fire Protection"": 0}, {""Notification Systems"": 0}, {""Emergency Egress"": 0}, {""Applicable Code"": 0}, {""Fire Extinguishers"": 0}, {""Construction Type"": 0}, {""Valid Certificate of Compliance"": 8}], ""OverallSafetyRatingAsPercentage"": 17, ""CategoryScoresAsPercentage"": [{""Fire Protection"": 0}, {""Notification Systems"": 0}, {""Emergency Egress"": 0}, {""Applicable Code"": 0}, {""Fire Extinguishers"": 0}, {""Construction Type"": 0}, {""Valid Certificate of Compliance"": 100}], ""SprinklerType"": [], ""FireExtinguisherCertificateExpiration"": null, ""NotificationSystem"": [{""subCategory"": ""Single Station Smoke Alarm"", ""notificationType"": ""Single Station Smoke Alarm"", ""notificationSystemCertificateExpiration"": ""2025-05-13""}], ""HasValidCertificateOfOccupancy"": true, ""MeetsMinimumRequirements"": false, ""ExceedsRequirements"": false, ""HasFireResistantConstructionType"": false, ""SatisfiesApplicableCode"": false, ""CertificateExpirationDate"": ""2027-06-16T00:00:00.000Z"", ""DateLastUpdated"": ""2025-10-19T07:01:49.000Z""}"
348,71,2025-10-10T00:00:00.000Z,12,208 GENEVA STREET S,208-#2,Ithaca,14850,"Lease - Roomy, Bright, Fully Furnished 2 Bedroom Apartment Downtown, Internet & Gas included. Close to bus stop to Cornell & Intercity buses. Cable ready. Close to restaurants and shopping areas.","Two Bedroom Apt - $1360.00/month

- 2 Bedroom Apt fully furnished 

- 2 Queen size beds. 

- High-speed internet &

- Gas included

- Close to the Commons and 

- 4 mins to the bus stop to Cornell and inter-city buses to N Y etc.

- Cable ready,
 
- Off-street parking available

- Very close to shopping areas:grocery, books and clothing. 
 
- 3 mins walk to excellent dining & theaters. 

It is perfect for anyone looking for a quiet apartment in a convenient location in Ithaca.
",1360,Price Per Unit,No,"['Air Conditioning', 'Electronic Payments Accepted ', 'Furnished', 'Heat Included', 'Internet Included', 'Kitchen', 'Near Bus Route', 'Off-Street Parking Available', 'Internet Available']",No Preference,2,1,"['Graduate', 'Sabbatic Housing', 'Fall Sublet']",Rent,42.43750376009018,-76.50077735772024,"{'lat': 42.43750376009018, 'lng': -76.50077735772024}",True,2025-11-02T00:00:00.000Z,True,Yes,2021-11-29T15:20:11.691Z,2025-10-09T19:00:41.575Z,208 GENEVA STREET S,"[{'PhotoId': 41475, 'PhotoName': 'IMG_3086.jpeg', 'IsDefault': True, 'AddedDateTime': '2025-06-08T21:33:58.707Z', 'listingId': 348, 'PhotoUrl': 'https://images.listings.offcampusliving.cornell.edu/listings/348/IMG_3086.jpeg', 'SortOrder': 1}, {'PhotoId': 41480, 'PhotoName': 'IMG_3087.jpeg', 'IsDefault': False, 'AddedDateTime': '2025-06-08T21:51:09.073Z', 'listingId': 348, 'PhotoUrl': 'https://images.listings.offcampusliving.cornell.edu/listings/348/IMG_3087.jpeg', 'SortOrder': 2}, {'PhotoId': 41476, 'PhotoName': 'IMG_3088.jpeg', 'IsDefault': False, 'AddedDateTime': '2025-06-08T21:40:35.696Z', 'listingId': 348, 'PhotoUrl': 'https://images.listings.offcampusliving.cornell.edu/listings/348/IMG_3088.jpeg', 'SortOrder': 3}, {'PhotoId': 41471, 'PhotoName': 'IMG_3077.jpeg', 'IsDefault': False, 'AddedDateTime': '2025-06-08T21:26:00.825Z', 'listingId': 348, 'PhotoUrl': 'https://images.listings.offcampusliving.cornell.edu/listings/348/IMG_3077.jpeg', 'SortOrder': 5}, {'PhotoId': 41474, 'PhotoName': 'IMG_3100.jpeg', 'IsDefault': False, 'AddedDateTime': '2025-06-08T21:30:20.377Z', 'listingId': 348, 'PhotoUrl': 'https://images.listings.offcampusliving.cornell.edu/listings/348/IMG_3100.jpeg', 'SortOrder': 6}, {'PhotoId': 41478, 'PhotoName': 'IMG_3089.jpeg', 'IsDefault': False, 'AddedDateTime': '2025-06-08T21:43:21.040Z', 'listingId': 348, 'PhotoUrl': 'https://images.listings.offcampusliving.cornell.edu/listings/348/IMG_3089.jpeg', 'SortOrder': 7}, {'PhotoId': 41477, 'PhotoName': 'IMG_3091.jpeg', 'IsDefault': False, 'AddedDateTime': '2025-06-08T21:42:42.998Z', 'listingId': 348, 'PhotoUrl': 'https://images.listings.offcampusliving.cornell.edu/listings/348/IMG_3091.jpeg', 'SortOrder': 8}, {'PhotoId': 41473, 'PhotoName': 'IMG_3093.jpeg', 'IsDefault': False, 'AddedDateTime': '2025-06-08T21:28:49.554Z', 'listingId': 348, 'PhotoUrl': 'https://images.listings.offcampusliving.cornell.edu/listings/348/IMG_3093.jpeg', 'SortOrder': 9}, {'PhotoId': 41472, 'PhotoName': 'IMG_3082.jpeg', 'IsDefault': False, 'AddedDateTime': '2025-06-08T21:27:18.024Z', 'listingId': 348, 'PhotoUrl': 'https://images.listings.offcampusliving.cornell.edu/listings/348/IMG_3082.jpeg', 'SortOrder': 10}]","{""BuildingAddress"": ""208 GENEVA STREET S"", ""OverallSafetyRating"": 8, ""CategoryScores"": [{""Fire Protection"": 0}, {""Notification Systems"": 0}, {""Emergency Egress"": 0}, {""Applicable Code"": 0}, {""Fire Extinguishers"": 0}, {""Construction Type"": 0}, {""Valid Certificate of Compliance"": 8}], ""OverallSafetyRatingAsPercentage"": 17, ""CategoryScoresAsPercentage"": [{""Fire Protection"": 0}, {""Notification Systems"": 0}, {""Emergency Egress"": 0}, {""Applicable Code"": 0}, {""Fire Extinguishers"": 0}, {""Construction Type"": 0}, {""Valid Certificate of Compliance"": 100}], ""SprinklerType"": [], ""FireExtinguisherCertificateExpiration"": ""2023-10-16T00:00:00.000Z"", ""NotificationSystem"": [{""subCategory"": ""Single Station Smoke Alarm"", ""notificationType"": ""Single Station Smoke Alarm"", ""notificationSystemCertificateExpiration"": ""2023-10-23""}, {""subCategory"": ""Fire Alarm System"", ""notificationType"": ""Fire Alarm System"", ""notificationSystemCertificateExpiration"": ""2023-10-16""}], ""HasValidCertificateOfOccupancy"": true, ""MeetsMinimumRequirements"": false, ""ExceedsRequirements"": false, ""HasFireResistantConstructionType"": false, ""SatisfiesApplicableCode"": false, ""CertificateExpirationDate"": ""2025-10-23T00:00:00.000Z"", ""DateLastUpdated"": ""2025-10-19T07:01:41.000Z""}"
490,415,2026-08-05T00:00:00.000Z,12,410 STEWART AVENUE,1,Ithaca,14850,3 Bedroom Apartment for rent 2026-2027,"Furnished 3-bedroom apartment, short walk to Cornell campus. Laundry on premise, bus stop right across the street. Rent is $785 per room, which includes all utilities.",785,Price Per Person,No,"['Electricity Included', 'Furnished', 'Heat Included', 'Internet Available', 'Kitchen', 'Laundry Facilities', 'Near Bus Route', 'Off-Street Parking Available', 'Permitted Street Parking Available ', 'Water Included']",No Preference,3,1,"['Undergraduate', 'Graduate']",Rent,42.44292966435498,-76.49094074636099,"{'lat': 42.44292966435498, 'lng': -76.49094074636099}",True,2026-01-31T00:00:00.000Z,True,Yes,2021-11-29T15:20:16.640Z,2025-09-06T18:27:10.285Z,410 STEWART AVENUE,"[{'PhotoId': 42889, 'PhotoName': 'Screenshot 2025-08-31 151402.png', 'IsDefault': True, 'AddedDateTime': '2025-08-31T19:14:19.291Z', 'listingId': 490, 'PhotoUrl': 'https://images.listings.offcampusliving.cornell.edu/listings/490/Screenshot 2025-08-31 151402.png', 'SortOrder': None}, {'PhotoId': 2546, 'PhotoName': 'placeholder.jpg', 'IsDefault': False, 'AddedDateTime': '2017-07-06T03:11:14.000Z', 'listingId': 490, 'PhotoUrl': 'https://images.listings.offcampusliving.cornell.edu/listings/placeholder.jpg', 'SortOrder': None}]","{""BuildingAddress"": ""410 STEWART AVENUE"", ""OverallSafetyRating"": 8, ""CategoryScores"": [{""Fire Protection"": 0}, {""Notification Systems"": 0}, {""Emergency Egress"": 0}, {""Applicable Code"": 0}, {""Fire Extinguishers"": 0}, {""Construction Type"": 0}, {""Valid Certificate of Compliance"": 8}], ""OverallSafetyRatingAsPercentage"": 17, ""CategoryScoresAsPercentage"": [{""Fire Protection"": 0}, {""Notification Systems"": 0}, {""Emergency Egress"": 0}, {""Applicable Code"": 0}, {""Fire Extinguishers"": 0}, {""Construction Type"": 0}, {""Valid Certificate of Compliance"": 100}], ""SprinklerType"": [], ""FireExtinguisherCertificateExpiration"": null, ""NotificationSystem"": [{""subCategory"": ""Single Station Smoke Alarm"", ""notificationType"": ""Single Station Smoke Alarm"", ""notificationSystemCertificateExpiration"": ""2023-12-05""}, {""subCategory"": ""Fire Alarm System"", ""notificationType"": ""Fire Alarm System"", ""notificationSystemCertificateExpiration"": ""2025-01-01""}], ""HasValidCertificateOfOccupancy"": true, ""MeetsMinimumRequirements"": true, ""ExceedsRequirements"": false, ""HasFireResistantConstructionType"": false, ""SatisfiesApplicableCode"": false, ""CertificateExpirationDate"": ""2026-01-08T00:00:00.000Z"", ""DateLastUpdated"": ""2025-10-19T07:01:54.000Z""}"
626,37,2026-08-05T00:00:00.000Z,12,230 LINDEN AVENUE,03,Ithaca,14850,"Visit https://www.demosjohnnycollegetownrentals.com for more 1 BRs. Utilities INCLUDED (Heat, High Speed Internet, Wi-Fi, Hot and Cold Water, Garbage),  Fully Furnished, Laundry Room.
","Visit https://www.demosjohnnycollegetownrentals.com for more 1 Bedrooms. Utilities INCLUDED (Heat, High-Speed Internet, Wi-Fi, Hot and Cold Water, Garbage), Fully Furnished, Laundry Room, Located near the new Cornell SC Johnson College of Business. This house is in the Heart of Collegetown. Private Laundry Room. It is the perfect location for Cornell Students who want to be Close to It All!",1500,Price Per Unit,No,"['Electronic Payments Accepted ', 'Furnished', 'Heat Included', 'Internet Available', 'Internet Included', 'Kitchen', 'Laundry Facilities', 'Near Bus Route', 'Off-Street Parking Available', 'Off-Street Parking Included', 'Permitted Street Parking Available ', 'Water Included', 'Electronic Payments Accepted']",No Preference,1,1,"['Graduate', 'Undergraduate']",Rent,42.44062009221917,-76.4843820235284,"{'lat': 42.44062009221917, 'lng': -76.4843820235284}",True,2025-10-31T00:00:00.000Z,True,Yes,2021-11-29T15:20:21.256Z,2025-09-25T14:17:12.921Z,230 LINDEN AVENUE,"[{'PhotoId': 8068, 'PhotoName': '230 Linden Avenue Outside.jpg', 'IsDefault': True, 'AddedDateTime': '2018-07-15T08:56:20.000Z', 'listingId': 626, 'PhotoUrl': 'https://images.listings.offcampusliving.cornell.edu/listings/626/230 Linden Avenue Outside.jpg', 'SortOrder': None}]","{""BuildingAddress"": ""230 LINDEN AVENUE"", ""OverallSafetyRating"": 8, ""CategoryScores"": [{""Fire Protection"": 0}, {""Notification Systems"": 0}, {""Emergency Egress"": 0}, {""Applicable Code"": 0}, {""Fire Extinguishers"": 0}, {""Construction Type"": 0}, {""Valid Certificate of Compliance"": 8}], ""OverallSafetyRatingAsPercentage"": 17, ""CategoryScoresAsPercentage"": [{""Fire Protection"": 0}, {""Notification Systems"": 0}, {""Emergency Egress"": 0}, {""Applicable Code"": 0}, {""Fire Extinguishers"": 0}, {""Construction Type"": 0}, {""Valid Certificate of Compliance"": 100}], ""SprinklerType"": [{""sprinklerType"": ""NFPA 13R Sprinkler System"", ""sprinklerCertificateExpiration"": ""2024-06-20""}], ""FireExtinguisherCertificateExpiration"": null, ""NotificationSystem"": [{""subCategory"": ""Single Station Smoke Alarm"", ""notificationType"": ""Single Station Smoke Alarm"", ""notificationSystemCertificateExpiration"": ""2024-08-08""}], ""HasValidCertificateOfOccupancy"": true, ""MeetsMinimumRequirements"": false, ""ExceedsRequirements"": false, ""HasFireResistantConstructionType"": false, ""SatisfiesApplicableCode"": false, ""CertificateExpirationDate"": ""2026-09-07T00:00:00.000Z"", ""DateLastUpdated"": ""2025-10-19T07:01:46.000Z""}"
689,331,2026-06-12T00:00:00.000Z,12,209 COLLEGE AVENUE,1,Ithaca,14850,5 Minute Walk to Cornell; GrandView House Local Landmark,Spectacular 1880s Renovated GrandView House; 5 Minute Walk to Cornell; Laundry Room on Premises; Fully Furnished; Spacious,1105,Price Per Person,No,"['Furnished', 'Heat Included', 'Kitchen', 'Laundry Facilities', 'Near Bus Route', 'Off-Street Parking Available', 'Water Included', 'Internet Available', 'Electronic Payments Accepted']",No Preference,5,2.5,"['Undergraduate', 'Graduate']",Rent,42.44034997408749,-76.48441320402593,"{'lat': 42.44034997408749, 'lng': -76.48441320402593}",True,2025-12-01T00:00:00.000Z,True,Yes,2021-11-29T15:20:23.486Z,2025-10-01T16:05:39.317Z,209 COLLEGE AVENUE,"[{'PhotoId': 3573, 'PhotoName': '209CollegeAve3.jpg', 'IsDefault': True, 'AddedDateTime': '2017-09-26T14:31:55.000Z', 'listingId': 689, 'PhotoUrl': 'https://images.listings.offcampusliving.cornell.edu/listings/689/209CollegeAve3.jpg', 'SortOrder': None}, {'PhotoId': 42962, 'PhotoName': '209-College-Apt.-11 (1).jpg', 'IsDefault': False, 'AddedDateTime': '2025-09-04T19:52:08.329Z', 'listingId': 689, 'PhotoUrl': 'https://images.listings.offcampusliving.cornell.edu/listings/689/209-College-Apt.-11 (1).jpg', 'SortOrder': None}]","{""BuildingAddress"": ""209 COLLEGE AVENUE"", ""OverallSafetyRating"": 8, ""CategoryScores"": [{""Fire Protection"": 0}, {""Notification Systems"": 0}, {""Emergency Egress"": 0}, {""Applicable Code"": 0}, {""Fire Extinguishers"": 0}, {""Construction Type"": 0}, {""Valid Certificate of Compliance"": 8}], ""OverallSafetyRatingAsPercentage"": 17, ""CategoryScoresAsPercentage"": [{""Fire Protection"": 0}, {""Notification Systems"": 0}, {""Emergency Egress"": 0}, {""Applicable Code"": 0}, {""Fire Extinguishers"": 0}, {""Construction Type"": 0}, {""Valid Certificate of Compliance"": 100}], ""SprinklerType"": [{""sprinklerType"": ""NFPA 13R Sprinkler System"", ""sprinklerCertificateExpiration"": ""2023-05-23""}], ""FireExtinguisherCertificateExpiration"": ""2025-01-31T00:00:00.000Z"", ""NotificationSystem"": [{""subCategory"": ""Single Station Smoke Alarm"", ""notificationType"": ""Single Station Smoke Alarm"", ""notificationSystemCertificateExpiration"": ""2025-09-23""}, {""subCategory"": ""Fire Alarm System"", ""notificationType"": ""Fire Alarm System"", ""notificationSystemCertificateExpiration"": ""2023-10-26""}], ""HasValidCertificateOfOccupancy"": true, ""MeetsMinimumRequirements"": false, ""ExceedsRequirements"": false, ""HasFireResistantConstructionType"": false, ""SatisfiesApplicableCode"": false, ""CertificateExpirationDate"": ""2028-02-24T00:00:00.000Z"", ""DateLastUpdated"": ""2025-10-19T07:01:41.000Z""}"
694,331,2026-06-05T00:00:00.000Z,12,608 BUFFALO STREET E,6,Ithaca,14850,4 Blocks to Cornell Campus; Full Furnished; Many Renovations,"Tenant Bonus on this unit!
Handsome Arts and Crafts House; Many Renovations; Fully Furnished; Laundry Room on Premises; Picnic and BBQ Area; Reserved Parking Available",965,Price Per Person,No,"['Furnished', 'Heat Included', 'Internet Available', 'Kitchen', 'Laundry Facilities', 'Near Bus Route', 'Off-Street Parking Available', 'Water Included', 'Electronic Payments Accepted', 'Electricity Included']",No Preference,5,2,"['Undergraduate', 'Graduate', 'Short-Term Housing', 'Spring Sublet']",Rent,42.44128029162755,-76.48975666989715,"{'lat': 42.44128029162755, 'lng': -76.48975666989715}",True,2025-11-04T00:00:00.000Z,True,Yes,2021-11-29T15:20:23.707Z,2025-09-04T19:58:46.976Z,608 BUFFALO STREET E,"[{'PhotoId': 3583, 'PhotoName': '608E.BuffaloStreet1.gif', 'IsDefault': True, 'AddedDateTime': '2017-09-26T14:42:57.000Z', 'listingId': 694, 'PhotoUrl': 'https://images.listings.offcampusliving.cornell.edu/listings/694/608E.BuffaloStreet1.gif', 'SortOrder': None}, {'PhotoId': 42963, 'PhotoName': 'E-Buffalo-Apt-6-Floor-Plan.jpg', 'IsDefault': False, 'AddedDateTime': '2025-09-04T20:00:07.609Z', 'listingId': 694, 'PhotoUrl': 'https://images.listings.offcampusliving.cornell.edu/listings/694/E-Buffalo-Apt-6-Floor-Plan.jpg', 'SortOrder': None}]","{""BuildingAddress"": ""608 BUFFALO STREET E"", ""OverallSafetyRating"": 8, ""CategoryScores"": [{""Fire Protection"": 0}, {""Notification Systems"": 0}, {""Emergency Egress"": 0}, {""Applicable Code"": 0}, {""Fire Extinguishers"": 0}, {""Construction Type"": 0}, {""Valid Certificate of Compliance"": 8}], ""OverallSafetyRatingAsPercentage"": 17, ""CategoryScoresAsPercentage"": [{""Fire Protection"": 0}, {""Notification Systems"": 0}, {""Emergency Egress"": 0}, {""Applicable Code"": 0}, {""Fire Extinguishers"": 0}, {""Construction Type"": 0}, {""Valid Certificate of Compliance"": 100}], ""SprinklerType"": [], ""FireExtinguisherCertificateExpiration"": ""2024-01-31T00:00:00.000Z"", ""NotificationSystem"": [{""subCategory"": ""Single Station Smoke Alarm"", ""notificationType"": ""Single Station Smoke Alarm"", ""notificationSystemCertificateExpiration"": ""2024-01-31""}, {""subCategory"": ""Fire Alarm System"", ""notificationType"": ""Fire Alarm System"", ""notificationSystemCertificateExpiration"": ""2023-10-26""}], ""HasValidCertificateOfOccupancy"": true, ""MeetsMinimumRequirements"": false, ""ExceedsRequirements"": false, ""HasFireResistantConstructionType"": false, ""SatisfiesApplicableCode"": false, ""CertificateExpirationDate"": ""2026-02-08T00:00:00.000Z"", ""DateLastUpdated"": ""2025-10-19T07:02:05.000Z""}"
815,640,2025-10-01T00:00:00.000Z,12,1249 Trumansburg Rd,3,Ithaca,14850,2 bedroom Apartment ,"2-bedroom apartment, nice, upgraded appliances, Laundry, free parking, Intercom for Secure building and nice views, close to Hospital. Grad students or Professionals preferred, very quiet and laundry on property $1500 Plus Utilities",1500,Price Per Unit,Yes,"['Internet Available', 'Kitchen', 'Laundry Facilities', 'Off-Street Parking Included', 'Water Included', 'Air Conditioning', 'Near Bus Route']",No Preference,2,2,"['Graduate', 'Staff/Faculty', 'Undergraduate']",Rent,42.46444067565369,-76.53351954287129,"{'lat': 42.46444067565369, 'lng': -76.53351954287129}",True,2025-11-10T00:00:00.000Z,True,No,2021-11-29T15:20:29.031Z,2025-09-19T05:36:17.610Z,,"[{'PhotoId': 4242, 'PhotoName': 'IMG_2202.JPG', 'IsDefault': True, 'AddedDateTime': '2017-11-12T20:43:53.000Z', 'listingId': 815, 'PhotoUrl': 'https://images.listings.offcampusliving.cornell.edu/listings/815/IMG_2202.JPG', 'SortOrder': None}, {'PhotoId': 42621, 'PhotoName': 'tburgrdfronte65aaf43-b9dd-45ca-8a19-ddc67e4c67ea.jpg', 'IsDefault': False, 'AddedDateTime': '2025-08-10T17:30:12.762Z', 'listingId': 815, 'PhotoUrl': 'https://images.listings.offcampusliving.cornell.edu/listings/815/tburgrdfronte65aaf43-b9dd-45ca-8a19-ddc67e4c67ea.jpg', 'SortOrder': None}, {'PhotoId': 42622, 'PhotoName': 'tburgrdsideentranced3b7298b-a669-462c-8fe1-9efed6302b97.jpg', 'IsDefault': False, 'AddedDateTime': '2025-08-10T17:30:31.977Z', 'listingId': 815, 'PhotoUrl': 'https://images.listings.offcampusliving.cornell.edu/listings/815/tburgrdsideentranced3b7298b-a669-462c-8fe1-9efed6302b97.jpg', 'SortOrder': None}, {'PhotoId': 42623, 'PhotoName': 'tburgrd3jffjjkgbdgs99ba60c3-6847-4951-9506-9941cb6119ef.jpg', 'IsDefault': False, 'AddedDateTime': '2025-08-10T17:30:47.273Z', 'listingId': 815, 'PhotoUrl': 'https://images.listings.offcampusliving.cornell.edu/listings/815/tburgrd3jffjjkgbdgs99ba60c3-6847-4951-9506-9941cb6119ef.jpg', 'SortOrder': None}, {'PhotoId': 42624, 'PhotoName': 'tburgrd3ijhhcv59ee75b5-5a40-475d-a8d5-6008b65bce32.jpg', 'IsDefault': False, 'AddedDateTime': '2025-08-10T17:31:03.542Z', 'listingId': 815, 'PhotoUrl': 'https://images.listings.offcampusliving.cornell.edu/listings/815/tburgrd3ijhhcv59ee75b5-5a40-475d-a8d5-6008b65bce32.jpg', 'SortOrder': None}, {'PhotoId': 42625, 'PhotoName': 'tburgrd30gjdgc294c565-c1ac-4b1e-98ae-300dedb3c41a.jpg', 'IsDefault': False, 'AddedDateTime': '2025-08-10T17:31:30.005Z', 'listingId': 815, 'PhotoUrl': 'https://images.listings.offcampusliving.cornell.edu/listings/815/tburgrd30gjdgc294c565-c1ac-4b1e-98ae-300dedb3c41a.jpg', 'SortOrder': None}, {'PhotoId': 42626, 'PhotoName': 'tburgrd3smxc nva9dd09fd-0593-407b-8678-6a2e901eab25.jpg', 'IsDefault': False, 'AddedDateTime': '2025-08-10T17:31:51.686Z', 'listingId': 815, 'PhotoUrl': 'https://images.listings.offcampusliving.cornell.edu/listings/815/tburgrd3smxc nva9dd09fd-0593-407b-8678-6a2e901eab25.jpg', 'SortOrder': None}, {'PhotoId': 42627, 'PhotoName': 'tburgrd3242441f5ca58-edb1-4fe0-9813-ba4f9e6a7c00.jpg', 'IsDefault': False, 'AddedDateTime': '2025-08-10T17:32:14.210Z', 'listingId': 815, 'PhotoUrl': 'https://images.listings.offcampusliving.cornell.edu/listings/815/tburgrd3242441f5ca58-edb1-4fe0-9813-ba4f9e6a7c00.jpg', 'SortOrder': None}]",
817,331,2026-06-18T00:00:00.000Z,12,608 BUFFALO STREET E,1,Ithaca,14850,4 Blocks to Cornell Campus; Full Furnished; Tenant Bonus on this unit!,Handsome Arts and Crafts House; Many Renovations; Fully Furnished; Laundry Room on Premises; Heat and Water Included; Picnic and BBQ Area; Reserved Parking Available,940,Price Per Person,No,"['Furnished', 'Heat Included', 'Internet Available', 'Kitchen', 'Laundry Facilities', 'Near Bus Route', 'Off-Street Parking Available', 'Water Included', 'Electronic Payments Accepted']",No Preference,4,2,"['Undergraduate', 'Graduate']",Rent,42.44209585541194,-76.49005525807581,"{'lat': 42.44209585541194, 'lng': -76.49005525807581}",True,2025-11-04T00:00:00.000Z,True,Yes,2021-11-29T15:20:29.092Z,2025-09-04T20:04:06.779Z,608 BUFFALO STREET E,"[{'PhotoId': 4251, 'PhotoName': '608E.BuffaloStreet1.gif', 'IsDefault': True, 'AddedDateTime': '2017-11-13T18:19:15.000Z', 'listingId': 817, 'PhotoUrl': 'https://images.listings.offcampusliving.cornell.edu/listings/817/608E.BuffaloStreet1.gif', 'SortOrder': None}, {'PhotoId': 42964, 'PhotoName': 'F.P.608EBuffApt1.jpg', 'IsDefault': False, 'AddedDateTime': '2025-09-04T20:04:36.006Z', 'listingId': 817, 'PhotoUrl': 'https://images.listings.offcampusliving.cornell.edu/listings/817/F.P.608EBuffApt1.jpg', 'SortOrder': None}]","{""BuildingAddress"": ""608 BUFFALO STREET E"", ""OverallSafetyRating"": 8, ""CategoryScores"": [{""Fire Protection"": 0}, {""Notification Systems"": 0}, {""Emergency Egress"": 0}, {""Applicable Code"": 0}, {""Fire Extinguishers"": 0}, {""Construction Type"": 0}, {""Valid Certificate of Compliance"": 8}], ""OverallSafetyRatingAsPercentage"": 17, ""CategoryScoresAsPercentage"": [{""Fire Protection"": 0}, {""Notification Systems"": 0}, {""Emergency Egress"": 0}, {""Applicable Code"": 0}, {""Fire Extinguishers"": 0}, {""Construction Type"": 0}, {""Valid Certificate of Compliance"": 100}], ""SprinklerType"": [], ""FireExtinguisherCertificateExpiration"": ""2024-01-31T00:00:00.000Z"", ""NotificationSystem"": [{""subCategory"": ""Single Station Smoke Alarm"", ""notificationType"": ""Single Station Smoke Alarm"", ""notificationSystemCertificateExpiration"": ""2024-01-31""}, {""subCategory"": ""Fire Alarm System"", ""notificationType"": ""Fire Alarm System"", ""notificationSystemCertificateExpiration"": ""2023-10-26""}], ""HasValidCertificateOfOccupancy"": true, ""MeetsMinimumRequirements"": false, ""ExceedsRequirements"": false, ""HasFireResistantConstructionType"": false, ""SatisfiesApplicableCode"": false, ""CertificateExpirationDate"": ""2026-02-08T00:00:00.000Z"", ""DateLastUpdated"": ""2025-10-19T07:02:05.000Z""}"
1056,594,2026-08-01T00:00:00.000Z,12,"505 Wyckoff, 2",2,Ithaca,14850,"Lovely four bedroom apartment, two bath,  North Campus. $825 each. Very spacious, ideal location.  Beautiful wooded area close to Cornell, 2026/2027 Academic Year! Great place to call home!






","A perfect spacious apartment for 4 friends. Large common space. Parking.  House adjacent to bus stop. Laundry in building. Safety compliance.  Everything included: heat, electricity, water,  wifi, furnished.  We can email you a video of apartment. Lease starts in August 1, 2026 for a year. Big yard, picnic bench next to a creek. Delightful walk to campus.  7 minute walk to Arts Quad, 10 minute walk to Ag Quad.  Attentive Landlords. ",825,Price Per Person,No,"['Electricity Included', 'Electronic Payments Accepted ', 'Furnished', 'Heat Included', 'Internet Included', 'Kitchen', 'Laundry Facilities', 'Near Bus Route', 'Water Included', 'Off-Street Parking Available']",No Preference,4,2,"['Graduate', 'Undergraduate', 'Staff/Faculty']",Room to Rent,42.45636721242747,-76.48689344348,"{'lat': 42.45636721242747, 'lng': -76.48689344348}",True,2025-10-28T00:00:00.000Z,True,No,2021-11-29T15:20:39.761Z,2025-09-28T11:12:54.807Z,,"[{'PhotoId': 5578, 'PhotoName': 'Bedroom 1.jpg', 'IsDefault': True, 'AddedDateTime': '2018-03-02T17:16:12.000Z', 'listingId': 1056, 'PhotoUrl': 'https://images.listings.offcampusliving.cornell.edu/listings/1056/Bedroom 1.jpg', 'SortOrder': 3}, {'PhotoId': 43297, 'PhotoName': 'Room 3 c.jpeg', 'IsDefault': False, 'AddedDateTime': '2025-09-28T11:03:40.054Z', 'listingId': 1056, 'PhotoUrl': 'https://images.listings.offcampusliving.cornell.edu/listings/1056/Room 3 c.jpeg', 'SortOrder': None}, {'PhotoId': 43298, 'PhotoName': 'room 3 b.jpeg', 'IsDefault': False, 'AddedDateTime': '2025-09-28T11:03:51.247Z', 'listingId': 1056, 'PhotoUrl': 'https://images.listings.offcampusliving.cornell.edu/listings/1056/room 3 b.jpeg', 'SortOrder': None}, {'PhotoId': 43299, 'PhotoName': 'Living:Dining apt 2.jpeg', 'IsDefault': False, 'AddedDateTime': '2025-09-28T11:04:03.302Z', 'listingId': 1056, 'PhotoUrl': 'https://images.listings.offcampusliving.cornell.edu/listings/1056/Living:Dining apt 2.jpeg', 'SortOrder': None}, {'PhotoId': 43301, 'PhotoName': 'apt 2 living room.jpg', 'IsDefault': False, 'AddedDateTime': '2025-09-28T11:04:45.543Z', 'listingId': 1056, 'PhotoUrl': 'https://images.listings.offcampusliving.cornell.edu/listings/1056/apt 2 living room.jpg', 'SortOrder': None}, {'PhotoId': 43302, 'PhotoName': 'Apt 2 Living Room.jpeg', 'IsDefault': False, 'AddedDateTime': '2025-09-28T11:05:10.401Z', 'listingId': 1056, 'PhotoUrl': 'https://images.listings.offcampusliving.cornell.edu/listings/1056/Apt 2 Living Room.jpeg', 'SortOrder': None}, {'PhotoId': 43303, 'PhotoName': '505 Front from Right.jpeg', 'IsDefault': False, 'AddedDateTime': '2025-09-28T11:06:16.429Z', 'listingId': 1056, 'PhotoUrl': 'https://images.listings.offcampusliving.cornell.edu/listings/1056/505 Front from Right.jpeg', 'SortOrder': None}, {'PhotoId': 43304, 'PhotoName': 'Room 3 c.jpeg', 'IsDefault': False, 'AddedDateTime': '2025-09-28T11:06:18.955Z', 'listingId': 1056, 'PhotoUrl': 'https://images.listings.offcampusliving.cornell.edu/listings/1056/Room 3 c.jpeg', 'SortOrder': None}, {'PhotoId': 43305, 'PhotoName': 'Room 3.jpeg', 'IsDefault': False, 'AddedDateTime': '2025-09-28T11:06:26.594Z', 'listingId': 1056, 'PhotoUrl': 'https://images.listings.offcampusliving.cornell.edu/listings/1056/Room 3.jpeg', 'SortOrder': None}, {'PhotoId': 10135, 'PhotoName': 'IMG_0144.JPG', 'IsDefault': False, 'AddedDateTime': '2018-10-28T22:34:49.000Z', 'listingId': 1056, 'PhotoUrl': 'https://images.listings.offcampusliving.cornell.edu/listings/1056/IMG_0144.JPG', 'SortOrder': 1}, {'PhotoId': 10133, 'PhotoName': 'Living room.jpg', 'IsDefault': False, 'AddedDateTime': '2018-10-28T22:32:40.000Z', 'listingId': 1056, 'PhotoUrl': 'https://images.listings.offcampusliving.cornell.edu/listings/1056/Living room.jpg', 'SortOrder': 2}, {'PhotoId': 10132, 'PhotoName': 'Bedroom 3.jpg', 'IsDefault': False, 'AddedDateTime': '2018-10-28T22:29:03.000Z', 'listingId': 1056, 'PhotoUrl': 'https://images.listings.offcampusliving.cornell.edu/listings/1056/Bedroom 3.jpg', 'SortOrder': 4}, {'PhotoId': 43295, 'PhotoName': 'apt 2 kitchen.jpeg', 'IsDefault': False, 'AddedDateTime': '2025-09-28T11:02:16.885Z', 'listingId': 1056, 'PhotoUrl': 'https://images.listings.offcampusliving.cornell.edu/listings/1056/apt 2 kitchen.jpeg', 'SortOrder': 5}, {'PhotoId': 43296, 'PhotoName': 'room 4.jpeg', 'IsDefault': False, 'AddedDateTime': '2025-09-28T11:02:38.723Z', 'listingId': 1056, 'PhotoUrl': 'https://images.listings.offcampusliving.cornell.edu/listings/1056/room 4.jpeg', 'SortOrder': 6}]",
1225,1049,2026-01-01T00:00:00.000Z,5,101 LINN STREET,,Ithaca,14850,"Beautiful Downtown home - Grad. or PhD. - Students/Professor. Same block with TCAT bus to Cornell (in minutes), and the Cascadilla Gorge.  Walk path to Cornell & Only 2 blocks to Downtown! ","Best located Historic Home in Ithaca for lease. Last rm Available now!  Next to downtown, the Cascadilla Gorge, walking trail and T-CAT bus to Cornell. The Private Bedroom, Bath & common salon,  living areas, kitchen, porch was once a former Tibetan Monastery, then a yoga studio with plenty of light, and wooden floors.  The Gorge behind house can be heard from the expansive private patio. $1195 includes cable, internet; water, kitchen/dinning, private room, bathroom, common areas, furnishings.
",1195,Price Per Person,No,"['Internet Available', 'Kitchen', 'Near Bus Route', 'Permitted Street Parking Available ', 'Electronic Payments Accepted ', 'Furnished', 'Off-Street Parking Available', 'Electronic Payments Accepted', 'Air Conditioning', 'Laundry Facilities', 'Water Included', 'Off-Street Parking Included']",No Preference,1,1,"['Graduate', 'Sabbatic housing', 'Staff/Faculty', 'Short-Term Housing', 'Sabbatic Housing', 'Commencement', 'Summer Sublet']",Rent,42.44279412134525,-76.49447985224896,"{'lat': 42.44279412134525, 'lng': -76.49447985224896}",True,2026-01-09T00:00:00.000Z,True,Yes,2021-11-29T15:20:45.955Z,2025-10-09T19:36:06.835Z,101 LINN STREET,"[{'PhotoId': 31369, 'PhotoName': '2.jpeg', 'IsDefault': True, 'AddedDateTime': '2023-07-07T22:36:53.051Z', 'listingId': 1225, 'PhotoUrl': 'https://images.listings.offcampusliving.cornell.edu/listings/1225/2.jpeg', 'SortOrder': 1}, {'PhotoId': 33111, 'PhotoName': '8.jpeg', 'IsDefault': False, 'AddedDateTime': '2023-10-16T20:24:30.599Z', 'listingId': 1225, 'PhotoUrl': 'https://images.listings.offcampusliving.cornell.edu/listings/1225/8.jpeg', 'SortOrder': 2}, {'PhotoId': 31370, 'PhotoName': '25.jpeg', 'IsDefault': False, 'AddedDateTime': '2023-07-07T22:36:53.310Z', 'listingId': 1225, 'PhotoUrl': 'https://images.listings.offcampusliving.cornell.edu/listings/1225/25.jpeg', 'SortOrder': 3}, {'PhotoId': 26641, 'PhotoName': '7.jpeg', 'IsDefault': False, 'AddedDateTime': '2022-06-11T02:27:45.414Z', 'listingId': 1225, 'PhotoUrl': 'https://images.listings.offcampusliving.cornell.edu/listings/1225/7.jpeg', 'SortOrder': 4}, {'PhotoId': 33110, 'PhotoName': '3.jpeg', 'IsDefault': False, 'AddedDateTime': '2023-10-16T20:23:51.708Z', 'listingId': 1225, 'PhotoUrl': 'https://images.listings.offcampusliving.cornell.edu/listings/1225/3.jpeg', 'SortOrder': 5}, {'PhotoId': 33115, 'PhotoName': '21.jpeg', 'IsDefault': False, 'AddedDateTime': '2023-10-16T20:29:04.942Z', 'listingId': 1225, 'PhotoUrl': 'https://images.listings.offcampusliving.cornell.edu/listings/1225/21.jpeg', 'SortOrder': 6}, {'PhotoId': 40143, 'PhotoName': 'IMG_0107.JPG', 'IsDefault': False, 'AddedDateTime': '2025-04-05T20:50:59.815Z', 'listingId': 1225, 'PhotoUrl': 'https://images.listings.offcampusliving.cornell.edu/listings/1225/IMG_0107.JPG', 'SortOrder': 7}, {'PhotoId': 40146, 'PhotoName': 'IMG_0111.JPG', 'IsDefault': False, 'AddedDateTime': '2025-04-05T20:52:49.283Z', 'listingId': 1225, 'PhotoUrl': 'https://images.listings.offcampusliving.cornell.edu/listings/1225/IMG_0111.JPG', 'SortOrder': 8}, {'PhotoId': 40142, 'PhotoName': '2021 Big room 3.jpg', 'IsDefault': False, 'AddedDateTime': '2025-04-05T20:50:45.396Z', 'listingId': 1225, 'PhotoUrl': 'https://images.listings.offcampusliving.cornell.edu/listings/1225/2021 Big room 3.jpg', 'SortOrder': 9}, {'PhotoId': 31371, 'PhotoName': '9.jpeg', 'IsDefault': False, 'AddedDateTime': '2023-07-07T22:37:34.721Z', 'listingId': 1225, 'PhotoUrl': 'https://images.listings.offcampusliving.cornell.edu/listings/1225/9.jpeg', 'SortOrder': 10}]","{""BuildingAddress"": ""101 LINN STREET"", ""OverallSafetyRating"": 14, ""CategoryScores"": [{""Fire Protection"": 0}, {""Notification Systems"": 0}, {""Emergency Egress"": 0}, {""Applicable Code"": 6}, {""Fire Extinguishers"": 0}, {""Construction Type"": 0}, {""Valid Certificate of Compliance"": 8}], ""OverallSafetyRatingAsPercentage"": 30, ""CategoryScoresAsPercentage"": [{""Fire Protection"": 0}, {""Notification Systems"": 0}, {""Emergency Egress"": 0}, {""Applicable Code"": 100}, {""Fire Extinguishers"": 0}, {""Construction Type"": 0}, {""Valid Certificate of Compliance"": 100}], ""SprinklerType"": [], ""FireExtinguisherCertificateExpiration"": null, ""NotificationSystem"": [{""subCategory"": ""Single Station Smoke Alarm"", ""notificationType"": ""Single Station Smoke Alarm"", ""notificationSystemCertificateExpiration"": ""2024-02-23""}], ""HasValidCertificateOfOccupancy"": true, ""MeetsMinimumRequirements"": false, ""ExceedsRequirements"": false, ""HasFireResistantConstructionType"": false, ""SatisfiesApplicableCode"": true, ""CertificateExpirationDate"": ""2028-02-23T00:00:00.000Z"", ""DateLastUpdated"": ""2025-10-19T07:01:28.000Z""}"
1280,1096,2025-10-03T00:00:00.000Z,9,607 GREEN STREET W,2 (upper),Ithaca,14850,"Downtown Ithaca 1BR/1BA, $1400/mo, lease thru 6/30/26 renewable. Unfurnished. Private duplex LOWER unit. Avail now for individual or couple. Pets allowed.  ","Large bedroom, full bathroom, full kitchen, large living room, big backyard. Hardwood & vinyl flooring. Newly painted inside, outside new siding. Shared off-street plus curbside parking, on bus route, close to Commons. Landlord pays water/sewer.   
pets upon review (one-time fee), no smoking indoors. Quiet, non-corporate owned. Please contact 419-348-0615 via text
",1400,Price Per Unit,Yes,"['Electronic Payments Accepted ', 'Kitchen', 'Near Bus Route', 'Off-Street Parking Available', 'Off-Street Parking Included', 'Water Included', 'Electronic Payments Accepted']",No Preference,1,1,"['Graduate', 'Staff/Faculty', 'Sabbatic Housing', 'Undergraduate']",Rent,42.43827405269111,-76.50667823564521,"{'lat': 42.43827405269111, 'lng': -76.50667823564521}",True,2025-11-03T00:00:00.000Z,True,Yes,2021-11-29T15:20:47.835Z,2025-10-03T19:22:38.668Z,607 GREEN STREET W,"[{'PhotoId': 43389, 'PhotoName': 'LivingRoom.jpeg', 'IsDefault': True, 'AddedDateTime': '2025-10-03T19:14:55.540Z', 'listingId': 1280, 'PhotoUrl': 'https://images.listings.offcampusliving.cornell.edu/listings/1280/LivingRoom.jpeg', 'SortOrder': 1}, {'PhotoId': 43399, 'PhotoName': '607 WGreen.JPG', 'IsDefault': False, 'AddedDateTime': '2025-10-03T19:16:36.854Z', 'listingId': 1280, 'PhotoUrl': 'https://images.listings.offcampusliving.cornell.edu/listings/1280/607 WGreen.JPG', 'SortOrder': 2}, {'PhotoId': 43393, 'PhotoName': 'Livingroom2.jpeg', 'IsDefault': False, 'AddedDateTime': '2025-10-03T19:15:23.939Z', 'listingId': 1280, 'PhotoUrl': 'https://images.listings.offcampusliving.cornell.edu/listings/1280/Livingroom2.jpeg', 'SortOrder': 3}, {'PhotoId': 43394, 'PhotoName': 'Kitchen.jpeg', 'IsDefault': False, 'AddedDateTime': '2025-10-03T19:15:34.727Z', 'listingId': 1280, 'PhotoUrl': 'https://images.listings.offcampusliving.cornell.edu/listings/1280/Kitchen.jpeg', 'SortOrder': 4}, {'PhotoId': 43395, 'PhotoName': 'Kitchen2.jpeg', 'IsDefault': False, 'AddedDateTime': '2025-10-03T19:15:45.501Z', 'listingId': 1280, 'PhotoUrl': 'https://images.listings.offcampusliving.cornell.edu/listings/1280/Kitchen2.jpeg', 'SortOrder': 5}, {'PhotoId': 43396, 'PhotoName': 'Bedroom.jpeg', 'IsDefault': False, 'AddedDateTime': '2025-10-03T19:16:07.133Z', 'listingId': 1280, 'PhotoUrl': 'https://images.listings.offcampusliving.cornell.edu/listings/1280/Bedroom.jpeg', 'SortOrder': 6}, {'PhotoId': 43397, 'PhotoName': 'Bathroom.jpeg', 'IsDefault': False, 'AddedDateTime': '2025-10-03T19:16:17.610Z', 'listingId': 1280, 'PhotoUrl': 'https://images.listings.offcampusliving.cornell.edu/listings/1280/Bathroom.jpeg', 'SortOrder': 7}, {'PhotoId': 43400, 'PhotoName': 'IntoBackyard.jpeg', 'IsDefault': False, 'AddedDateTime': '2025-10-03T19:16:53.791Z', 'listingId': 1280, 'PhotoUrl': 'https://images.listings.offcampusliving.cornell.edu/listings/1280/IntoBackyard.jpeg', 'SortOrder': 8}, {'PhotoId': 42351, 'PhotoName': 'IMG_2145 copy.jpg', 'IsDefault': False, 'AddedDateTime': '2025-07-30T00:02:55.919Z', 'listingId': 1280, 'PhotoUrl': 'https://images.listings.offcampusliving.cornell.edu/listings/1280/IMG_2145 copy.jpg', 'SortOrder': 9}, {'PhotoId': 42352, 'PhotoName': 'IMG_2136 copy.jpg', 'IsDefault': False, 'AddedDateTime': '2025-07-30T00:03:16.422Z', 'listingId': 1280, 'PhotoUrl': 'https://images.listings.offcampusliving.cornell.edu/listings/1280/IMG_2136 copy.jpg', 'SortOrder': 10}, {'PhotoId': 42353, 'PhotoName': 'IMG_2137 copy.jpg', 'IsDefault': False, 'AddedDateTime': '2025-07-30T00:03:47.266Z', 'listingId': 1280, 'PhotoUrl': 'https://images.listings.offcampusliving.cornell.edu/listings/1280/IMG_2137 copy.jpg', 'SortOrder': 11}]","{""BuildingAddress"": ""607 GREEN STREET W"", ""OverallSafetyRating"": 8, ""CategoryScores"": [{""Fire Protection"": 0}, {""Notification Systems"": 0}, {""Emergency Egress"": 0}, {""Applicable Code"": 0}, {""Fire Extinguishers"": 0}, {""Construction Type"": 0}, {""Valid Certificate of Compliance"": 8}], ""OverallSafetyRatingAsPercentage"": 17, ""CategoryScoresAsPercentage"": [{""Fire Protection"": 0}, {""Notification Systems"": 0}, {""Emergency Egress"": 0}, {""Applicable Code"": 0}, {""Fire Extinguishers"": 0}, {""Construction Type"": 0}, {""Valid Certificate of Compliance"": 100}], ""SprinklerType"": [], ""FireExtinguisherCertificateExpiration"": null, ""NotificationSystem"": [{""subCategory"": ""Single Station Smoke Alarm"", ""notificationType"": ""Single Station Smoke Alarm"", ""notificationSystemCertificateExpiration"": ""2022-08-23""}], ""HasValidCertificateOfOccupancy"": true, ""MeetsMinimumRequirements"": true, ""ExceedsRequirements"": false, ""HasFireResistantConstructionType"": false, ""SatisfiesApplicableCode"": false, ""CertificateExpirationDate"": ""2026-10-27T00:00:00.000Z"", ""DateLastUpdated"": ""2025-10-19T07:02:04.000Z""}"
1309,132,2023-08-23T00:00:00.000Z,10,122 WAIT AVENUE,4,Ithaca,14850,Lovely house located across the street from Cornell University undergraduate admissions office.,"Lovely house located across the street from Cornell's undergrad admissions office. Two Bedrooms on the second floor have a private bathroom and two bedrooms on the second floor have ashared bathroom. A full bathroom is also on the main floor. The common area on the first floor consist of kitchen, dining nook, living room with cable TV, internet access, free laundry room in the basement. Rent negotiable.

 Rent includes all utilities, bi-weekly house cleaning, free garbage fees, and snow removal.",850,Price Per Person,No,"['Electricity Included', 'Furnished', 'Heat Included', 'Internet Included', 'Kitchen', 'Laundry Facilities', 'Near Bus Route', 'Water Included', 'Off-Street Parking Available']",No Preference,1,4,"['Graduate', 'Undergraduate', 'Staff/Faculty']",Room to Rent,42.45488428835655,-76.48379379439059,"{'lat': 42.45488428835655, 'lng': -76.48379379439059}",True,2025-11-17T00:00:00.000Z,True,Yes,2021-11-29T15:20:48.820Z,2023-08-23T14:49:29.521Z,122 WAIT AVENUE,"[{'PhotoId': 27142, 'PhotoName': 'IMG_1922 -.JPG', 'IsDefault': True, 'AddedDateTime': '2022-08-09T13:17:44.151Z', 'listingId': 1309, 'PhotoUrl': 'https://images.listings.offcampusliving.cornell.edu/listings/1309/IMG_1922 -.JPG', 'SortOrder': None}, {'PhotoId': 27140, 'PhotoName': 'IMG_1923.JPG', 'IsDefault': False, 'AddedDateTime': '2022-08-09T13:15:41.742Z', 'listingId': 1309, 'PhotoUrl': 'https://images.listings.offcampusliving.cornell.edu/listings/1309/IMG_1923.JPG', 'SortOrder': None}, {'PhotoId': 27141, 'PhotoName': 'IMG_1924.JPG', 'IsDefault': False, 'AddedDateTime': '2022-08-09T13:16:52.153Z', 'listingId': 1309, 'PhotoUrl': 'https://images.listings.offcampusliving.cornell.edu/listings/1309/IMG_1924.JPG', 'SortOrder': None}, {'PhotoId': 27143, 'PhotoName': 'IMG_1925.JPG', 'IsDefault': False, 'AddedDateTime': '2022-08-09T13:19:45.646Z', 'listingId': 1309, 'PhotoUrl': 'https://images.listings.offcampusliving.cornell.edu/listings/1309/IMG_1925.JPG', 'SortOrder': None}, {'PhotoId': 27144, 'PhotoName': 'IMG_1926.JPG', 'IsDefault': False, 'AddedDateTime': '2022-08-09T15:00:59.265Z', 'listingId': 1309, 'PhotoUrl': 'https://images.listings.offcampusliving.cornell.edu/listings/1309/IMG_1926.JPG', 'SortOrder': None}, {'PhotoId': 27145, 'PhotoName': 'IMG_1927.JPG', 'IsDefault': False, 'AddedDateTime': '2022-08-09T15:01:11.687Z', 'listingId': 1309, 'PhotoUrl': 'https://images.listings.offcampusliving.cornell.edu/listings/1309/IMG_1927.JPG', 'SortOrder': None}, {'PhotoId': 27146, 'PhotoName': 'IMG_1928.JPG', 'IsDefault': False, 'AddedDateTime': '2022-08-09T15:01:23.685Z', 'listingId': 1309, 'PhotoUrl': 'https://images.listings.offcampusliving.cornell.edu/listings/1309/IMG_1928.JPG', 'SortOrder': None}, {'PhotoId': 27147, 'PhotoName': 'IMG_1929.JPG', 'IsDefault': False, 'AddedDateTime': '2022-08-09T15:02:09.508Z', 'listingId': 1309, 'PhotoUrl': 'https://images.listings.offcampusliving.cornell.edu/listings/1309/IMG_1929.JPG', 'SortOrder': None}, {'PhotoId': 27148, 'PhotoName': 'IMG_1930.JPG', 'IsDefault': False, 'AddedDateTime': '2022-08-09T15:06:25.152Z', 'listingId': 1309, 'PhotoUrl': 'https://images.listings.offcampusliving.cornell.edu/listings/1309/IMG_1930.JPG', 'SortOrder': None}, {'PhotoId': 27149, 'PhotoName': 'IMG_1931.JPG', 'IsDefault': False, 'AddedDateTime': '2022-08-09T15:06:38.855Z', 'listingId': 1309, 'PhotoUrl': 'https://images.listings.offcampusliving.cornell.edu/listings/1309/IMG_1931.JPG', 'SortOrder': None}, {'PhotoId': 27150, 'PhotoName': 'IMG_1932.JPG', 'IsDefault': False, 'AddedDateTime': '2022-08-09T15:06:51.966Z', 'listingId': 1309, 'PhotoUrl': 'https://images.listings.offcampusliving.cornell.edu/listings/1309/IMG_1932.JPG', 'SortOrder': None}, {'PhotoId': 27151, 'PhotoName': 'IMG_1933.JPG', 'IsDefault': False, 'AddedDateTime': '2022-08-09T15:07:07.263Z', 'listingId': 1309, 'PhotoUrl': 'https://images.listings.offcampusliving.cornell.edu/listings/1309/IMG_1933.JPG', 'SortOrder': None}, {'PhotoId': 27154, 'PhotoName': 'IMG_1936.JPG', 'IsDefault': False, 'AddedDateTime': '2022-08-09T15:09:11.736Z', 'listingId': 1309, 'PhotoUrl': 'https://images.listings.offcampusliving.cornell.edu/listings/1309/IMG_1936.JPG', 'SortOrder': None}, {'PhotoId': 27157, 'PhotoName': 'IMG_1934.JPG', 'IsDefault': False, 'AddedDateTime': '2022-08-09T15:10:34.754Z', 'listingId': 1309, 'PhotoUrl': 'https://images.listings.offcampusliving.cornell.edu/listings/1309/IMG_1934.JPG', 'SortOrder': None}, {'PhotoId': 27158, 'PhotoName': 'IMG_1937.JPG', 'IsDefault': False, 'AddedDateTime': '2022-08-09T15:11:03.224Z', 'listingId': 1309, 'PhotoUrl': 'https://images.listings.offcampusliving.cornell.edu/listings/1309/IMG_1937.JPG', 'SortOrder': None}, {'PhotoId': 27159, 'PhotoName': 'IMG_1938.JPG', 'IsDefault': False, 'AddedDateTime': '2022-08-09T15:12:58.658Z', 'listingId': 1309, 'PhotoUrl': 'https://images.listings.offcampusliving.cornell.edu/listings/1309/IMG_1938.JPG', 'SortOrder': None}, {'PhotoId': 27160, 'PhotoName': 'IMG_1939.JPG', 'IsDefault': False, 'AddedDateTime': '2022-08-09T15:17:07.027Z', 'listingId': 1309, 'PhotoUrl': 'https://images.listings.offcampusliving.cornell.edu/listings/1309/IMG_1939.JPG', 'SortOrder': None}, {'PhotoId': 27161, 'PhotoName': 'IMG_1940.JPG', 'IsDefault': False, 'AddedDateTime': '2022-08-09T15:17:18.683Z', 'listingId': 1309, 'PhotoUrl': 'https://images.listings.offcampusliving.cornell.edu/listings/1309/IMG_1940.JPG', 'SortOrder': None}, {'PhotoId': 27162, 'PhotoName': 'IMG_1941.JPG', 'IsDefault': False, 'AddedDateTime': '2022-08-09T15:17:32.188Z', 'listingId': 1309, 'PhotoUrl': 'https://images.listings.offcampusliving.cornell.edu/listings/1309/IMG_1941.JPG', 'SortOrder': None}, {'PhotoId': 27163, 'PhotoName': 'IMG_1942.JPG', 'IsDefault': False, 'AddedDateTime': '2022-08-09T15:17:45.134Z', 'listingId': 1309, 'PhotoUrl': 'https://images.listings.offcampusliving.cornell.edu/listings/1309/IMG_1942.JPG', 'SortOrder': None}, {'PhotoId': 27164, 'PhotoName': 'IMG_1943.JPG', 'IsDefault': False, 'AddedDateTime': '2022-08-09T15:18:01.484Z', 'listingId': 1309, 'PhotoUrl': 'https://images.listings.offcampusliving.cornell.edu/listings/1309/IMG_1943.JPG', 'SortOrder': None}, {'PhotoId': 27165, 'PhotoName': 'IMG_1945.JPG', 'IsDefault': False, 'AddedDateTime': '2022-08-09T15:18:24.745Z', 'listingId': 1309, 'PhotoUrl': 'https://images.listings.offcampusliving.cornell.edu/listings/1309/IMG_1945.JPG', 'SortOrder': None}, {'PhotoId': 27166, 'PhotoName': 'IMG_1946.JPG', 'IsDefault': False, 'AddedDateTime': '2022-08-09T15:18:36.863Z', 'listingId': 1309, 'PhotoUrl': 'https://images.listings.offcampusliving.cornell.edu/listings/1309/IMG_1946.JPG', 'SortOrder': None}, {'PhotoId': 27167, 'PhotoName': 'IMG_1947.JPG', 'IsDefault': False, 'AddedDateTime': '2022-08-09T15:45:01.782Z', 'listingId': 1309, 'PhotoUrl': 'https://images.listings.offcampusliving.cornell.edu/listings/1309/IMG_1947.JPG', 'SortOrder': None}]","{""BuildingAddress"": ""122 WAIT AVENUE"", ""OverallSafetyRating"": 0, ""CategoryScores"": [{""Fire Protection"": 0}, {""Notification Systems"": 0}, {""Emergency Egress"": 0}, {""Applicable Code"": 0}, {""Fire Extinguishers"": 0}, {""Construction Type"": 0}, {""Valid Certificate of Compliance"": 0}], ""OverallSafetyRatingAsPercentage"": 0, ""CategoryScoresAsPercentage"": [{""Fire Protection"": 0}, {""Notification Systems"": 0}, {""Emergency Egress"": 0}, {""Applicable Code"": 0}, {""Fire Extinguishers"": 0}, {""Construction Type"": 0}, {""Valid Certificate of Compliance"": 0}], ""SprinklerType"": [], ""FireExtinguisherCertificateExpiration"": null, ""NotificationSystem"": [{""subCategory"": ""Single Station Smoke Alarm"", ""notificationType"": ""Single Station Smoke Alarm"", ""notificationSystemCertificateExpiration"": ""2022-07-25""}], ""HasValidCertificateOfOccupancy"": false, ""MeetsMinimumRequirements"": false, ""ExceedsRequirements"": false, ""HasFireResistantConstructionType"": false, ""SatisfiesApplicableCode"": false, ""CertificateExpirationDate"": ""2024-07-11T00:00:00.000Z"", ""DateLastUpdated"": ""2025-10-19T07:01:36.000Z""}"
1426,192,2025-11-08T00:00:00.000Z,10,847 Dryden  Rd. Apt. 1D,847-1D,Ithaca,14850,Nice and Quiet 3 Bed 2 Bath Unit 1.5 Miles From Cornell Vet School ,"Units include modern, spacious and bright floor plans and have open kitchens with dishwasher and built in microwaves. Apartments have vaulted ceilings, fireplaces, and washer dryer hook ups. Some units also have decks and fenced in porches for more summertime enjoyment. Parking $15.00 a month per car and located on bus route. Don't miss this opportunity to create this Lifestyle with wonderful maintenance free living!

Utilities budgeted between $90-140/month.
",2131,Price Per Unit,Yes,"['Internet Available', 'Kitchen', 'Laundry Facilities', 'Near Bus Route', 'Off-Street Parking Available', 'Air Conditioning']",No Preference,3,2,"['Undergraduate', 'Staff/Faculty', 'Graduate']",Rent,42.45196611418096,-76.44528240541018,"{'lat': 42.45196611418096, 'lng': -76.44528240541018}",True,2025-11-14T00:00:00.000Z,True,No,2021-11-29T15:20:52.730Z,2025-10-16T13:11:29.837Z,,"[{'PhotoId': 7910, 'PhotoName': '847-1B 029.jpg', 'IsDefault': True, 'AddedDateTime': '2018-07-06T14:57:24.000Z', 'listingId': 1426, 'PhotoUrl': 'https://images.listings.offcampusliving.cornell.edu/listings/1426/847-1B 029.jpg', 'SortOrder': None}, {'PhotoId': 7893, 'PhotoName': '847-2d, 3F 026.jpg', 'IsDefault': False, 'AddedDateTime': '2018-07-06T14:57:13.000Z', 'listingId': 1426, 'PhotoUrl': 'https://images.listings.offcampusliving.cornell.edu/listings/1426/847-2d, 3F 026.jpg', 'SortOrder': None}, {'PhotoId': 7894, 'PhotoName': '847-2d, 3F 021.jpg', 'IsDefault': False, 'AddedDateTime': '2018-07-06T14:57:13.000Z', 'listingId': 1426, 'PhotoUrl': 'https://images.listings.offcampusliving.cornell.edu/listings/1426/847-2d, 3F 021.jpg', 'SortOrder': None}, {'PhotoId': 7895, 'PhotoName': '847-2d, 3F 016.jpg', 'IsDefault': False, 'AddedDateTime': '2018-07-06T14:57:13.000Z', 'listingId': 1426, 'PhotoUrl': 'https://images.listings.offcampusliving.cornell.edu/listings/1426/847-2d, 3F 016.jpg', 'SortOrder': None}, {'PhotoId': 7896, 'PhotoName': '847-2d, 3F 018.jpg', 'IsDefault': False, 'AddedDateTime': '2018-07-06T14:57:14.000Z', 'listingId': 1426, 'PhotoUrl': 'https://images.listings.offcampusliving.cornell.edu/listings/1426/847-2d, 3F 018.jpg', 'SortOrder': None}, {'PhotoId': 7897, 'PhotoName': '847-2d, 3F 014.jpg', 'IsDefault': False, 'AddedDateTime': '2018-07-06T14:57:14.000Z', 'listingId': 1426, 'PhotoUrl': 'https://images.listings.offcampusliving.cornell.edu/listings/1426/847-2d, 3F 014.jpg', 'SortOrder': None}, {'PhotoId': 7898, 'PhotoName': '847-2d, 3F 015.jpg', 'IsDefault': False, 'AddedDateTime': '2018-07-06T14:57:15.000Z', 'listingId': 1426, 'PhotoUrl': 'https://images.listings.offcampusliving.cornell.edu/listings/1426/847-2d, 3F 015.jpg', 'SortOrder': None}, {'PhotoId': 7899, 'PhotoName': '847-2d, 3F 020.jpg', 'IsDefault': False, 'AddedDateTime': '2018-07-06T14:57:17.000Z', 'listingId': 1426, 'PhotoUrl': 'https://images.listings.offcampusliving.cornell.edu/listings/1426/847-2d, 3F 020.jpg', 'SortOrder': None}, {'PhotoId': 7900, 'PhotoName': '847-2d, 3F 017.jpg', 'IsDefault': False, 'AddedDateTime': '2018-07-06T14:57:17.000Z', 'listingId': 1426, 'PhotoUrl': 'https://images.listings.offcampusliving.cornell.edu/listings/1426/847-2d, 3F 017.jpg', 'SortOrder': None}, {'PhotoId': 7901, 'PhotoName': '847-2d, 3F 028.jpg', 'IsDefault': False, 'AddedDateTime': '2018-07-06T14:57:18.000Z', 'listingId': 1426, 'PhotoUrl': 'https://images.listings.offcampusliving.cornell.edu/listings/1426/847-2d, 3F 028.jpg', 'SortOrder': None}, {'PhotoId': 7902, 'PhotoName': '847-2d, 3F 027.jpg', 'IsDefault': False, 'AddedDateTime': '2018-07-06T14:57:18.000Z', 'listingId': 1426, 'PhotoUrl': 'https://images.listings.offcampusliving.cornell.edu/listings/1426/847-2d, 3F 027.jpg', 'SortOrder': None}, {'PhotoId': 7903, 'PhotoName': '847-2d, 3F 030.jpg', 'IsDefault': False, 'AddedDateTime': '2018-07-06T14:57:19.000Z', 'listingId': 1426, 'PhotoUrl': 'https://images.listings.offcampusliving.cornell.edu/listings/1426/847-2d, 3F 030.jpg', 'SortOrder': None}, {'PhotoId': 7904, 'PhotoName': '847-2d, 3F 023.jpg', 'IsDefault': False, 'AddedDateTime': '2018-07-06T14:57:20.000Z', 'listingId': 1426, 'PhotoUrl': 'https://images.listings.offcampusliving.cornell.edu/listings/1426/847-2d, 3F 023.jpg', 'SortOrder': None}, {'PhotoId': 7905, 'PhotoName': '847-2d, 3F 022.jpg', 'IsDefault': False, 'AddedDateTime': '2018-07-06T14:57:20.000Z', 'listingId': 1426, 'PhotoUrl': 'https://images.listings.offcampusliving.cornell.edu/listings/1426/847-2d, 3F 022.jpg', 'SortOrder': None}, {'PhotoId': 7906, 'PhotoName': '847-2d, 3F 025.jpg', 'IsDefault': False, 'AddedDateTime': '2018-07-06T14:57:20.000Z', 'listingId': 1426, 'PhotoUrl': 'https://images.listings.offcampusliving.cornell.edu/listings/1426/847-2d, 3F 025.jpg', 'SortOrder': None}, {'PhotoId': 7907, 'PhotoName': '847-2d, 3F 024.jpg', 'IsDefault': False, 'AddedDateTime': '2018-07-06T14:57:22.000Z', 'listingId': 1426, 'PhotoUrl': 'https://images.listings.offcampusliving.cornell.edu/listings/1426/847-2d, 3F 024.jpg', 'SortOrder': None}, {'PhotoId': 7908, 'PhotoName': '847-2d, 3F 019.jpg', 'IsDefault': False, 'AddedDateTime': '2018-07-06T14:57:22.000Z', 'listingId': 1426, 'PhotoUrl': 'https://images.listings.offcampusliving.cornell.edu/listings/1426/847-2d, 3F 019.jpg', 'SortOrder': None}, {'PhotoId': 7909, 'PhotoName': '847-2d, 3F 029.jpg', 'IsDefault': False, 'AddedDateTime': '2018-07-06T14:57:23.000Z', 'listingId': 1426, 'PhotoUrl': 'https://images.listings.offcampusliving.cornell.edu/listings/1426/847-2d, 3F 029.jpg', 'SortOrder': None}, {'PhotoId': 7911, 'PhotoName': 'Copy (2) of 847-1B 027.jpg', 'IsDefault': False, 'AddedDateTime': '2018-07-06T14:57:44.000Z', 'listingId': 1426, 'PhotoUrl': 'https://images.listings.offcampusliving.cornell.edu/listings/1426/Copy (2) of 847-1B 027.jpg', 'SortOrder': None}]",
1430,1206,2026-01-05T00:00:00.000Z,12,104 STATE STREET E,A,Ithaca,14850,One of a Kind Apartment on the Commons - Seeing is Believing,"What’s special about the second floor apartment at 104?  The design, the location, the layout the spaciousness, the fact that it is fully furnished and the huge skylight. It feels good!  Office and bedroom or two bedrooms. It’s truly an urban space for someone who likes living Downtown. Available January 5, 2026 for one or two tenants.  Reliable, local and available landlords.",1900,Price Per Unit,No,"['Air Conditioning', 'Internet Available', 'Kitchen', 'Near Bus Route', 'Water Included', 'Electronic Payments Accepted ', 'Electricity Included', 'Furnished', 'Heat Included']",No Preference,2,1,"['Graduate', 'Sabbatic housing', 'Staff/Faculty', 'Sabbatic Housing']",Rent,42.43975152216867,-76.49877887696765,"{'lat': 42.43975152216867, 'lng': -76.49877887696765}",True,2026-01-13T00:00:00.000Z,True,Yes,2021-11-29T15:20:52.864Z,2025-10-13T20:51:18.203Z,104 STATE STREET E,"[{'PhotoId': 42536, 'PhotoName': '104A-LA-North.jpg', 'IsDefault': True, 'AddedDateTime': '2025-08-04T03:23:19.885Z', 'listingId': 1430, 'PhotoUrl': 'https://images.listings.offcampusliving.cornell.edu/listings/1430/104A-LA-North.jpg', 'SortOrder': 1}, {'PhotoId': 42523, 'PhotoName': 'Kitchen 1.jpg', 'IsDefault': False, 'AddedDateTime': '2025-08-04T02:17:32.639Z', 'listingId': 1430, 'PhotoUrl': 'https://images.listings.offcampusliving.cornell.edu/listings/1430/Kitchen 1.jpg', 'SortOrder': 2}, {'PhotoId': 42518, 'PhotoName': 'Living Area Facing South to Office.jpg', 'IsDefault': False, 'AddedDateTime': '2025-08-04T00:54:06.813Z', 'listingId': 1430, 'PhotoUrl': 'https://images.listings.offcampusliving.cornell.edu/listings/1430/Living Area Facing South to Office.jpg', 'SortOrder': 3}, {'PhotoId': 42533, 'PhotoName': 'Office 1.jpg', 'IsDefault': False, 'AddedDateTime': '2025-08-04T02:59:21.606Z', 'listingId': 1430, 'PhotoUrl': 'https://images.listings.offcampusliving.cornell.edu/listings/1430/Office 1.jpg', 'SortOrder': 4}, {'PhotoId': 42520, 'PhotoName': 'Office - East.jpg', 'IsDefault': False, 'AddedDateTime': '2025-08-04T00:55:13.941Z', 'listingId': 1430, 'PhotoUrl': 'https://images.listings.offcampusliving.cornell.edu/listings/1430/Office - East.jpg', 'SortOrder': 5}, {'PhotoId': 42524, 'PhotoName': 'Bathroom 1.jpg', 'IsDefault': False, 'AddedDateTime': '2025-08-04T02:18:21.765Z', 'listingId': 1430, 'PhotoUrl': 'https://images.listings.offcampusliving.cornell.edu/listings/1430/Bathroom 1.jpg', 'SortOrder': 6}, {'PhotoId': 42517, 'PhotoName': 'Bedroom 1.jpg', 'IsDefault': False, 'AddedDateTime': '2025-08-04T00:53:47.148Z', 'listingId': 1430, 'PhotoUrl': 'https://images.listings.offcampusliving.cornell.edu/listings/1430/Bedroom 1.jpg', 'SortOrder': 7}]","{""BuildingAddress"": ""104 STATE STREET E"", ""OverallSafetyRating"": 14, ""CategoryScores"": [{""Fire Protection"": 0}, {""Notification Systems"": 0}, {""Emergency Egress"": 0}, {""Applicable Code"": 6}, {""Fire Extinguishers"": 0}, {""Construction Type"": 0}, {""Valid Certificate of Compliance"": 8}], ""OverallSafetyRatingAsPercentage"": 30, ""CategoryScoresAsPercentage"": [{""Fire Protection"": 0}, {""Notification Systems"": 0}, {""Emergency Egress"": 0}, {""Applicable Code"": 100}, {""Fire Extinguishers"": 0}, {""Construction Type"": 0}, {""Valid Certificate of Compliance"": 100}], ""SprinklerType"": [{""sprinklerType"": ""NFPA 13R Sprinkler System"", ""sprinklerCertificateExpiration"": ""2025-06-19""}], ""FireExtinguisherCertificateExpiration"": ""2025-07-12T00:00:00.000Z"", ""NotificationSystem"": [{""subCategory"": ""Single Station Smoke Alarm"", ""notificationType"": ""Single Station Smoke Alarm"", ""notificationSystemCertificateExpiration"": ""2025-08-11""}, {""subCategory"": ""Fire Alarm System"", ""notificationType"": ""Fire Alarm System"", ""notificationSystemCertificateExpiration"": ""2025-07-09""}], ""HasValidCertificateOfOccupancy"": true, ""MeetsMinimumRequirements"": false, ""ExceedsRequirements"": false, ""HasFireResistantConstructionType"": false, ""SatisfiesApplicableCode"": true, ""CertificateExpirationDate"": ""2027-08-11T00:00:00.000Z"", ""DateLastUpdated"": ""2025-10-19T07:01:29.000Z""}"
1582,14,2026-06-01T00:00:00.000Z,12,125-27 QUARRY STREET N,127 number 3,Ithaca,14850,"SO AFFORDABLE FOR 7/8   125 N. Quarry St Great open common areas, furnished, Big bedrooms, updated kitchen & baths. huge back yard Lower Collegetown Near corner Eddy & Catherine. Entire house. ","Beautiful 7/8 bedrooms 3 full bath house, furnished down to the last detail. Hardwood floors, big windows, great space.  Modern kitchen and baths;completely updated w/ character. Huge yard, very close to campus,lower Collegetown near the corner of Eddy and Catherine...away from all the construction!!! Huge yard with fire pit and porch. On street parking,on site laundry included. Contact pehrich1@gmail.com  phone/text 607-592-1817 Ask for Pat. Group size is flexible. www.strawberryproperty.com ",895,Price Per Person,No,"['Electronic Payments Accepted ', 'Furnished', 'Internet Available', 'Kitchen', 'Laundry Facilities', 'Near Bus Route', 'Off-Street Parking Available', 'Air Conditioning', 'Electronic Payments Accepted', 'Off-Street Parking Included']",No Preference,8,3,"['Undergraduate', 'Graduate']",Rent,42.44003976877099,-76.48817124075154,"{'lat': 42.44003976877099, 'lng': -76.48817124075154}",True,2025-12-03T00:00:00.000Z,True,Yes,2021-11-29T15:20:57.962Z,2025-10-03T18:52:39.610Z,125-27 QUARRY STREET N,"[{'PhotoId': 43354, 'PhotoName': '2017 housing file 007.jpg', 'IsDefault': True, 'AddedDateTime': '2025-10-03T18:45:31.778Z', 'listingId': 1582, 'PhotoUrl': 'https://images.listings.offcampusliving.cornell.edu/listings/1582/2017 housing file 007.jpg', 'SortOrder': None}, {'PhotoId': 43343, 'PhotoName': 'DSC01800.JPG', 'IsDefault': False, 'AddedDateTime': '2025-10-03T18:45:22.145Z', 'listingId': 1582, 'PhotoUrl': 'https://images.listings.offcampusliving.cornell.edu/listings/1582/DSC01800.JPG', 'SortOrder': None}, {'PhotoId': 43344, 'PhotoName': 'DSC01801.JPG', 'IsDefault': False, 'AddedDateTime': '2025-10-03T18:45:22.567Z', 'listingId': 1582, 'PhotoUrl': 'https://images.listings.offcampusliving.cornell.edu/listings/1582/DSC01801.JPG', 'SortOrder': None}, {'PhotoId': 43345, 'PhotoName': 'DSC01805.JPG', 'IsDefault': False, 'AddedDateTime': '2025-10-03T18:45:23.385Z', 'listingId': 1582, 'PhotoUrl': 'https://images.listings.offcampusliving.cornell.edu/listings/1582/DSC01805.JPG', 'SortOrder': None}, {'PhotoId': 43346, 'PhotoName': 'DSC01808.JPG', 'IsDefault': False, 'AddedDateTime': '2025-10-03T18:45:24.254Z', 'listingId': 1582, 'PhotoUrl': 'https://images.listings.offcampusliving.cornell.edu/listings/1582/DSC01808.JPG', 'SortOrder': None}, {'PhotoId': 43347, 'PhotoName': 'DSC01834.JPG', 'IsDefault': False, 'AddedDateTime': '2025-10-03T18:45:24.655Z', 'listingId': 1582, 'PhotoUrl': 'https://images.listings.offcampusliving.cornell.edu/listings/1582/DSC01834.JPG', 'SortOrder': None}, {'PhotoId': 43348, 'PhotoName': 'DSC01800.JPG', 'IsDefault': False, 'AddedDateTime': '2025-10-03T18:45:25.143Z', 'listingId': 1582, 'PhotoUrl': 'https://images.listings.offcampusliving.cornell.edu/listings/1582/DSC01800.JPG', 'SortOrder': None}, {'PhotoId': 43349, 'PhotoName': 'IMG_2956.JPG', 'IsDefault': False, 'AddedDateTime': '2025-10-03T18:45:26.840Z', 'listingId': 1582, 'PhotoUrl': 'https://images.listings.offcampusliving.cornell.edu/listings/1582/IMG_2956.JPG', 'SortOrder': None}, {'PhotoId': 43350, 'PhotoName': 'IMG_2974.JPG', 'IsDefault': False, 'AddedDateTime': '2025-10-03T18:45:28.424Z', 'listingId': 1582, 'PhotoUrl': 'https://images.listings.offcampusliving.cornell.edu/listings/1582/IMG_2974.JPG', 'SortOrder': None}, {'PhotoId': 43351, 'PhotoName': 'IMG_9493.JPG', 'IsDefault': False, 'AddedDateTime': '2025-10-03T18:45:29.376Z', 'listingId': 1582, 'PhotoUrl': 'https://images.listings.offcampusliving.cornell.edu/listings/1582/IMG_9493.JPG', 'SortOrder': None}, {'PhotoId': 43352, 'PhotoName': 'IMG_9513.JPG', 'IsDefault': False, 'AddedDateTime': '2025-10-03T18:45:30.558Z', 'listingId': 1582, 'PhotoUrl': 'https://images.listings.offcampusliving.cornell.edu/listings/1582/IMG_9513.JPG', 'SortOrder': None}, {'PhotoId': 43353, 'PhotoName': 'IMG_9522.JPG', 'IsDefault': False, 'AddedDateTime': '2025-10-03T18:45:31.555Z', 'listingId': 1582, 'PhotoUrl': 'https://images.listings.offcampusliving.cornell.edu/listings/1582/IMG_9522.JPG', 'SortOrder': None}, {'PhotoId': 43355, 'PhotoName': 'IMG_9579.JPG', 'IsDefault': False, 'AddedDateTime': '2025-10-03T18:45:32.903Z', 'listingId': 1582, 'PhotoUrl': 'https://images.listings.offcampusliving.cornell.edu/listings/1582/IMG_9579.JPG', 'SortOrder': None}, {'PhotoId': 43356, 'PhotoName': 'IMG_9589.JPG', 'IsDefault': False, 'AddedDateTime': '2025-10-03T18:45:34.096Z', 'listingId': 1582, 'PhotoUrl': 'https://images.listings.offcampusliving.cornell.edu/listings/1582/IMG_9589.JPG', 'SortOrder': None}, {'PhotoId': 43357, 'PhotoName': 'IMG_9581.JPG', 'IsDefault': False, 'AddedDateTime': '2025-10-03T18:45:35.250Z', 'listingId': 1582, 'PhotoUrl': 'https://images.listings.offcampusliving.cornell.edu/listings/1582/IMG_9581.JPG', 'SortOrder': None}, {'PhotoId': 43358, 'PhotoName': 'IMG_9505.JPG', 'IsDefault': False, 'AddedDateTime': '2025-10-03T18:45:36.113Z', 'listingId': 1582, 'PhotoUrl': 'https://images.listings.offcampusliving.cornell.edu/listings/1582/IMG_9505.JPG', 'SortOrder': None}, {'PhotoId': 37218, 'PhotoName': 'IMG_9573.JPG', 'IsDefault': False, 'AddedDateTime': '2024-08-21T07:26:48.038Z', 'listingId': 1582, 'PhotoUrl': 'https://images.listings.offcampusliving.cornell.edu/listings/1582/IMG_9573.JPG', 'SortOrder': 1}, {'PhotoId': 43033, 'PhotoName': '20250801_163641.jpg', 'IsDefault': False, 'AddedDateTime': '2025-09-07T21:22:13.970Z', 'listingId': 1582, 'PhotoUrl': 'https://images.listings.offcampusliving.cornell.edu/listings/1582/20250801_163641.jpg', 'SortOrder': 2}, {'PhotoId': 37302, 'PhotoName': '20240814_113423[49859].jpg', 'IsDefault': False, 'AddedDateTime': '2024-08-28T12:00:36.092Z', 'listingId': 1582, 'PhotoUrl': 'https://images.listings.offcampusliving.cornell.edu/listings/1582/20240814_113423[49859].jpg', 'SortOrder': 3}, {'PhotoId': 37056, 'PhotoName': '125 main best.jpg', 'IsDefault': False, 'AddedDateTime': '2024-08-12T19:16:51.242Z', 'listingId': 1582, 'PhotoUrl': 'https://images.listings.offcampusliving.cornell.edu/listings/1582/125 main best.jpg', 'SortOrder': 4}, {'PhotoId': 37289, 'PhotoName': '20240814_113505.jpg', 'IsDefault': False, 'AddedDateTime': '2024-08-27T20:41:48.861Z', 'listingId': 1582, 'PhotoUrl': 'https://images.listings.offcampusliving.cornell.edu/listings/1582/20240814_113505.jpg', 'SortOrder': 5}, {'PhotoId': 37288, 'PhotoName': '20240814_113450.jpg', 'IsDefault': False, 'AddedDateTime': '2024-08-27T20:41:07.565Z', 'listingId': 1582, 'PhotoUrl': 'https://images.listings.offcampusliving.cornell.edu/listings/1582/20240814_113450.jpg', 'SortOrder': 6}, {'PhotoId': 43026, 'PhotoName': '125 - 1.jpg', 'IsDefault': False, 'AddedDateTime': '2025-09-07T21:16:33.920Z', 'listingId': 1582, 'PhotoUrl': 'https://images.listings.offcampusliving.cornell.edu/listings/1582/125 - 1.jpg', 'SortOrder': 7}, {'PhotoId': 43027, 'PhotoName': '125 2024 3.jpg', 'IsDefault': False, 'AddedDateTime': '2025-09-07T21:16:55.681Z', 'listingId': 1582, 'PhotoUrl': 'https://images.listings.offcampusliving.cornell.edu/listings/1582/125 2024 3.jpg', 'SortOrder': 8}, {'PhotoId': 43028, 'PhotoName': '125 2024 4.jpg', 'IsDefault': False, 'AddedDateTime': '2025-09-07T21:17:05.752Z', 'listingId': 1582, 'PhotoUrl': 'https://images.listings.offcampusliving.cornell.edu/listings/1582/125 2024 4.jpg', 'SortOrder': 9}, {'PhotoId': 43029, 'PhotoName': '20240814_112909.jpg', 'IsDefault': False, 'AddedDateTime': '2025-09-07T21:19:49.443Z', 'listingId': 1582, 'PhotoUrl': 'https://images.listings.offcampusliving.cornell.edu/listings/1582/20240814_112909.jpg', 'SortOrder': 10}, {'PhotoId': 43030, 'PhotoName': '20240814_113030.jpg', 'IsDefault': False, 'AddedDateTime': '2025-09-07T21:19:50.462Z', 'listingId': 1582, 'PhotoUrl': 'https://images.listings.offcampusliving.cornell.edu/listings/1582/20240814_113030.jpg', 'SortOrder': 11}, {'PhotoId': 43031, 'PhotoName': '20240814_113216.jpg', 'IsDefault': False, 'AddedDateTime': '2025-09-07T21:19:51.583Z', 'listingId': 1582, 'PhotoUrl': 'https://images.listings.offcampusliving.cornell.edu/listings/1582/20240814_113216.jpg', 'SortOrder': 12}, {'PhotoId': 43032, 'PhotoName': '20250801_162924.jpg', 'IsDefault': False, 'AddedDateTime': '2025-09-07T21:19:52.632Z', 'listingId': 1582, 'PhotoUrl': 'https://images.listings.offcampusliving.cornell.edu/listings/1582/20250801_162924.jpg', 'SortOrder': 13}, {'PhotoId': 37303, 'PhotoName': '20240814_113203[49867].jpg', 'IsDefault': False, 'AddedDateTime': '2024-08-28T12:00:54.220Z', 'listingId': 1582, 'PhotoUrl': 'https://images.listings.offcampusliving.cornell.edu/listings/1582/20240814_113203[49867].jpg', 'SortOrder': 14}, {'PhotoId': 37588, 'PhotoName': '125 2024 2.jpg', 'IsDefault': False, 'AddedDateTime': '2024-09-18T20:08:22.918Z', 'listingId': 1582, 'PhotoUrl': 'https://images.listings.offcampusliving.cornell.edu/listings/1582/125 2024 2.jpg', 'SortOrder': 15}]","{""BuildingAddress"": ""125-27 QUARRY STREET N"", ""OverallSafetyRating"": 8, ""CategoryScores"": [{""Fire Protection"": 0}, {""Notification Systems"": 0}, {""Emergency Egress"": 0}, {""Applicable Code"": 0}, {""Fire Extinguishers"": 0}, {""Construction Type"": 0}, {""Valid Certificate of Compliance"": 8}], ""OverallSafetyRatingAsPercentage"": 17, ""CategoryScoresAsPercentage"": [{""Fire Protection"": 0}, {""Notification Systems"": 0}, {""Emergency Egress"": 0}, {""Applicable Code"": 0}, {""Fire Extinguishers"": 0}, {""Construction Type"": 0}, {""Valid Certificate of Compliance"": 100}], ""SprinklerType"": [], ""FireExtinguisherCertificateExpiration"": null, ""NotificationSystem"": [{""subCategory"": ""Single Station Smoke Alarm"", ""notificationType"": ""Single Station Smoke Alarm"", ""notificationSystemCertificateExpiration"": ""2024-08-09""}, {""subCategory"": ""Fire Alarm System"", ""notificationType"": ""Fire Alarm System"", ""notificationSystemCertificateExpiration"": ""2024-09-21""}], ""HasValidCertificateOfOccupancy"": true, ""MeetsMinimumRequirements"": false, ""ExceedsRequirements"": false, ""HasFireResistantConstructionType"": false, ""SatisfiesApplicableCode"": false, ""CertificateExpirationDate"": ""2026-10-12T00:00:00.000Z"", ""DateLastUpdated"": ""2025-10-19T07:01:36.000Z""}"
1583,14,2026-06-01T00:00:00.000Z,12,712 BUFFALO STREET E,,Ithaca,14850,"Collegetown entire house @ Buffalo Street & Eddy. 
7/8 bedrooms, 3 full baths, open concept kitchen/living room, fully furnished, hardwood floor, central AC super location 884 pp plus utilities"," Collegetown: Perfect House for 7 or 8 at the Corner of Buffalo & Eddy Street.  5 min walk to Cornell, 
7 / 8 bedrooms, three full baths, kitchen/ living room common area, hardwood floors, nicely furnished.  Enjoy this excellent location, front porch, one free carport parking space, central AC free laundry.  Big windows, hardwood.Priced per 8.Excellent local landlord.  June 2026. For more photos and info contact pehrich1@gmail.com or phone/text 607-592-1817  Use both.
Touring now for 2026-27",884,Price Per Person,No,"['Air Conditioning', 'Electronic Payments Accepted ', 'Furnished', 'Internet Available', 'Kitchen', 'Laundry Facilities', 'Off-Street Parking Included', 'Off-Street Parking Available', 'Electronic Payments Accepted', 'Near Bus Route']",No Preference,8,3,"['Undergraduate', 'Graduate']",Rent,42.44181836666522,-76.48803649702464,"{'lat': 42.44181836666522, 'lng': -76.48803649702464}",True,2025-10-24T00:00:00.000Z,True,Yes,2021-11-29T15:20:58.001Z,2025-08-24T22:32:14.672Z,712 BUFFALO STREET E,"[{'PhotoId': 42816, 'PhotoName': 'IMG_9477.JPG', 'IsDefault': True, 'AddedDateTime': '2025-08-24T16:34:26.375Z', 'listingId': 1583, 'PhotoUrl': 'https://images.listings.offcampusliving.cornell.edu/listings/1583/IMG_9477.JPG', 'SortOrder': 1}, {'PhotoId': 42830, 'PhotoName': 'lr.jpg', 'IsDefault': False, 'AddedDateTime': '2025-08-24T17:42:48.218Z', 'listingId': 1583, 'PhotoUrl': 'https://images.listings.offcampusliving.cornell.edu/listings/1583/lr.jpg', 'SortOrder': 2}, {'PhotoId': 42822, 'PhotoName': 'buff21sm.jpg', 'IsDefault': False, 'AddedDateTime': '2025-08-24T17:32:29.419Z', 'listingId': 1583, 'PhotoUrl': 'https://images.listings.offcampusliving.cornell.edu/listings/1583/buff21sm.jpg', 'SortOrder': 3}, {'PhotoId': 15465, 'PhotoName': 'buffa;p 2019 003.JPG', 'IsDefault': False, 'AddedDateTime': '2019-09-07T17:38:33.000Z', 'listingId': 1583, 'PhotoUrl': 'https://images.listings.offcampusliving.cornell.edu/listings/1583/buffa;p 2019 003.JPG', 'SortOrder': 4}, {'PhotoId': 15466, 'PhotoName': 'buffa;p 2019 004.JPG', 'IsDefault': False, 'AddedDateTime': '2019-09-07T17:38:33.000Z', 'listingId': 1583, 'PhotoUrl': 'https://images.listings.offcampusliving.cornell.edu/listings/1583/buffa;p 2019 004.JPG', 'SortOrder': 5}, {'PhotoId': 42827, 'PhotoName': 'buff17.jpg', 'IsDefault': False, 'AddedDateTime': '2025-08-24T17:37:44.135Z', 'listingId': 1583, 'PhotoUrl': 'https://images.listings.offcampusliving.cornell.edu/listings/1583/buff17.jpg', 'SortOrder': 6}, {'PhotoId': 42828, 'PhotoName': 'buff19.jpg', 'IsDefault': False, 'AddedDateTime': '2025-08-24T17:38:12.268Z', 'listingId': 1583, 'PhotoUrl': 'https://images.listings.offcampusliving.cornell.edu/listings/1583/buff19.jpg', 'SortOrder': 7}, {'PhotoId': 42823, 'PhotoName': 'kitch sm.JPG', 'IsDefault': False, 'AddedDateTime': '2025-08-24T17:34:03.741Z', 'listingId': 1583, 'PhotoUrl': 'https://images.listings.offcampusliving.cornell.edu/listings/1583/kitch sm.JPG', 'SortOrder': 8}, {'PhotoId': 42821, 'PhotoName': 'buff bed1.jpg', 'IsDefault': False, 'AddedDateTime': '2025-08-24T17:31:32.195Z', 'listingId': 1583, 'PhotoUrl': 'https://images.listings.offcampusliving.cornell.edu/listings/1583/buff bed1.jpg', 'SortOrder': 9}, {'PhotoId': 42820, 'PhotoName': 'buff 10.jpg', 'IsDefault': False, 'AddedDateTime': '2025-08-24T16:41:36.681Z', 'listingId': 1583, 'PhotoUrl': 'https://images.listings.offcampusliving.cornell.edu/listings/1583/buff 10.jpg', 'SortOrder': 10}, {'PhotoId': 21632, 'PhotoName': 'turnovers 2020 023.JPG', 'IsDefault': False, 'AddedDateTime': '2020-09-27T22:15:02.000Z', 'listingId': 1583, 'PhotoUrl': 'https://images.listings.offcampusliving.cornell.edu/listings/1583/turnovers 2020 023.JPG', 'SortOrder': 11}, {'PhotoId': 42818, 'PhotoName': 'buffalo bed 2 2023.jpg', 'IsDefault': False, 'AddedDateTime': '2025-08-24T16:34:29.432Z', 'listingId': 1583, 'PhotoUrl': 'https://images.listings.offcampusliving.cornell.edu/listings/1583/buffalo bed 2 2023.jpg', 'SortOrder': 12}, {'PhotoId': 42817, 'PhotoName': 'buffalo bed 22 2023.jpg', 'IsDefault': False, 'AddedDateTime': '2025-08-24T16:34:28.068Z', 'listingId': 1583, 'PhotoUrl': 'https://images.listings.offcampusliving.cornell.edu/listings/1583/buffalo bed 22 2023.jpg', 'SortOrder': 13}, {'PhotoId': 42813, 'PhotoName': 'buffbed11.jpg', 'IsDefault': False, 'AddedDateTime': '2025-08-24T16:33:48.301Z', 'listingId': 1583, 'PhotoUrl': 'https://images.listings.offcampusliving.cornell.edu/listings/1583/buffbed11.jpg', 'SortOrder': 14}, {'PhotoId': 21631, 'PhotoName': 'turnovers 2020 022.JPG', 'IsDefault': False, 'AddedDateTime': '2020-09-27T22:14:26.000Z', 'listingId': 1583, 'PhotoUrl': 'https://images.listings.offcampusliving.cornell.edu/listings/1583/turnovers 2020 022.JPG', 'SortOrder': 15}, {'PhotoId': 15636, 'PhotoName': '2017 housing file 217.jpg', 'IsDefault': False, 'AddedDateTime': '2019-09-13T13:30:06.000Z', 'listingId': 1583, 'PhotoUrl': 'https://images.listings.offcampusliving.cornell.edu/listings/1583/2017 housing file 217.jpg', 'SortOrder': 16}, {'PhotoId': 21636, 'PhotoName': 'turnovers 2020 039.JPG', 'IsDefault': False, 'AddedDateTime': '2020-09-27T22:16:56.000Z', 'listingId': 1583, 'PhotoUrl': 'https://images.listings.offcampusliving.cornell.edu/listings/1583/turnovers 2020 039.JPG', 'SortOrder': 17}, {'PhotoId': 21635, 'PhotoName': 'turnovers 2020 041.JPG', 'IsDefault': False, 'AddedDateTime': '2020-09-27T22:16:49.000Z', 'listingId': 1583, 'PhotoUrl': 'https://images.listings.offcampusliving.cornell.edu/listings/1583/turnovers 2020 041.JPG', 'SortOrder': 18}, {'PhotoId': 15635, 'PhotoName': '2017 housing file 216.jpg', 'IsDefault': False, 'AddedDateTime': '2019-09-13T13:30:04.000Z', 'listingId': 1583, 'PhotoUrl': 'https://images.listings.offcampusliving.cornell.edu/listings/1583/2017 housing file 216.jpg', 'SortOrder': 19}, {'PhotoId': 21637, 'PhotoName': 'turnovers 2020 043.JPG', 'IsDefault': False, 'AddedDateTime': '2020-09-27T22:18:19.000Z', 'listingId': 1583, 'PhotoUrl': 'https://images.listings.offcampusliving.cornell.edu/listings/1583/turnovers 2020 043.JPG', 'SortOrder': 20}, {'PhotoId': 21633, 'PhotoName': 'turnovers 2020 031.JPG', 'IsDefault': False, 'AddedDateTime': '2020-09-27T22:15:45.000Z', 'listingId': 1583, 'PhotoUrl': 'https://images.listings.offcampusliving.cornell.edu/listings/1583/turnovers 2020 031.JPG', 'SortOrder': 21}, {'PhotoId': 21627, 'PhotoName': 'turnovers 2020 003.JPG', 'IsDefault': False, 'AddedDateTime': '2020-09-27T22:13:13.000Z', 'listingId': 1583, 'PhotoUrl': 'https://images.listings.offcampusliving.cornell.edu/listings/1583/turnovers 2020 003.JPG', 'SortOrder': 22}, {'PhotoId': 42825, 'PhotoName': 'buff6.jpg', 'IsDefault': False, 'AddedDateTime': '2025-08-24T17:34:54.004Z', 'listingId': 1583, 'PhotoUrl': 'https://images.listings.offcampusliving.cornell.edu/listings/1583/buff6.jpg', 'SortOrder': 23}, {'PhotoId': 15637, 'PhotoName': '2017 housing file 215.jpg', 'IsDefault': False, 'AddedDateTime': '2019-09-13T13:30:06.000Z', 'listingId': 1583, 'PhotoUrl': 'https://images.listings.offcampusliving.cornell.edu/listings/1583/2017 housing file 215.jpg', 'SortOrder': 24}, {'PhotoId': 21630, 'PhotoName': 'turnovers 2020 007.JPG', 'IsDefault': False, 'AddedDateTime': '2020-09-27T22:13:57.000Z', 'listingId': 1583, 'PhotoUrl': 'https://images.listings.offcampusliving.cornell.edu/listings/1583/turnovers 2020 007.JPG', 'SortOrder': 25}, {'PhotoId': 42826, 'PhotoName': 'buff14.jpg', 'IsDefault': False, 'AddedDateTime': '2025-08-24T17:37:18.774Z', 'listingId': 1583, 'PhotoUrl': 'https://images.listings.offcampusliving.cornell.edu/listings/1583/buff14.jpg', 'SortOrder': 26}, {'PhotoId': 42829, 'PhotoName': 'buffloft.jpg', 'IsDefault': False, 'AddedDateTime': '2025-08-24T17:39:31.624Z', 'listingId': 1583, 'PhotoUrl': 'https://images.listings.offcampusliving.cornell.edu/listings/1583/buffloft.jpg', 'SortOrder': 27}, {'PhotoId': 42812, 'PhotoName': 'buff 8.jpg', 'IsDefault': False, 'AddedDateTime': '2025-08-24T16:33:47.152Z', 'listingId': 1583, 'PhotoUrl': 'https://images.listings.offcampusliving.cornell.edu/listings/1583/buff 8.jpg', 'SortOrder': 28}, {'PhotoId': 15634, 'PhotoName': '2017 housing file 193.jpg', 'IsDefault': False, 'AddedDateTime': '2019-09-13T13:27:17.000Z', 'listingId': 1583, 'PhotoUrl': 'https://images.listings.offcampusliving.cornell.edu/listings/1583/2017 housing file 193.jpg', 'SortOrder': 29}, {'PhotoId': 42814, 'PhotoName': 'buff laundry.jpg', 'IsDefault': False, 'AddedDateTime': '2025-08-24T16:34:08.234Z', 'listingId': 1583, 'PhotoUrl': 'https://images.listings.offcampusliving.cornell.edu/listings/1583/buff laundry.jpg', 'SortOrder': 30}]","{""BuildingAddress"": ""712 BUFFALO STREET E"", ""OverallSafetyRating"": 8, ""CategoryScores"": [{""Fire Protection"": 0}, {""Notification Systems"": 0}, {""Emergency Egress"": 0}, {""Applicable Code"": 0}, {""Fire Extinguishers"": 0}, {""Construction Type"": 0}, {""Valid Certificate of Compliance"": 8}], ""OverallSafetyRatingAsPercentage"": 17, ""CategoryScoresAsPercentage"": [{""Fire Protection"": 0}, {""Notification Systems"": 0}, {""Emergency Egress"": 0}, {""Applicable Code"": 0}, {""Fire Extinguishers"": 0}, {""Construction Type"": 0}, {""Valid Certificate of Compliance"": 100}], ""SprinklerType"": [], ""FireExtinguisherCertificateExpiration"": null, ""NotificationSystem"": [{""subCategory"": ""Single Station Smoke Alarm"", ""notificationType"": ""Single Station Smoke Alarm"", ""notificationSystemCertificateExpiration"": ""2024-06-04""}, {""subCategory"": ""Fire Alarm System"", ""notificationType"": ""Fire Alarm System"", ""notificationSystemCertificateExpiration"": ""2024-06-25""}], ""HasValidCertificateOfOccupancy"": true, ""MeetsMinimumRequirements"": true, ""ExceedsRequirements"": false, ""HasFireResistantConstructionType"": false, ""SatisfiesApplicableCode"": false, ""CertificateExpirationDate"": ""2026-06-11T00:00:00.000Z"", ""DateLastUpdated"": ""2025-10-19T07:02:07.000Z""}"
1585,229,2026-08-20T00:00:00.000Z,12,312-24 THURSTON AVENUE,C14,Ithaca,14850,3 bedroom 2 bath furnished apartment suitable for up to 5 people.,3 bedroom 2 bath furnished apartment for up to five people.  2 minute walk to campus.  Suitable for up to 5 people.  Check spam folder if no response to email inquiry.,2900,Price Per Unit,Yes,"['Air Conditioning', 'Furnished', 'Heat Included', 'Internet Available', 'Kitchen', 'Laundry Facilities', 'Near Bus Route', 'Off-Street Parking Available', 'Water Included']",No Preference,3,2,"['Staff/Faculty', 'Undergraduate', 'Graduate']",Rent,42.45470917161032,-76.48545900016263,"{'lat': 42.45470917161032, 'lng': -76.48545900016263}",True,2026-01-22T00:00:00.000Z,True,Yes,2021-11-29T15:20:58.078Z,2025-09-22T17:27:51.299Z,312-24 THURSTON AVENUE,"[{'PhotoId': 37623, 'PhotoName': 'IMG_8121.jpeg', 'IsDefault': True, 'AddedDateTime': '2024-09-24T17:57:11.923Z', 'listingId': 1585, 'PhotoUrl': 'https://images.listings.offcampusliving.cornell.edu/listings/1585/IMG_8121.jpeg', 'SortOrder': 1}, {'PhotoId': 37627, 'PhotoName': 'IMG_8127.jpeg', 'IsDefault': False, 'AddedDateTime': '2024-09-24T17:59:54.373Z', 'listingId': 1585, 'PhotoUrl': 'https://images.listings.offcampusliving.cornell.edu/listings/1585/IMG_8127.jpeg', 'SortOrder': None}, {'PhotoId': 37622, 'PhotoName': 'IMG_8129.jpeg', 'IsDefault': False, 'AddedDateTime': '2024-09-24T17:56:49.534Z', 'listingId': 1585, 'PhotoUrl': 'https://images.listings.offcampusliving.cornell.edu/listings/1585/IMG_8129.jpeg', 'SortOrder': 7}, {'PhotoId': 37624, 'PhotoName': 'IMG_8123.jpeg', 'IsDefault': False, 'AddedDateTime': '2024-09-24T17:57:27.191Z', 'listingId': 1585, 'PhotoUrl': 'https://images.listings.offcampusliving.cornell.edu/listings/1585/IMG_8123.jpeg', 'SortOrder': 8}, {'PhotoId': 37625, 'PhotoName': 'IMG_8126.jpeg', 'IsDefault': False, 'AddedDateTime': '2024-09-24T17:57:43.251Z', 'listingId': 1585, 'PhotoUrl': 'https://images.listings.offcampusliving.cornell.edu/listings/1585/IMG_8126.jpeg', 'SortOrder': 9}, {'PhotoId': 37626, 'PhotoName': 'IMG_8125.jpeg', 'IsDefault': False, 'AddedDateTime': '2024-09-24T17:57:59.712Z', 'listingId': 1585, 'PhotoUrl': 'https://images.listings.offcampusliving.cornell.edu/listings/1585/IMG_8125.jpeg', 'SortOrder': 11}]","{""BuildingAddress"": ""312-24 THURSTON AVENUE"", ""OverallSafetyRating"": 8, ""CategoryScores"": [{""Fire Protection"": 0}, {""Notification Systems"": 0}, {""Emergency Egress"": 0}, {""Applicable Code"": 0}, {""Fire Extinguishers"": 0}, {""Construction Type"": 0}, {""Valid Certificate of Compliance"": 8}], ""OverallSafetyRatingAsPercentage"": 17, ""CategoryScoresAsPercentage"": [{""Fire Protection"": 0}, {""Notification Systems"": 0}, {""Emergency Egress"": 0}, {""Applicable Code"": 0}, {""Fire Extinguishers"": 0}, {""Construction Type"": 0}, {""Valid Certificate of Compliance"": 100}], ""SprinklerType"": [], ""FireExtinguisherCertificateExpiration"": null, ""NotificationSystem"": [{""subCategory"": ""Single Station Smoke Alarm"", ""notificationType"": ""Single Station Smoke Alarm"", ""notificationSystemCertificateExpiration"": ""2025-05-13""}], ""HasValidCertificateOfOccupancy"": true, ""MeetsMinimumRequirements"": false, ""ExceedsRequirements"": false, ""HasFireResistantConstructionType"": false, ""SatisfiesApplicableCode"": false, ""CertificateExpirationDate"": ""2027-06-16T00:00:00.000Z"", ""DateLastUpdated"": ""2025-10-19T07:01:49.000Z""}"
1591,37,2026-06-15T00:00:00.000Z,12,115 COLLEGE AVENUE,04,Ithaca,14850,"Visit us at demosjohnnycollegetownrentals.com 4 Bedrooms, spacious living room and kitchen areas Right in the Heart of Collegetown location, close distance to campus and restaurants.","Visit us at demosjohnnycollegetownrentals.com 4 Bedrooms, spacious living room and kitchen areas, Right in the Heart of Collegetown location, close distance to campus and restaurants. It is the perfect location for Cornell Students who want to be Close To It All! ",1100,Price Per Person,No,"['Furnished', 'Internet Available', 'Kitchen', 'Laundry Facilities', 'Near Bus Route', 'Off-Street Parking Available', 'Water Included']",No Preference,4,2,"['Graduate', 'Undergraduate']",Rent,42.43833183657667,-76.4846330600077,"{'lat': 42.43833183657667, 'lng': -76.4846330600077}",True,2025-11-03T00:00:00.000Z,True,Yes,2021-11-29T15:20:58.262Z,2025-09-25T13:56:50.297Z,115 COLLEGE AVENUE,"[{'PhotoId': 24606, 'PhotoName': 'Updated Outside 117 College Ave.JPG', 'IsDefault': True, 'AddedDateTime': '2021-10-06T00:33:37.000Z', 'listingId': 1591, 'PhotoUrl': 'https://images.listings.offcampusliving.cornell.edu/listings/1591/Updated Outside 117 College Ave.JPG', 'SortOrder': None}]","{""BuildingAddress"": ""115 COLLEGE AVENUE"", ""OverallSafetyRating"": 8, ""CategoryScores"": [{""Fire Protection"": 0}, {""Notification Systems"": 0}, {""Emergency Egress"": 0}, {""Applicable Code"": 0}, {""Fire Extinguishers"": 0}, {""Construction Type"": 0}, {""Valid Certificate of Compliance"": 8}], ""OverallSafetyRatingAsPercentage"": 17, ""CategoryScoresAsPercentage"": [{""Fire Protection"": 0}, {""Notification Systems"": 0}, {""Emergency Egress"": 0}, {""Applicable Code"": 0}, {""Fire Extinguishers"": 0}, {""Construction Type"": 0}, {""Valid Certificate of Compliance"": 100}], ""SprinklerType"": [], ""FireExtinguisherCertificateExpiration"": ""2025-01-31T00:00:00.000Z"", ""NotificationSystem"": [{""subCategory"": ""Fire Alarm System"", ""notificationType"": ""Fire Alarm System"", ""notificationSystemCertificateExpiration"": ""2025-03-05""}, {""subCategory"": ""Single Station Smoke Alarm"", ""notificationType"": ""Single Station Smoke Alarm"", ""notificationSystemCertificateExpiration"": ""2025-03-03""}], ""HasValidCertificateOfOccupancy"": true, ""MeetsMinimumRequirements"": false, ""ExceedsRequirements"": false, ""HasFireResistantConstructionType"": false, ""SatisfiesApplicableCode"": false, ""CertificateExpirationDate"": ""2027-03-03T00:00:00.000Z"", ""DateLastUpdated"": ""2025-10-19T07:01:33.000Z""}"
1592,37,2026-07-05T00:00:00.000Z,12,115 COLLEGE AVENUE,05,Ithaca,14850,"Visit us at demosjohnnycollegetownrentals.com 2 Bedroom, spacious living room and kitchen areas Right in the Heart of Collegetown location, close distance to campus and restaurants.","Visit our website 
demosjohnnycollegetownrentals.com
It is the perfect location for Cornell Students who want to be Close To It All (Downtown and Collegetown) Visit our website demosjohnnycollegetownrentals.com
It is th
Tour virtually our 30 Off Campus locations in the Heart of Collegetown Linden Ave, College Ave, Catherine Street, Blair Street, Eddy Street 
1, 2, 3, 4, 5, 6, 7, 8, 9 bedroom houses / apartments 
We have the perfect locations for Cornell Students who want to be Close To It All!!!",1150,Price Per Person,No,"['Furnished', 'Internet Available', 'Kitchen', 'Laundry Facilities', 'Near Bus Route', 'Off-Street Parking Available', 'Water Included', 'Electronic Payments Accepted ', 'Electricity Included', 'Electronic Payments Accepted']",No Preference,2,1,"['Graduate', 'Undergraduate']",Rent,42.4385445140091,-76.48476501067165,"{'lat': 42.4385445140091, 'lng': -76.48476501067165}",True,2025-10-31T00:00:00.000Z,True,Yes,2021-11-29T15:20:58.300Z,2025-09-25T14:09:00.098Z,115 COLLEGE AVENUE,"[{'PhotoId': 21594, 'PhotoName': 'IMG-5691.JPG', 'IsDefault': True, 'AddedDateTime': '2020-09-27T15:23:14.000Z', 'listingId': 1592, 'PhotoUrl': 'https://images.listings.offcampusliving.cornell.edu/listings/1592/IMG-5691.JPG', 'SortOrder': None}]","{""BuildingAddress"": ""115 COLLEGE AVENUE"", ""OverallSafetyRating"": 8, ""CategoryScores"": [{""Fire Protection"": 0}, {""Notification Systems"": 0}, {""Emergency Egress"": 0}, {""Applicable Code"": 0}, {""Fire Extinguishers"": 0}, {""Construction Type"": 0}, {""Valid Certificate of Compliance"": 8}], ""OverallSafetyRatingAsPercentage"": 17, ""CategoryScoresAsPercentage"": [{""Fire Protection"": 0}, {""Notification Systems"": 0}, {""Emergency Egress"": 0}, {""Applicable Code"": 0}, {""Fire Extinguishers"": 0}, {""Construction Type"": 0}, {""Valid Certificate of Compliance"": 100}], ""SprinklerType"": [], ""FireExtinguisherCertificateExpiration"": ""2025-01-31T00:00:00.000Z"", ""NotificationSystem"": [{""subCategory"": ""Fire Alarm System"", ""notificationType"": ""Fire Alarm System"", ""notificationSystemCertificateExpiration"": ""2025-03-05""}, {""subCategory"": ""Single Station Smoke Alarm"", ""notificationType"": ""Single Station Smoke Alarm"", ""notificationSystemCertificateExpiration"": ""2025-03-03""}], ""HasValidCertificateOfOccupancy"": true, ""MeetsMinimumRequirements"": false, ""ExceedsRequirements"": false, ""HasFireResistantConstructionType"": false, ""SatisfiesApplicableCode"": false, ""CertificateExpirationDate"": ""2027-03-03T00:00:00.000Z"", ""DateLastUpdated"": ""2025-10-19T07:01:33.000Z""}"
1598,643,2026-01-02T00:00:00.000Z,7,380 Coddington Rd.,,Ithaca,14850,"Clean. Furnished Move-in Ready. Ithaca College very close: 10 min walk/2 min drive. Well -Maintained, 1BR Available in a Furnished 3BR duplex. ALL UTILITIES INCLUDED. Washer/Dryer. AC. Parking. Yard.","Updated Kitchen w/dishwasher, new stove, microwave, new frig. Updated Bathroom w/tub-shower, linen closet. Spacious Bedroom w/hardwood floors. Living and Dining room w/carpet. AC. Furnishing: full-sized bed, desk, chair, dresser, sofa, love seat, coffee table, dining table w/4 chairs, floor lamps. ALL UTILITIES INCLUDED: HEAT, ELECTRIC, WATER, WIFI INTERNET, TRASH PICKUP, Non-Coin Op WASHER/DRYER, PARKING, AC. No Pets/No Smoking/No Vaping/No Weed. Current Housemates: late 20s male professionals.",790,Price Per Person,No,"['Air Conditioning', 'Electronic Payments Accepted ', 'Furnished', 'Heat Included', 'Internet Included', 'Kitchen', 'Laundry Facilities', 'Off-Street Parking Included', 'Permitted Street Parking Available ', 'Water Included', 'Electricity Included']",Male,1,1,"['Graduate', 'Sabbatic housing', 'Staff/Faculty', 'Undergraduate', 'Short-Term Housing', 'Spring Sublet', 'Summer Sublet']",Share,42.42011237228047,-76.48293910256311,"{'lat': 42.42011237228047, 'lng': -76.48293910256311}",True,2025-11-08T00:00:00.000Z,True,No,2021-11-29T15:20:58.518Z,2025-10-08T17:08:25.553Z,,"[{'PhotoId': 9269, 'PhotoName': 'DSCF1935.JPG', 'IsDefault': True, 'AddedDateTime': '2018-08-27T20:17:07.000Z', 'listingId': 1598, 'PhotoUrl': 'https://images.listings.offcampusliving.cornell.edu/listings/1598/DSCF1935.JPG', 'SortOrder': None}, {'PhotoId': 9270, 'PhotoName': 'DSCF1933.JPG', 'IsDefault': False, 'AddedDateTime': '2018-08-27T20:17:55.000Z', 'listingId': 1598, 'PhotoUrl': 'https://images.listings.offcampusliving.cornell.edu/listings/1598/DSCF1933.JPG', 'SortOrder': None}, {'PhotoId': 9271, 'PhotoName': 'DSCF1937.JPG', 'IsDefault': False, 'AddedDateTime': '2018-08-27T20:18:04.000Z', 'listingId': 1598, 'PhotoUrl': 'https://images.listings.offcampusliving.cornell.edu/listings/1598/DSCF1937.JPG', 'SortOrder': None}, {'PhotoId': 9272, 'PhotoName': 'DSCF1934.JPG', 'IsDefault': False, 'AddedDateTime': '2018-08-27T20:18:10.000Z', 'listingId': 1598, 'PhotoUrl': 'https://images.listings.offcampusliving.cornell.edu/listings/1598/DSCF1934.JPG', 'SortOrder': None}, {'PhotoId': 9273, 'PhotoName': 'DSCF1936.JPG', 'IsDefault': False, 'AddedDateTime': '2018-08-27T20:18:13.000Z', 'listingId': 1598, 'PhotoUrl': 'https://images.listings.offcampusliving.cornell.edu/listings/1598/DSCF1936.JPG', 'SortOrder': None}, {'PhotoId': 9274, 'PhotoName': 'DSCF1938.JPG', 'IsDefault': False, 'AddedDateTime': '2018-08-27T20:35:00.000Z', 'listingId': 1598, 'PhotoUrl': 'https://images.listings.offcampusliving.cornell.edu/listings/1598/DSCF1938.JPG', 'SortOrder': None}, {'PhotoId': 9275, 'PhotoName': 'DSCF1943.JPG', 'IsDefault': False, 'AddedDateTime': '2018-08-27T20:35:00.000Z', 'listingId': 1598, 'PhotoUrl': 'https://images.listings.offcampusliving.cornell.edu/listings/1598/DSCF1943.JPG', 'SortOrder': None}, {'PhotoId': 9276, 'PhotoName': 'DSCF1940.JPG', 'IsDefault': False, 'AddedDateTime': '2018-08-27T20:35:19.000Z', 'listingId': 1598, 'PhotoUrl': 'https://images.listings.offcampusliving.cornell.edu/listings/1598/DSCF1940.JPG', 'SortOrder': None}, {'PhotoId': 9277, 'PhotoName': 'DSCF1942.JPG', 'IsDefault': False, 'AddedDateTime': '2018-08-27T20:35:45.000Z', 'listingId': 1598, 'PhotoUrl': 'https://images.listings.offcampusliving.cornell.edu/listings/1598/DSCF1942.JPG', 'SortOrder': None}, {'PhotoId': 9278, 'PhotoName': 'DSCF1947.JPG', 'IsDefault': False, 'AddedDateTime': '2018-08-27T20:35:51.000Z', 'listingId': 1598, 'PhotoUrl': 'https://images.listings.offcampusliving.cornell.edu/listings/1598/DSCF1947.JPG', 'SortOrder': None}, {'PhotoId': 9279, 'PhotoName': 'DSCF1948.JPG', 'IsDefault': False, 'AddedDateTime': '2018-08-27T20:36:44.000Z', 'listingId': 1598, 'PhotoUrl': 'https://images.listings.offcampusliving.cornell.edu/listings/1598/DSCF1948.JPG', 'SortOrder': None}, {'PhotoId': 9280, 'PhotoName': 'DSCF1944.JPG', 'IsDefault': False, 'AddedDateTime': '2018-08-27T20:37:34.000Z', 'listingId': 1598, 'PhotoUrl': 'https://images.listings.offcampusliving.cornell.edu/listings/1598/DSCF1944.JPG', 'SortOrder': None}, {'PhotoId': 9281, 'PhotoName': 'DSCF1949.JPG', 'IsDefault': False, 'AddedDateTime': '2018-08-27T20:37:39.000Z', 'listingId': 1598, 'PhotoUrl': 'https://images.listings.offcampusliving.cornell.edu/listings/1598/DSCF1949.JPG', 'SortOrder': None}, {'PhotoId': 9282, 'PhotoName': 'DSCF1951.JPG', 'IsDefault': False, 'AddedDateTime': '2018-08-27T20:37:53.000Z', 'listingId': 1598, 'PhotoUrl': 'https://images.listings.offcampusliving.cornell.edu/listings/1598/DSCF1951.JPG', 'SortOrder': None}, {'PhotoId': 9283, 'PhotoName': 'DSCF1945.JPG', 'IsDefault': False, 'AddedDateTime': '2018-08-27T20:37:53.000Z', 'listingId': 1598, 'PhotoUrl': 'https://images.listings.offcampusliving.cornell.edu/listings/1598/DSCF1945.JPG', 'SortOrder': None}, {'PhotoId': 9284, 'PhotoName': 'DSCF1946.JPG', 'IsDefault': False, 'AddedDateTime': '2018-08-27T20:37:55.000Z', 'listingId': 1598, 'PhotoUrl': 'https://images.listings.offcampusliving.cornell.edu/listings/1598/DSCF1946.JPG', 'SortOrder': None}, {'PhotoId': 9285, 'PhotoName': 'DSCF1952.JPG', 'IsDefault': False, 'AddedDateTime': '2018-08-27T20:38:10.000Z', 'listingId': 1598, 'PhotoUrl': 'https://images.listings.offcampusliving.cornell.edu/listings/1598/DSCF1952.JPG', 'SortOrder': None}, {'PhotoId': 9286, 'PhotoName': 'DSCF1954.JPG', 'IsDefault': False, 'AddedDateTime': '2018-08-27T20:38:52.000Z', 'listingId': 1598, 'PhotoUrl': 'https://images.listings.offcampusliving.cornell.edu/listings/1598/DSCF1954.JPG', 'SortOrder': None}, {'PhotoId': 9287, 'PhotoName': 'DSCF1956.JPG', 'IsDefault': False, 'AddedDateTime': '2018-08-27T20:39:14.000Z', 'listingId': 1598, 'PhotoUrl': 'https://images.listings.offcampusliving.cornell.edu/listings/1598/DSCF1956.JPG', 'SortOrder': None}, {'PhotoId': 9288, 'PhotoName': 'DSCF1953.JPG', 'IsDefault': False, 'AddedDateTime': '2018-08-27T20:39:16.000Z', 'listingId': 1598, 'PhotoUrl': 'https://images.listings.offcampusliving.cornell.edu/listings/1598/DSCF1953.JPG', 'SortOrder': None}, {'PhotoId': 9289, 'PhotoName': 'DSCF1952.JPG', 'IsDefault': False, 'AddedDateTime': '2018-08-27T20:41:29.000Z', 'listingId': 1598, 'PhotoUrl': 'https://images.listings.offcampusliving.cornell.edu/listings/1598/DSCF1952.JPG', 'SortOrder': None}, {'PhotoId': 9290, 'PhotoName': 'DSCF1953.JPG', 'IsDefault': False, 'AddedDateTime': '2018-08-27T20:42:52.000Z', 'listingId': 1598, 'PhotoUrl': 'https://images.listings.offcampusliving.cornell.edu/listings/1598/DSCF1953.JPG', 'SortOrder': None}, {'PhotoId': 9291, 'PhotoName': 'DSCF1954.JPG', 'IsDefault': False, 'AddedDateTime': '2018-08-27T20:42:59.000Z', 'listingId': 1598, 'PhotoUrl': 'https://images.listings.offcampusliving.cornell.edu/listings/1598/DSCF1954.JPG', 'SortOrder': None}, {'PhotoId': 9292, 'PhotoName': 'DSCF1956.JPG', 'IsDefault': False, 'AddedDateTime': '2018-08-27T20:43:00.000Z', 'listingId': 1598, 'PhotoUrl': 'https://images.listings.offcampusliving.cornell.edu/listings/1598/DSCF1956.JPG', 'SortOrder': None}, {'PhotoId': 9293, 'PhotoName': 'DSCF1958.JPG', 'IsDefault': False, 'AddedDateTime': '2018-08-27T20:43:12.000Z', 'listingId': 1598, 'PhotoUrl': 'https://images.listings.offcampusliving.cornell.edu/listings/1598/DSCF1958.JPG', 'SortOrder': None}, {'PhotoId': 9294, 'PhotoName': 'DSCF1957.JPG', 'IsDefault': False, 'AddedDateTime': '2018-08-27T20:43:19.000Z', 'listingId': 1598, 'PhotoUrl': 'https://images.listings.offcampusliving.cornell.edu/listings/1598/DSCF1957.JPG', 'SortOrder': None}, {'PhotoId': 9295, 'PhotoName': 'DSCF1963.JPG', 'IsDefault': False, 'AddedDateTime': '2018-08-27T20:45:37.000Z', 'listingId': 1598, 'PhotoUrl': 'https://images.listings.offcampusliving.cornell.edu/listings/1598/DSCF1963.JPG', 'SortOrder': None}, {'PhotoId': 9296, 'PhotoName': 'DSCF1964.JPG', 'IsDefault': False, 'AddedDateTime': '2018-08-27T20:46:16.000Z', 'listingId': 1598, 'PhotoUrl': 'https://images.listings.offcampusliving.cornell.edu/listings/1598/DSCF1964.JPG', 'SortOrder': None}, {'PhotoId': 9297, 'PhotoName': 'DSCF1961.JPG', 'IsDefault': False, 'AddedDateTime': '2018-08-27T20:46:32.000Z', 'listingId': 1598, 'PhotoUrl': 'https://images.listings.offcampusliving.cornell.edu/listings/1598/DSCF1961.JPG', 'SortOrder': None}, {'PhotoId': 9298, 'PhotoName': 'DSCF1962.JPG', 'IsDefault': False, 'AddedDateTime': '2018-08-27T20:46:38.000Z', 'listingId': 1598, 'PhotoUrl': 'https://images.listings.offcampusliving.cornell.edu/listings/1598/DSCF1962.JPG', 'SortOrder': None}]",
1618,640,2026-08-10T00:00:00.000Z,11,108 CATHERINE STREET,1-12,Ithaca,14850,12 Bedroom House ,"Large house, 11 bedrooms, 5 Bathrooms, can rent to 13 students, includes utilities, furnished, Laundry in building, Newly remodeled, Clean, Parking available, 5 bathrooms, two kitchens. 10 or 11 month lease. ",1100,Price Per Person,No,"['Electricity Included', 'Furnished', 'Heat Included', 'Electronic Payments Accepted ', 'Kitchen', 'Laundry Facilities', 'Near Bus Route', 'Water Included', 'Internet Available', 'Off-Street Parking Available']",No Preference,10,4,"['Graduate', 'Undergraduate']",Rent,42.44030823770387,-76.48662359241018,"{'lat': 42.44030823770387, 'lng': -76.48662359241018}",True,2025-11-10T00:00:00.000Z,True,Yes,2021-11-29T15:20:59.266Z,2025-09-19T05:38:12.963Z,108 CATHERINE STREET,"[{'PhotoId': 37063, 'PhotoName': 'Catherine St house240471768_10158559355568727_2449542429618543928_n.jpg', 'IsDefault': True, 'AddedDateTime': '2024-08-13T03:45:19.623Z', 'listingId': 1618, 'PhotoUrl': 'https://images.listings.offcampusliving.cornell.edu/listings/1618/Catherine St house240471768_10158559355568727_2449542429618543928_n.jpg', 'SortOrder': None}, {'PhotoId': 37281, 'PhotoName': 're7g7eah.png', 'IsDefault': False, 'AddedDateTime': '2024-08-27T08:49:12.182Z', 'listingId': 1618, 'PhotoUrl': 'https://images.listings.offcampusliving.cornell.edu/listings/1618/re7g7eah.png', 'SortOrder': None}, {'PhotoId': 37282, 'PhotoName': '2c864791-6cc3-4b22-9f6a-fad0faf8ebf6.jpg', 'IsDefault': False, 'AddedDateTime': '2024-08-27T08:49:29.628Z', 'listingId': 1618, 'PhotoUrl': 'https://images.listings.offcampusliving.cornell.edu/listings/1618/2c864791-6cc3-4b22-9f6a-fad0faf8ebf6.jpg', 'SortOrder': None}, {'PhotoId': 37283, 'PhotoName': 'CatthereeinnneIMG_2457.jpeg', 'IsDefault': False, 'AddedDateTime': '2024-08-27T08:52:53.695Z', 'listingId': 1618, 'PhotoUrl': 'https://images.listings.offcampusliving.cornell.edu/listings/1618/CatthereeinnneIMG_2457.jpeg', 'SortOrder': None}, {'PhotoId': 37284, 'PhotoName': 'IMG_4537.JPEG', 'IsDefault': False, 'AddedDateTime': '2024-08-27T08:53:16.189Z', 'listingId': 1618, 'PhotoUrl': 'https://images.listings.offcampusliving.cornell.edu/listings/1618/IMG_4537.JPEG', 'SortOrder': None}, {'PhotoId': 37285, 'PhotoName': 'IMG_2459.jpg', 'IsDefault': False, 'AddedDateTime': '2024-08-27T08:57:27.612Z', 'listingId': 1618, 'PhotoUrl': 'https://images.listings.offcampusliving.cornell.edu/listings/1618/IMG_2459.jpg', 'SortOrder': None}, {'PhotoId': 37286, 'PhotoName': 'IMG_2456.jpg', 'IsDefault': False, 'AddedDateTime': '2024-08-27T08:58:40.254Z', 'listingId': 1618, 'PhotoUrl': 'https://images.listings.offcampusliving.cornell.edu/listings/1618/IMG_2456.jpg', 'SortOrder': None}, {'PhotoId': 37287, 'PhotoName': 'IMG_2458.jpg', 'IsDefault': False, 'AddedDateTime': '2024-08-27T08:59:08.503Z', 'listingId': 1618, 'PhotoUrl': 'https://images.listings.offcampusliving.cornell.edu/listings/1618/IMG_2458.jpg', 'SortOrder': None}, {'PhotoId': 43238, 'PhotoName': '108Catherine STsdfghgjhOIP.jpeg', 'IsDefault': False, 'AddedDateTime': '2025-09-19T05:39:44.270Z', 'listingId': 1618, 'PhotoUrl': 'https://images.listings.offcampusliving.cornell.edu/listings/1618/108Catherine STsdfghgjhOIP.jpeg', 'SortOrder': None}]","{""BuildingAddress"": ""108 CATHERINE STREET"", ""OverallSafetyRating"": 8, ""CategoryScores"": [{""Fire Protection"": 0}, {""Notification Systems"": 0}, {""Emergency Egress"": 0}, {""Applicable Code"": 0}, {""Fire Extinguishers"": 0}, {""Construction Type"": 0}, {""Valid Certificate of Compliance"": 8}], ""OverallSafetyRatingAsPercentage"": 17, ""CategoryScoresAsPercentage"": [{""Fire Protection"": 0}, {""Notification Systems"": 0}, {""Emergency Egress"": 0}, {""Applicable Code"": 0}, {""Fire Extinguishers"": 0}, {""Construction Type"": 0}, {""Valid Certificate of Compliance"": 100}], ""SprinklerType"": [], ""FireExtinguisherCertificateExpiration"": null, ""NotificationSystem"": [{""subCategory"": ""Fire Alarm System"", ""notificationType"": ""Fire Alarm System"", ""notificationSystemCertificateExpiration"": ""2023-09-29""}, {""subCategory"": ""Single Station Smoke Alarm"", ""notificationType"": ""Single Station Smoke Alarm"", ""notificationSystemCertificateExpiration"": ""2023-09-22""}], ""HasValidCertificateOfOccupancy"": true, ""MeetsMinimumRequirements"": true, ""ExceedsRequirements"": false, ""HasFireResistantConstructionType"": false, ""SatisfiesApplicableCode"": false, ""CertificateExpirationDate"": ""2027-10-23T00:00:00.000Z"", ""DateLastUpdated"": ""2025-10-19T07:01:30.000Z""}"
1697,229,2026-08-20T00:00:00.000Z,12,304 THURSTON AVENUE (BLDG. B),,Ithaca,14850,3 Bedroom Apts. available for 2025-26,Short walk to the center of campus.  All apartments are furnished and have two bathrooms.  Check spam folder if no response to email inquiry.,3000,Price Per Unit,Yes,"['Furnished', 'Heat Included', 'Internet Available', 'Kitchen', 'Laundry Facilities', 'Near Bus Route', 'Off-Street Parking Available']",No Preference,3,2,"['Graduate', 'Sabbatic housing', 'Staff/Faculty', 'Undergraduate']",Rent,42.45428544425138,-76.48602262415437,"{'lat': 42.45428544425138, 'lng': -76.48602262415437}",True,2026-01-22T00:00:00.000Z,True,Yes,2021-11-29T15:21:02.478Z,2025-09-22T17:28:59.492Z,304 THURSTON AVENUE (BLDG. B),"[{'PhotoId': 37628, 'PhotoName': 'IMG_8311.jpeg', 'IsDefault': True, 'AddedDateTime': '2024-09-24T18:02:53.691Z', 'listingId': 1697, 'PhotoUrl': 'https://images.listings.offcampusliving.cornell.edu/listings/1697/IMG_8311.jpeg', 'SortOrder': None}, {'PhotoId': 37629, 'PhotoName': 'IMG_8315.jpeg', 'IsDefault': False, 'AddedDateTime': '2024-09-24T18:03:07.897Z', 'listingId': 1697, 'PhotoUrl': 'https://images.listings.offcampusliving.cornell.edu/listings/1697/IMG_8315.jpeg', 'SortOrder': None}, {'PhotoId': 37630, 'PhotoName': 'IMG_8318.jpeg', 'IsDefault': False, 'AddedDateTime': '2024-09-24T18:03:20.582Z', 'listingId': 1697, 'PhotoUrl': 'https://images.listings.offcampusliving.cornell.edu/listings/1697/IMG_8318.jpeg', 'SortOrder': None}, {'PhotoId': 37631, 'PhotoName': 'IMG_8316.jpeg', 'IsDefault': False, 'AddedDateTime': '2024-09-24T18:03:32.298Z', 'listingId': 1697, 'PhotoUrl': 'https://images.listings.offcampusliving.cornell.edu/listings/1697/IMG_8316.jpeg', 'SortOrder': None}, {'PhotoId': 37632, 'PhotoName': 'IMG_8317.jpeg', 'IsDefault': False, 'AddedDateTime': '2024-09-24T18:03:44.485Z', 'listingId': 1697, 'PhotoUrl': 'https://images.listings.offcampusliving.cornell.edu/listings/1697/IMG_8317.jpeg', 'SortOrder': None}, {'PhotoId': 37633, 'PhotoName': 'IMG_8310.jpeg', 'IsDefault': False, 'AddedDateTime': '2024-09-24T18:03:57.076Z', 'listingId': 1697, 'PhotoUrl': 'https://images.listings.offcampusliving.cornell.edu/listings/1697/IMG_8310.jpeg', 'SortOrder': None}]","{""BuildingAddress"": ""304 THURSTON AVENUE (BLDG. B)"", ""OverallSafetyRating"": 16, ""CategoryScores"": [{""Fire Protection"": 0}, {""Notification Systems"": 2}, {""Emergency Egress"": 0}, {""Applicable Code"": 6}, {""Fire Extinguishers"": 0}, {""Construction Type"": 0}, {""Valid Certificate of Compliance"": 8}], ""OverallSafetyRatingAsPercentage"": 34, ""CategoryScoresAsPercentage"": [{""Fire Protection"": 0}, {""Notification Systems"": 33}, {""Emergency Egress"": 0}, {""Applicable Code"": 100}, {""Fire Extinguishers"": 0}, {""Construction Type"": 0}, {""Valid Certificate of Compliance"": 100}], ""SprinklerType"": [], ""FireExtinguisherCertificateExpiration"": ""2025-03-31T00:00:00.000Z"", ""NotificationSystem"": [{""subCategory"": ""CO Detector"", ""notificationType"": ""CO Detector"", ""notificationSystemCertificateExpiration"": ""auto""}], ""HasValidCertificateOfOccupancy"": true, ""MeetsMinimumRequirements"": false, ""ExceedsRequirements"": false, ""HasFireResistantConstructionType"": false, ""SatisfiesApplicableCode"": true, ""CertificateExpirationDate"": ""2027-06-23T00:00:00.000Z"", ""DateLastUpdated"": ""2025-10-19T07:01:47.000Z""}"
1765,229,2026-08-20T00:00:00.000Z,12,312 Thurston Ave,,Ithaca,14850,Large one bedroom furnished apartment. Two minute walk to the center of campus,Large one-bedroom furnished apartment. Two-minute walk to the center of campus.   Check spam folder if no response to email inquiry.,1450,Price Per Unit,Yes,"['Air Conditioning', 'Furnished', 'Heat Included', 'Internet Available', 'Kitchen', 'Laundry Facilities', 'Near Bus Route', 'Off-Street Parking Available', 'Water Included']",No Preference,1,1,"['Staff/Faculty', 'Undergraduate', 'Graduate']",Rent,42.45404219399473,-76.48550643140567,"{'lat': 42.45404219399473, 'lng': -76.48550643140567}",True,2026-01-22T00:00:00.000Z,True,No,2018-10-31T15:30:54.000Z,2025-09-22T17:31:06.515Z,,"[{'PhotoId': 37635, 'PhotoName': 'IMG_8124.jpeg', 'IsDefault': True, 'AddedDateTime': '2024-09-24T18:05:38.227Z', 'listingId': 1765, 'PhotoUrl': 'https://images.listings.offcampusliving.cornell.edu/listings/1765/IMG_8124.jpeg', 'SortOrder': None}, {'PhotoId': 37634, 'PhotoName': 'IMG_8129.jpeg', 'IsDefault': False, 'AddedDateTime': '2024-09-24T18:05:26.639Z', 'listingId': 1765, 'PhotoUrl': 'https://images.listings.offcampusliving.cornell.edu/listings/1765/IMG_8129.jpeg', 'SortOrder': None}, {'PhotoId': 37636, 'PhotoName': 'IMG_8126.jpeg', 'IsDefault': False, 'AddedDateTime': '2024-09-24T18:05:59.740Z', 'listingId': 1765, 'PhotoUrl': 'https://images.listings.offcampusliving.cornell.edu/listings/1765/IMG_8126.jpeg', 'SortOrder': None}, {'PhotoId': 37637, 'PhotoName': 'IMG_8125.jpeg', 'IsDefault': False, 'AddedDateTime': '2024-09-24T18:06:10.782Z', 'listingId': 1765, 'PhotoUrl': 'https://images.listings.offcampusliving.cornell.edu/listings/1765/IMG_8125.jpeg', 'SortOrder': None}, {'PhotoId': 37638, 'PhotoName': 'IMG_7884.jpeg', 'IsDefault': False, 'AddedDateTime': '2024-09-24T18:07:15.014Z', 'listingId': 1765, 'PhotoUrl': 'https://images.listings.offcampusliving.cornell.edu/listings/1765/IMG_7884.jpeg', 'SortOrder': None}]",
1896,1535,2026-06-06T00:00:00.000Z,12,306 Highland Road,,North Campus,14850,"Newly renovated apartments - Very Nice! 
4 bedrooms, 2 bathroom and furnishings. All utilities are included except electricity and internet. Rent as a unit or by bedroom. ","4 bedroom unit is being brand new renovated and furnished. Only a 9 minute walk to North Campus, with a Bus #30 stop right in front of the property. 
Includes:
 * Hardwood floor
 * Tiled bathroom + kitchen floor
 * Carpeted bedroom floors
 * Furnished rooms
 * Kitchen w/ microwave + large stainless steel fridge
 * Lounging space
 * $725 per month per person
 *  All utilities are included except electricity and internet.
 * Available: 6/6/2026",725,Price Per Person,No,"['Kitchen', 'Laundry Facilities', 'Near Bus Route', 'Off-Street Parking Available', 'Electronic Payments Accepted ', 'Furnished', 'Internet Available', 'Heat Included', 'Water Included', 'Electronic Payments Accepted']",No Preference,4,2,"['Sabbatic housing', 'Undergraduate', 'Graduate', 'Commencement', 'Fall Sublet', 'Spring Sublet', 'Summer Sublet']",Rent,42.45697621454975,-76.48596533743635,"{'lat': 42.45697621454975, 'lng': -76.48596533743635}",True,2025-11-24T00:00:00.000Z,True,No,2018-12-26T18:52:38.000Z,2025-09-24T14:27:36.607Z,,"[{'PhotoId': 14526, 'PhotoName': 'IMG_1416.JPG', 'IsDefault': True, 'AddedDateTime': '2019-07-13T09:54:36.000Z', 'listingId': 1896, 'PhotoUrl': 'https://images.listings.offcampusliving.cornell.edu/listings/1896/IMG_1416.JPG', 'SortOrder': None}, {'PhotoId': 14181, 'PhotoName': 'IMG_20190617_105437.jpg', 'IsDefault': False, 'AddedDateTime': '2019-06-18T18:51:53.000Z', 'listingId': 1896, 'PhotoUrl': 'https://images.listings.offcampusliving.cornell.edu/listings/1896/IMG_20190617_105437.jpg', 'SortOrder': None}, {'PhotoId': 14182, 'PhotoName': 'IMG_20190617_105450.jpg', 'IsDefault': False, 'AddedDateTime': '2019-06-18T18:54:55.000Z', 'listingId': 1896, 'PhotoUrl': 'https://images.listings.offcampusliving.cornell.edu/listings/1896/IMG_20190617_105450.jpg', 'SortOrder': None}, {'PhotoId': 14183, 'PhotoName': 'IMG_20190617_105505.jpg', 'IsDefault': False, 'AddedDateTime': '2019-06-18T18:54:58.000Z', 'listingId': 1896, 'PhotoUrl': 'https://images.listings.offcampusliving.cornell.edu/listings/1896/IMG_20190617_105505.jpg', 'SortOrder': None}, {'PhotoId': 14527, 'PhotoName': 'IMG_1417.JPG', 'IsDefault': False, 'AddedDateTime': '2019-07-13T09:55:51.000Z', 'listingId': 1896, 'PhotoUrl': 'https://images.listings.offcampusliving.cornell.edu/listings/1896/IMG_1417.JPG', 'SortOrder': None}, {'PhotoId': 14528, 'PhotoName': 'IMG_1422.JPG', 'IsDefault': False, 'AddedDateTime': '2019-07-13T09:56:47.000Z', 'listingId': 1896, 'PhotoUrl': 'https://images.listings.offcampusliving.cornell.edu/listings/1896/IMG_1422.JPG', 'SortOrder': None}, {'PhotoId': 14529, 'PhotoName': 'IMG_1418.JPG', 'IsDefault': False, 'AddedDateTime': '2019-07-13T09:56:49.000Z', 'listingId': 1896, 'PhotoUrl': 'https://images.listings.offcampusliving.cornell.edu/listings/1896/IMG_1418.JPG', 'SortOrder': None}, {'PhotoId': 14530, 'PhotoName': 'IMG_1419.JPG', 'IsDefault': False, 'AddedDateTime': '2019-07-13T09:56:50.000Z', 'listingId': 1896, 'PhotoUrl': 'https://images.listings.offcampusliving.cornell.edu/listings/1896/IMG_1419.JPG', 'SortOrder': None}, {'PhotoId': 14531, 'PhotoName': 'IMG_1424.JPG', 'IsDefault': False, 'AddedDateTime': '2019-07-13T09:56:50.000Z', 'listingId': 1896, 'PhotoUrl': 'https://images.listings.offcampusliving.cornell.edu/listings/1896/IMG_1424.JPG', 'SortOrder': None}, {'PhotoId': 14532, 'PhotoName': 'IMG_1420.JPG', 'IsDefault': False, 'AddedDateTime': '2019-07-13T09:56:50.000Z', 'listingId': 1896, 'PhotoUrl': 'https://images.listings.offcampusliving.cornell.edu/listings/1896/IMG_1420.JPG', 'SortOrder': None}, {'PhotoId': 14533, 'PhotoName': 'IMG_1421.JPG', 'IsDefault': False, 'AddedDateTime': '2019-07-13T09:56:51.000Z', 'listingId': 1896, 'PhotoUrl': 'https://images.listings.offcampusliving.cornell.edu/listings/1896/IMG_1421.JPG', 'SortOrder': None}]",
1935,229,2026-08-20T00:00:00.000Z,12,312-24 THURSTON AVENUE,C31,Ithaca,14850,2 Bedroom apartments available for 2025-26,"Large 2-bedroom 2 bath furnished apartment.  Suitable for up to three people. Check spam folder if no response to email inquiry.
",2050,Price Per Unit,Yes,"['Air Conditioning', 'Furnished', 'Heat Included', 'Internet Available', 'Kitchen', 'Laundry Facilities', 'Near Bus Route', 'Off-Street Parking Available', 'Water Included']",No Preference,2,2,"['Undergraduate', 'Staff/Faculty', 'Graduate']",Rent,42.45336732648052,-76.48502765317991,"{'lat': 42.45336732648052, 'lng': -76.48502765317991}",True,2026-01-22T00:00:00.000Z,True,Yes,2019-01-15T14:31:14.000Z,2025-09-22T17:32:14.944Z,312-24 THURSTON AVENUE,"[{'PhotoId': 37644, 'PhotoName': 'IMG_8121.jpeg', 'IsDefault': True, 'AddedDateTime': '2024-09-24T18:10:38.556Z', 'listingId': 1935, 'PhotoUrl': 'https://images.listings.offcampusliving.cornell.edu/listings/1935/IMG_8121.jpeg', 'SortOrder': None}, {'PhotoId': 37639, 'PhotoName': 'IMG_8124.jpeg', 'IsDefault': False, 'AddedDateTime': '2024-09-24T18:08:48.913Z', 'listingId': 1935, 'PhotoUrl': 'https://images.listings.offcampusliving.cornell.edu/listings/1935/IMG_8124.jpeg', 'SortOrder': None}, {'PhotoId': 37640, 'PhotoName': 'IMG_8129.jpeg', 'IsDefault': False, 'AddedDateTime': '2024-09-24T18:09:01.030Z', 'listingId': 1935, 'PhotoUrl': 'https://images.listings.offcampusliving.cornell.edu/listings/1935/IMG_8129.jpeg', 'SortOrder': None}, {'PhotoId': 37641, 'PhotoName': 'IMG_8128.jpeg', 'IsDefault': False, 'AddedDateTime': '2024-09-24T18:09:12.342Z', 'listingId': 1935, 'PhotoUrl': 'https://images.listings.offcampusliving.cornell.edu/listings/1935/IMG_8128.jpeg', 'SortOrder': None}, {'PhotoId': 37642, 'PhotoName': 'IMG_8127.jpeg', 'IsDefault': False, 'AddedDateTime': '2024-09-24T18:09:24.615Z', 'listingId': 1935, 'PhotoUrl': 'https://images.listings.offcampusliving.cornell.edu/listings/1935/IMG_8127.jpeg', 'SortOrder': None}, {'PhotoId': 37643, 'PhotoName': 'IMG_7884.jpeg', 'IsDefault': False, 'AddedDateTime': '2024-09-24T18:09:43.845Z', 'listingId': 1935, 'PhotoUrl': 'https://images.listings.offcampusliving.cornell.edu/listings/1935/IMG_7884.jpeg', 'SortOrder': None}]","{""BuildingAddress"": ""312-24 THURSTON AVENUE"", ""OverallSafetyRating"": 8, ""CategoryScores"": [{""Fire Protection"": 0}, {""Notification Systems"": 0}, {""Emergency Egress"": 0}, {""Applicable Code"": 0}, {""Fire Extinguishers"": 0}, {""Construction Type"": 0}, {""Valid Certificate of Compliance"": 8}], ""OverallSafetyRatingAsPercentage"": 17, ""CategoryScoresAsPercentage"": [{""Fire Protection"": 0}, {""Notification Systems"": 0}, {""Emergency Egress"": 0}, {""Applicable Code"": 0}, {""Fire Extinguishers"": 0}, {""Construction Type"": 0}, {""Valid Certificate of Compliance"": 100}], ""SprinklerType"": [], ""FireExtinguisherCertificateExpiration"": null, ""NotificationSystem"": [{""subCategory"": ""Single Station Smoke Alarm"", ""notificationType"": ""Single Station Smoke Alarm"", ""notificationSystemCertificateExpiration"": ""2025-05-13""}], ""HasValidCertificateOfOccupancy"": true, ""MeetsMinimumRequirements"": false, ""ExceedsRequirements"": false, ""HasFireResistantConstructionType"": false, ""SatisfiesApplicableCode"": false, ""CertificateExpirationDate"": ""2027-06-16T00:00:00.000Z"", ""DateLastUpdated"": ""2025-10-19T07:01:49.000Z""}"
1951,1567,2025-10-09T00:00:00.000Z,12,15 East Pointe Drive,,Ithaca,14850,LUXURY APARTMENTS WITH AMAZING AMENITIES AVAILABLE NOW!,"1-, 2- & 3-BEDROOM LUXURY APARTMENTS
FEATURING PRIVATE ENTRANCES AND ATTACHED GARAGE WITH EVERY APARTMENT. STARTING AT $2525.00! Short-term & furnished units available. REDUCED $500 SECURITY DEPOSIT!

• High speed internet & cable -included
• Stainless finish appliances
• Washer & Dryer in unit 
• Granite counter-tops
• Vinyl plank flooring and wall-to-wall carpeting
• Private patio or deck
• Community building, fitness center and gathering room
• Swimming pool
• Dog Park
",2525,Price Per Unit,Yes,"['Air Conditioning', 'Electronic Payments Accepted ', 'Internet Included', 'Kitchen', 'Laundry Facilities', 'Near Bus Route', 'Off-Street Parking Included', 'Water Included', 'Electronic Payments Accepted', 'Wheelchair Accessible']",No Preference,1,1,"['Staff/Faculty', 'Graduate', 'Short-Term Housing', 'Undergraduate']",Rent,42.489712449702,-76.47029897788597,"{'lat': 42.489712449702, 'lng': -76.47029897788597}",True,2026-03-09T00:00:00.000Z,True,No,2019-01-18T14:40:43.000Z,2025-10-09T16:10:23.168Z,,"[{'PhotoId': 43527, 'PhotoName': '8.jpg', 'IsDefault': True, 'AddedDateTime': '2025-10-09T15:56:11.080Z', 'listingId': 1951, 'PhotoUrl': 'https://images.listings.offcampusliving.cornell.edu/listings/1951/8.jpg', 'SortOrder': None}, {'PhotoId': 43520, 'PhotoName': '1.jpg', 'IsDefault': False, 'AddedDateTime': '2025-10-09T15:56:09.620Z', 'listingId': 1951, 'PhotoUrl': 'https://images.listings.offcampusliving.cornell.edu/listings/1951/1.jpg', 'SortOrder': None}, {'PhotoId': 43521, 'PhotoName': '2.jpg', 'IsDefault': False, 'AddedDateTime': '2025-10-09T15:56:09.793Z', 'listingId': 1951, 'PhotoUrl': 'https://images.listings.offcampusliving.cornell.edu/listings/1951/2.jpg', 'SortOrder': None}, {'PhotoId': 43522, 'PhotoName': '3.jpg', 'IsDefault': False, 'AddedDateTime': '2025-10-09T15:56:09.955Z', 'listingId': 1951, 'PhotoUrl': 'https://images.listings.offcampusliving.cornell.edu/listings/1951/3.jpg', 'SortOrder': None}, {'PhotoId': 43523, 'PhotoName': '4.jpg', 'IsDefault': False, 'AddedDateTime': '2025-10-09T15:56:10.215Z', 'listingId': 1951, 'PhotoUrl': 'https://images.listings.offcampusliving.cornell.edu/listings/1951/4.jpg', 'SortOrder': None}, {'PhotoId': 43524, 'PhotoName': '5.jpg', 'IsDefault': False, 'AddedDateTime': '2025-10-09T15:56:10.401Z', 'listingId': 1951, 'PhotoUrl': 'https://images.listings.offcampusliving.cornell.edu/listings/1951/5.jpg', 'SortOrder': None}, {'PhotoId': 43525, 'PhotoName': '6.jpg', 'IsDefault': False, 'AddedDateTime': '2025-10-09T15:56:10.637Z', 'listingId': 1951, 'PhotoUrl': 'https://images.listings.offcampusliving.cornell.edu/listings/1951/6.jpg', 'SortOrder': None}, {'PhotoId': 43526, 'PhotoName': '7.jpg', 'IsDefault': False, 'AddedDateTime': '2025-10-09T15:56:10.904Z', 'listingId': 1951, 'PhotoUrl': 'https://images.listings.offcampusliving.cornell.edu/listings/1951/7.jpg', 'SortOrder': None}]",
1968,1579,2026-06-01T00:00:00.000Z,12,205 DRYDEN ROAD,302,Ithaca,14850,Renting this suite by Bedroom for 2026-27 to individual or small group male students.    Email for more information Leasing@drydensouth.com,"Individuals welcome to join a Large 4 bedroom suite.  Save $ compared 
to studio prices.  All of our apartments are fully furnished.  Bedrooms have separate locks, Heat and AC controls.   All Building amenities included.  Visit Drydensouth.com for more details or to schedule a tour.  Modern Elevator building, high quality construction.   Heat and hot water included.  10 Foot ceilings provide lots of natural light.  Large 1275 sq. foot apartment with 4 bedrooms and Two full baths. ",1575,Price Per Person,No,"['Air Conditioning', 'Furnished', 'Internet Available', 'Kitchen', 'Laundry Facilities', 'Near Bus Route', 'Water Included', 'Wheelchair Accessible', 'Heat Included', 'Electronic Payments Accepted ']",Male,1,2,['Undergraduate'],Rent,42.44161845792949,-76.48486941160263,"{'lat': 42.44161845792949, 'lng': -76.48486941160263}",True,2025-11-07T00:00:00.000Z,True,Yes,2019-01-24T22:23:00.000Z,2025-10-08T20:16:43.370Z,205 DRYDEN ROAD,"[{'PhotoId': 37711, 'PhotoName': 'Dryden South Drone pic.PNG', 'IsDefault': True, 'AddedDateTime': '2024-10-01T12:47:08.889Z', 'listingId': 1968, 'PhotoUrl': 'https://images.listings.offcampusliving.cornell.edu/listings/1968/Dryden South Drone pic.PNG', 'SortOrder': None}, {'PhotoId': 11530, 'PhotoName': 'Dryden Road complete.JPG', 'IsDefault': False, 'AddedDateTime': '2019-01-24T22:23:39.000Z', 'listingId': 1968, 'PhotoUrl': 'https://images.listings.offcampusliving.cornell.edu/listings/1968/Dryden Road complete.JPG', 'SortOrder': 1}, {'PhotoId': 37705, 'PhotoName': '040-205-dryden-road-ithaca-ny-usa-014_m.jpg', 'IsDefault': False, 'AddedDateTime': '2024-10-01T12:40:01.954Z', 'listingId': 1968, 'PhotoUrl': 'https://images.listings.offcampusliving.cornell.edu/listings/1968/040-205-dryden-road-ithaca-ny-usa-014_m.jpg', 'SortOrder': 2}, {'PhotoId': 37701, 'PhotoName': '900-floor_imperial_7_m.jpg', 'IsDefault': False, 'AddedDateTime': '2024-10-01T12:38:33.791Z', 'listingId': 1968, 'PhotoUrl': 'https://images.listings.offcampusliving.cornell.edu/listings/1968/900-floor_imperial_7_m.jpg', 'SortOrder': 3}, {'PhotoId': 37707, 'PhotoName': '1PC69MO4EU71.jpg', 'IsDefault': False, 'AddedDateTime': '2024-10-01T12:42:19.299Z', 'listingId': 1968, 'PhotoUrl': 'https://images.listings.offcampusliving.cornell.edu/listings/1968/1PC69MO4EU71.jpg', 'SortOrder': 4}, {'PhotoId': 37704, 'PhotoName': '049-205-dryden-road-ithaca-ny-usa-035_m.jpg', 'IsDefault': False, 'AddedDateTime': '2024-10-01T12:39:39.150Z', 'listingId': 1968, 'PhotoUrl': 'https://images.listings.offcampusliving.cornell.edu/listings/1968/049-205-dryden-road-ithaca-ny-usa-035_m.jpg', 'SortOrder': 5}, {'PhotoId': 37708, 'PhotoName': '046-205-dryden-road-ithaca-ny-usa-030_m.jpg', 'IsDefault': False, 'AddedDateTime': '2024-10-01T12:43:03.688Z', 'listingId': 1968, 'PhotoUrl': 'https://images.listings.offcampusliving.cornell.edu/listings/1968/046-205-dryden-road-ithaca-ny-usa-030_m.jpg', 'SortOrder': 6}, {'PhotoId': 37703, 'PhotoName': '028-205-dryden-road-ithaca-ny-usa-023_m.jpg', 'IsDefault': False, 'AddedDateTime': '2024-10-01T12:39:08.379Z', 'listingId': 1968, 'PhotoUrl': 'https://images.listings.offcampusliving.cornell.edu/listings/1968/028-205-dryden-road-ithaca-ny-usa-023_m.jpg', 'SortOrder': 7}, {'PhotoId': 37706, 'PhotoName': '1PC67Q08380I.jpg', 'IsDefault': False, 'AddedDateTime': '2024-10-01T12:41:52.794Z', 'listingId': 1968, 'PhotoUrl': 'https://images.listings.offcampusliving.cornell.edu/listings/1968/1PC67Q08380I.jpg', 'SortOrder': 8}]","{""BuildingAddress"": ""205 DRYDEN ROAD"", ""OverallSafetyRating"": 24, ""CategoryScores"": [{""Fire Protection"": 0}, {""Notification Systems"": 0}, {""Emergency Egress"": 0}, {""Applicable Code"": 6}, {""Fire Extinguishers"": 0}, {""Construction Type"": 10}, {""Valid Certificate of Compliance"": 8}], ""OverallSafetyRatingAsPercentage"": 52, ""CategoryScoresAsPercentage"": [{""Fire Protection"": 0}, {""Notification Systems"": 0}, {""Emergency Egress"": 0}, {""Applicable Code"": 100}, {""Fire Extinguishers"": 0}, {""Construction Type"": 83}, {""Valid Certificate of Compliance"": 100}], ""SprinklerType"": [{""sprinklerType"": ""NFPA 13R Sprinkler System"", ""sprinklerCertificateExpiration"": ""2025-02-13""}], ""FireExtinguisherCertificateExpiration"": null, ""NotificationSystem"": [{""subCategory"": ""Fire Alarm System"", ""notificationType"": ""Fire Alarm System"", ""notificationSystemCertificateExpiration"": ""2025-01-02""}, {""subCategory"": ""Single Station Smoke Alarm"", ""notificationType"": ""Single Station Smoke Alarm"", ""notificationSystemCertificateExpiration"": ""2024-01-10""}], ""HasValidCertificateOfOccupancy"": true, ""MeetsMinimumRequirements"": false, ""ExceedsRequirements"": false, ""HasFireResistantConstructionType"": true, ""SatisfiesApplicableCode"": true, ""CertificateExpirationDate"": ""2026-02-09T00:00:00.000Z"", ""DateLastUpdated"": ""2025-10-19T07:01:40.000Z""}"
2008,1579,2026-06-01T00:00:00.000Z,12,205 DRYDEN ROAD,Suite 402 4 Bdrm 2 Bath,Ithaca,14850,Suite 402 is a large 4 bedroom suite 2 bath suite in the rear of the building.  12 Month lease.  Fully furnished All building amenities included.  A minutes walk to Cornell.  ,"Lots of sunlight and nice views from this upper floor unit.  All of our apartments are fully furnished.  Bedrooms have separate locks, Heat and AC controls.   All Building amenities included.  Visit Drydensouth.com for more details or to schedule a tour.  Modern Elevator building, high quality construction.   Heat and hot water included.  10 Foot ceilings provide lots of natural light.  Large 1275 sq. foot apartment with 4 bedrooms and Two full baths. ",1595,Price per Person,No,"['Air Conditioning', 'Furnished', 'Heat Included', 'Internet Included', 'Kitchen', 'Laundry Facilities', 'Near Bus Route', 'Permitted Street Parking Available ', 'Water Included', 'Wheelchair Accessible']",No Preference,4,2,"['Graduate', 'Undergraduate']",Rent,42.44144952863257,-76.48483358287277,"{'lat': 42.44144952863257, 'lng': -76.48483358287277}",True,2025-11-09T00:00:00.000Z,True,Yes,2019-02-13T16:46:13.000Z,2025-10-07T20:53:35.296Z,205 DRYDEN ROAD,"[{'PhotoId': 11777, 'PhotoName': 'Dryden Road complete.JPG', 'IsDefault': True, 'AddedDateTime': '2019-02-13T16:58:37.000Z', 'listingId': 2008, 'PhotoUrl': 'https://images.listings.offcampusliving.cornell.edu/listings/2008/Dryden Road complete.JPG', 'SortOrder': 1}, {'PhotoId': 19649, 'PhotoName': '02-hero-new.png', 'IsDefault': False, 'AddedDateTime': '2020-04-24T14:32:44.000Z', 'listingId': 2008, 'PhotoUrl': 'https://images.listings.offcampusliving.cornell.edu/listings/2008/02-hero-new.png', 'SortOrder': 2}, {'PhotoId': 42297, 'PhotoName': 'Dryden South Utea front .jpg', 'IsDefault': False, 'AddedDateTime': '2025-07-24T12:50:32.581Z', 'listingId': 2008, 'PhotoUrl': 'https://images.listings.offcampusliving.cornell.edu/listings/2008/Dryden South Utea front .jpg', 'SortOrder': 3}, {'PhotoId': 20627, 'PhotoName': '018-205-dryden-road-ithaca-ny-usa-018_m.jpg', 'IsDefault': False, 'AddedDateTime': '2020-07-19T23:12:42.000Z', 'listingId': 2008, 'PhotoUrl': 'https://images.listings.offcampusliving.cornell.edu/listings/2008/018-205-dryden-road-ithaca-ny-usa-018_m.jpg', 'SortOrder': 4}, {'PhotoId': 20630, 'PhotoName': '021-205-dryden-road-ithaca-ny-usa-021_m.jpg', 'IsDefault': False, 'AddedDateTime': '2020-07-19T23:13:20.000Z', 'listingId': 2008, 'PhotoUrl': 'https://images.listings.offcampusliving.cornell.edu/listings/2008/021-205-dryden-road-ithaca-ny-usa-021_m.jpg', 'SortOrder': 5}, {'PhotoId': 20631, 'PhotoName': '025-205-dryden-road-ithaca-ny-usa-025_m.jpg', 'IsDefault': False, 'AddedDateTime': '2020-07-19T23:13:38.000Z', 'listingId': 2008, 'PhotoUrl': 'https://images.listings.offcampusliving.cornell.edu/listings/2008/025-205-dryden-road-ithaca-ny-usa-025_m.jpg', 'SortOrder': 6}, {'PhotoId': 37721, 'PhotoName': '1PC69MO4EU71.jpg', 'IsDefault': False, 'AddedDateTime': '2024-10-03T12:25:43.887Z', 'listingId': 2008, 'PhotoUrl': 'https://images.listings.offcampusliving.cornell.edu/listings/2008/1PC69MO4EU71.jpg', 'SortOrder': 7}, {'PhotoId': 37722, 'PhotoName': '1PC6A99P22UT.jpg', 'IsDefault': False, 'AddedDateTime': '2024-10-03T12:26:06.224Z', 'listingId': 2008, 'PhotoUrl': 'https://images.listings.offcampusliving.cornell.edu/listings/2008/1PC6A99P22UT.jpg', 'SortOrder': 8}, {'PhotoId': 37723, 'PhotoName': '039-205-dryden-road-ithaca-ny-usa-013_m.jpg', 'IsDefault': False, 'AddedDateTime': '2024-10-03T12:26:51.990Z', 'listingId': 2008, 'PhotoUrl': 'https://images.listings.offcampusliving.cornell.edu/listings/2008/039-205-dryden-road-ithaca-ny-usa-013_m.jpg', 'SortOrder': 9}, {'PhotoId': 42295, 'PhotoName': '1PC67UK7XSXS.jpg', 'IsDefault': False, 'AddedDateTime': '2025-07-24T12:49:31.004Z', 'listingId': 2008, 'PhotoUrl': 'https://images.listings.offcampusliving.cornell.edu/listings/2008/1PC67UK7XSXS.jpg', 'SortOrder': 10}, {'PhotoId': 42296, 'PhotoName': '027-205-dryden-road-ithaca-ny-usa-022_m.jpg', 'IsDefault': False, 'AddedDateTime': '2025-07-24T12:49:42.307Z', 'listingId': 2008, 'PhotoUrl': 'https://images.listings.offcampusliving.cornell.edu/listings/2008/027-205-dryden-road-ithaca-ny-usa-022_m.jpg', 'SortOrder': 11}, {'PhotoId': 42298, 'PhotoName': '007-205-dryden-road-ithaca-ny-usa-007_m.jpg', 'IsDefault': False, 'AddedDateTime': '2025-07-24T12:50:51.070Z', 'listingId': 2008, 'PhotoUrl': 'https://images.listings.offcampusliving.cornell.edu/listings/2008/007-205-dryden-road-ithaca-ny-usa-007_m.jpg', 'SortOrder': 12}]","{""BuildingAddress"": ""205 DRYDEN ROAD"", ""OverallSafetyRating"": 24, ""CategoryScores"": [{""Fire Protection"": 0}, {""Notification Systems"": 0}, {""Emergency Egress"": 0}, {""Applicable Code"": 6}, {""Fire Extinguishers"": 0}, {""Construction Type"": 10}, {""Valid Certificate of Compliance"": 8}], ""OverallSafetyRatingAsPercentage"": 52, ""CategoryScoresAsPercentage"": [{""Fire Protection"": 0}, {""Notification Systems"": 0}, {""Emergency Egress"": 0}, {""Applicable Code"": 100}, {""Fire Extinguishers"": 0}, {""Construction Type"": 83}, {""Valid Certificate of Compliance"": 100}], ""SprinklerType"": [{""sprinklerType"": ""NFPA 13R Sprinkler System"", ""sprinklerCertificateExpiration"": ""2025-02-13""}], ""FireExtinguisherCertificateExpiration"": null, ""NotificationSystem"": [{""subCategory"": ""Fire Alarm System"", ""notificationType"": ""Fire Alarm System"", ""notificationSystemCertificateExpiration"": ""2025-01-02""}, {""subCategory"": ""Single Station Smoke Alarm"", ""notificationType"": ""Single Station Smoke Alarm"", ""notificationSystemCertificateExpiration"": ""2024-01-10""}], ""HasValidCertificateOfOccupancy"": true, ""MeetsMinimumRequirements"": false, ""ExceedsRequirements"": false, ""HasFireResistantConstructionType"": true, ""SatisfiesApplicableCode"": true, ""CertificateExpirationDate"": ""2026-02-09T00:00:00.000Z"", ""DateLastUpdated"": ""2025-10-19T07:01:40.000Z""}"
2770,415,2026-08-05T00:00:00.000Z,12,410 STEWART AVENUE,2,Ithaca,14850,4 Bedroom Apartment 2026-2027 School Year,"For 2026-2027 school year. Fully furnished room in a 4-bedroom apartment at 410 Stewart Ave. Short walk to Cornell campus. Laundry in the building, bus stop right across the street. Rent is $850 per room which includes all utilities",850,Price Per Person,No,"['Electricity Included', 'Furnished', 'Heat Included', 'Internet Available', 'Kitchen', 'Electronic Payments Accepted ', 'Laundry Facilities', 'Near Bus Route', 'Water Included', 'Electronic Payments Accepted', 'Off-Street Parking Available']",No Preference,4,1,"['Graduate', 'Spring Sublet', 'Undergraduate']",Rent,42.44273969882429,-76.48948870617322,"{'lat': 42.44273969882429, 'lng': -76.48948870617322}",True,2026-01-31T00:00:00.000Z,True,Yes,2019-12-15T03:58:39.000Z,2025-08-31T19:09:16.104Z,410 STEWART AVENUE,"[{'PhotoId': 37427, 'PhotoName': 'Screenshot 2024-09-07 142601.png', 'IsDefault': True, 'AddedDateTime': '2024-09-07T18:29:06.695Z', 'listingId': 2770, 'PhotoUrl': 'https://images.listings.offcampusliving.cornell.edu/listings/2770/Screenshot 2024-09-07 142601.png', 'SortOrder': 1}]","{""BuildingAddress"": ""410 STEWART AVENUE"", ""OverallSafetyRating"": 8, ""CategoryScores"": [{""Fire Protection"": 0}, {""Notification Systems"": 0}, {""Emergency Egress"": 0}, {""Applicable Code"": 0}, {""Fire Extinguishers"": 0}, {""Construction Type"": 0}, {""Valid Certificate of Compliance"": 8}], ""OverallSafetyRatingAsPercentage"": 17, ""CategoryScoresAsPercentage"": [{""Fire Protection"": 0}, {""Notification Systems"": 0}, {""Emergency Egress"": 0}, {""Applicable Code"": 0}, {""Fire Extinguishers"": 0}, {""Construction Type"": 0}, {""Valid Certificate of Compliance"": 100}], ""SprinklerType"": [], ""FireExtinguisherCertificateExpiration"": null, ""NotificationSystem"": [{""subCategory"": ""Single Station Smoke Alarm"", ""notificationType"": ""Single Station Smoke Alarm"", ""notificationSystemCertificateExpiration"": ""2023-12-05""}, {""subCategory"": ""Fire Alarm System"", ""notificationType"": ""Fire Alarm System"", ""notificationSystemCertificateExpiration"": ""2025-01-01""}], ""HasValidCertificateOfOccupancy"": true, ""MeetsMinimumRequirements"": true, ""ExceedsRequirements"": false, ""HasFireResistantConstructionType"": false, ""SatisfiesApplicableCode"": false, ""CertificateExpirationDate"": ""2026-01-08T00:00:00.000Z"", ""DateLastUpdated"": ""2025-10-19T07:01:54.000Z""}"
3040,643,2025-10-11T00:00:00.000Z,5,380 Coddington Rd. Apt. B,,Ithaca,14850,"Furnished Immaculate Clean Move-in Ready. Ithaca College very close: 10 min walk/1 min drive. Well Maintained, Nicely Furnished, 2 BR Duplex, MOST UTILITIES INCLUDED! Washer/Dryer, Parking, Yard, AC","New Kitchen w/SS dishwasher & range, granite countertops, oak cabinets, microwave. New Bathroom w/tub-shower, tile floor, linen closet. UTILITIES INCLUDED: HEAT, WIFI INTERNET, TRASH PICKUP, PARKING, WASHER/DRYER Non-Coin Op. New Vinyl Plank Floors in the 2 Spacious Bedrooms and Living Room. AC. Furniture: 2 Full-Size Beds w/mattress, desks, chairs, dressers, sofa, love seat, coffee table, dining table w/4 chairs. Driveway parking. Garage storage. Nice yard. No Pets/No Smoking/No Vaping/No Weed.",1690,Price Per Unit,No,"['Air Conditioning', 'Electronic Payments Accepted ', 'Furnished', 'Heat Included', 'Internet Included', 'Kitchen', 'Laundry Facilities', 'Off-Street Parking Included']",No Preference,2,1,"['Graduate', 'Sabbatic housing', 'Staff/Faculty', 'Undergraduate', 'Short-Term Housing']",Rent,42.41940306411324,-76.48365868244558,"{'lat': 42.41940306411324, 'lng': -76.48365868244558}",True,2025-11-08T00:00:00.000Z,True,No,2020-05-09T20:02:01.000Z,2025-10-08T16:44:51.026Z,,"[{'PhotoId': 19727, 'PhotoName': 'DSCF1261.JPG', 'IsDefault': True, 'AddedDateTime': '2020-05-09T20:10:03.000Z', 'listingId': 3040, 'PhotoUrl': 'https://images.listings.offcampusliving.cornell.edu/listings/3040/DSCF1261.JPG', 'SortOrder': None}, {'PhotoId': 19716, 'PhotoName': 'placeholder.jpg', 'IsDefault': False, 'AddedDateTime': '2020-05-09T20:02:01.000Z', 'listingId': 3040, 'PhotoUrl': 'https://images.listings.offcampusliving.cornell.edu/listings/placeholder.jpg', 'SortOrder': None}, {'PhotoId': 19717, 'PhotoName': '380B April 2012 003.jpg', 'IsDefault': False, 'AddedDateTime': '2020-05-09T20:02:54.000Z', 'listingId': 3040, 'PhotoUrl': 'https://images.listings.offcampusliving.cornell.edu/listings/3040/380B April 2012 003.jpg', 'SortOrder': None}, {'PhotoId': 19718, 'PhotoName': '380B April 2012 004.jpg', 'IsDefault': False, 'AddedDateTime': '2020-05-09T20:03:08.000Z', 'listingId': 3040, 'PhotoUrl': 'https://images.listings.offcampusliving.cornell.edu/listings/3040/380B April 2012 004.jpg', 'SortOrder': None}, {'PhotoId': 19719, 'PhotoName': '380B April 2012 008.jpg', 'IsDefault': False, 'AddedDateTime': '2020-05-09T20:03:53.000Z', 'listingId': 3040, 'PhotoUrl': 'https://images.listings.offcampusliving.cornell.edu/listings/3040/380B April 2012 008.jpg', 'SortOrder': None}, {'PhotoId': 19720, 'PhotoName': '380 Coddington back yard 1.JPG', 'IsDefault': False, 'AddedDateTime': '2020-05-09T20:05:26.000Z', 'listingId': 3040, 'PhotoUrl': 'https://images.listings.offcampusliving.cornell.edu/listings/3040/380 Coddington back yard 1.JPG', 'SortOrder': None}, {'PhotoId': 19721, 'PhotoName': '380 Coddington back yard 2.JPG', 'IsDefault': False, 'AddedDateTime': '2020-05-09T20:05:38.000Z', 'listingId': 3040, 'PhotoUrl': 'https://images.listings.offcampusliving.cornell.edu/listings/3040/380 Coddington back yard 2.JPG', 'SortOrder': None}, {'PhotoId': 19722, 'PhotoName': '380 coddington Front yard 1.JPG', 'IsDefault': False, 'AddedDateTime': '2020-05-09T20:05:52.000Z', 'listingId': 3040, 'PhotoUrl': 'https://images.listings.offcampusliving.cornell.edu/listings/3040/380 coddington Front yard 1.JPG', 'SortOrder': None}, {'PhotoId': 19723, 'PhotoName': 'DSCF1255.JPG', 'IsDefault': False, 'AddedDateTime': '2020-05-09T20:07:20.000Z', 'listingId': 3040, 'PhotoUrl': 'https://images.listings.offcampusliving.cornell.edu/listings/3040/DSCF1255.JPG', 'SortOrder': None}, {'PhotoId': 19724, 'PhotoName': 'DSCF1258.JPG', 'IsDefault': False, 'AddedDateTime': '2020-05-09T20:08:03.000Z', 'listingId': 3040, 'PhotoUrl': 'https://images.listings.offcampusliving.cornell.edu/listings/3040/DSCF1258.JPG', 'SortOrder': None}, {'PhotoId': 19725, 'PhotoName': 'DSCF1259.JPG', 'IsDefault': False, 'AddedDateTime': '2020-05-09T20:09:25.000Z', 'listingId': 3040, 'PhotoUrl': 'https://images.listings.offcampusliving.cornell.edu/listings/3040/DSCF1259.JPG', 'SortOrder': None}, {'PhotoId': 19726, 'PhotoName': 'DSCF1260.JPG', 'IsDefault': False, 'AddedDateTime': '2020-05-09T20:09:54.000Z', 'listingId': 3040, 'PhotoUrl': 'https://images.listings.offcampusliving.cornell.edu/listings/3040/DSCF1260.JPG', 'SortOrder': None}, {'PhotoId': 19728, 'PhotoName': 'DSCF1262.JPG', 'IsDefault': False, 'AddedDateTime': '2020-05-09T20:10:43.000Z', 'listingId': 3040, 'PhotoUrl': 'https://images.listings.offcampusliving.cornell.edu/listings/3040/DSCF1262.JPG', 'SortOrder': None}, {'PhotoId': 19729, 'PhotoName': 'DSCF1264.JPG', 'IsDefault': False, 'AddedDateTime': '2020-05-09T20:10:53.000Z', 'listingId': 3040, 'PhotoUrl': 'https://images.listings.offcampusliving.cornell.edu/listings/3040/DSCF1264.JPG', 'SortOrder': None}, {'PhotoId': 19730, 'PhotoName': 'DSCF1265.JPG', 'IsDefault': False, 'AddedDateTime': '2020-05-09T20:11:01.000Z', 'listingId': 3040, 'PhotoUrl': 'https://images.listings.offcampusliving.cornell.edu/listings/3040/DSCF1265.JPG', 'SortOrder': None}, {'PhotoId': 19731, 'PhotoName': 'DSCF1271.JPG', 'IsDefault': False, 'AddedDateTime': '2020-05-09T20:11:27.000Z', 'listingId': 3040, 'PhotoUrl': 'https://images.listings.offcampusliving.cornell.edu/listings/3040/DSCF1271.JPG', 'SortOrder': None}, {'PhotoId': 19732, 'PhotoName': 'DSCF1272.JPG', 'IsDefault': False, 'AddedDateTime': '2020-05-09T20:11:58.000Z', 'listingId': 3040, 'PhotoUrl': 'https://images.listings.offcampusliving.cornell.edu/listings/3040/DSCF1272.JPG', 'SortOrder': None}, {'PhotoId': 19733, 'PhotoName': 'DSCF1273.JPG', 'IsDefault': False, 'AddedDateTime': '2020-05-09T20:12:22.000Z', 'listingId': 3040, 'PhotoUrl': 'https://images.listings.offcampusliving.cornell.edu/listings/3040/DSCF1273.JPG', 'SortOrder': None}, {'PhotoId': 19734, 'PhotoName': 'DSCF1274.JPG', 'IsDefault': False, 'AddedDateTime': '2020-05-09T20:12:31.000Z', 'listingId': 3040, 'PhotoUrl': 'https://images.listings.offcampusliving.cornell.edu/listings/3040/DSCF1274.JPG', 'SortOrder': None}, {'PhotoId': 19735, 'PhotoName': 'DSCF1275.JPG', 'IsDefault': False, 'AddedDateTime': '2020-05-09T20:14:32.000Z', 'listingId': 3040, 'PhotoUrl': 'https://images.listings.offcampusliving.cornell.edu/listings/3040/DSCF1275.JPG', 'SortOrder': None}, {'PhotoId': 19736, 'PhotoName': 'DSCF1276.JPG', 'IsDefault': False, 'AddedDateTime': '2020-05-09T20:14:45.000Z', 'listingId': 3040, 'PhotoUrl': 'https://images.listings.offcampusliving.cornell.edu/listings/3040/DSCF1276.JPG', 'SortOrder': None}, {'PhotoId': 19737, 'PhotoName': 'DSCF1277.JPG', 'IsDefault': False, 'AddedDateTime': '2020-05-09T20:14:58.000Z', 'listingId': 3040, 'PhotoUrl': 'https://images.listings.offcampusliving.cornell.edu/listings/3040/DSCF1277.JPG', 'SortOrder': None}, {'PhotoId': 19738, 'PhotoName': 'DSCF1278.JPG', 'IsDefault': False, 'AddedDateTime': '2020-05-09T20:15:14.000Z', 'listingId': 3040, 'PhotoUrl': 'https://images.listings.offcampusliving.cornell.edu/listings/3040/DSCF1278.JPG', 'SortOrder': None}, {'PhotoId': 19739, 'PhotoName': 'DSCF1280.JPG', 'IsDefault': False, 'AddedDateTime': '2020-05-09T20:15:25.000Z', 'listingId': 3040, 'PhotoUrl': 'https://images.listings.offcampusliving.cornell.edu/listings/3040/DSCF1280.JPG', 'SortOrder': None}, {'PhotoId': 19740, 'PhotoName': 'DSCF1281.JPG', 'IsDefault': False, 'AddedDateTime': '2020-05-09T20:16:27.000Z', 'listingId': 3040, 'PhotoUrl': 'https://images.listings.offcampusliving.cornell.edu/listings/3040/DSCF1281.JPG', 'SortOrder': None}, {'PhotoId': 19741, 'PhotoName': 'DSCF1282.JPG', 'IsDefault': False, 'AddedDateTime': '2020-05-09T20:16:42.000Z', 'listingId': 3040, 'PhotoUrl': 'https://images.listings.offcampusliving.cornell.edu/listings/3040/DSCF1282.JPG', 'SortOrder': None}, {'PhotoId': 19742, 'PhotoName': 'DSCF1283.JPG', 'IsDefault': False, 'AddedDateTime': '2020-05-09T20:16:57.000Z', 'listingId': 3040, 'PhotoUrl': 'https://images.listings.offcampusliving.cornell.edu/listings/3040/DSCF1283.JPG', 'SortOrder': None}, {'PhotoId': 19743, 'PhotoName': 'DSCF1284.JPG', 'IsDefault': False, 'AddedDateTime': '2020-05-09T20:17:05.000Z', 'listingId': 3040, 'PhotoUrl': 'https://images.listings.offcampusliving.cornell.edu/listings/3040/DSCF1284.JPG', 'SortOrder': None}, {'PhotoId': 19744, 'PhotoName': 'DSCF1286.JPG', 'IsDefault': False, 'AddedDateTime': '2020-05-09T20:17:29.000Z', 'listingId': 3040, 'PhotoUrl': 'https://images.listings.offcampusliving.cornell.edu/listings/3040/DSCF1286.JPG', 'SortOrder': None}, {'PhotoId': 19745, 'PhotoName': 'DSCF1287.JPG', 'IsDefault': False, 'AddedDateTime': '2020-05-09T20:18:08.000Z', 'listingId': 3040, 'PhotoUrl': 'https://images.listings.offcampusliving.cornell.edu/listings/3040/DSCF1287.JPG', 'SortOrder': None}, {'PhotoId': 19746, 'PhotoName': 'DSCF1288.JPG', 'IsDefault': False, 'AddedDateTime': '2020-05-09T20:18:19.000Z', 'listingId': 3040, 'PhotoUrl': 'https://images.listings.offcampusliving.cornell.edu/listings/3040/DSCF1288.JPG', 'SortOrder': None}, {'PhotoId': 19747, 'PhotoName': 'DSCF1289.JPG', 'IsDefault': False, 'AddedDateTime': '2020-05-09T20:18:48.000Z', 'listingId': 3040, 'PhotoUrl': 'https://images.listings.offcampusliving.cornell.edu/listings/3040/DSCF1289.JPG', 'SortOrder': None}, {'PhotoId': 19748, 'PhotoName': 'DSCF1291.JPG', 'IsDefault': False, 'AddedDateTime': '2020-05-09T20:19:09.000Z', 'listingId': 3040, 'PhotoUrl': 'https://images.listings.offcampusliving.cornell.edu/listings/3040/DSCF1291.JPG', 'SortOrder': None}, {'PhotoId': 19749, 'PhotoName': 'DSCF1292.JPG', 'IsDefault': False, 'AddedDateTime': '2020-05-09T20:19:18.000Z', 'listingId': 3040, 'PhotoUrl': 'https://images.listings.offcampusliving.cornell.edu/listings/3040/DSCF1292.JPG', 'SortOrder': None}, {'PhotoId': 19750, 'PhotoName': 'DSCF1293.JPG', 'IsDefault': False, 'AddedDateTime': '2020-05-09T20:19:58.000Z', 'listingId': 3040, 'PhotoUrl': 'https://images.listings.offcampusliving.cornell.edu/listings/3040/DSCF1293.JPG', 'SortOrder': None}, {'PhotoId': 19751, 'PhotoName': 'DSCF1294.JPG', 'IsDefault': False, 'AddedDateTime': '2020-05-09T20:20:18.000Z', 'listingId': 3040, 'PhotoUrl': 'https://images.listings.offcampusliving.cornell.edu/listings/3040/DSCF1294.JPG', 'SortOrder': None}, {'PhotoId': 19752, 'PhotoName': 'DSCF1296.JPG', 'IsDefault': False, 'AddedDateTime': '2020-05-09T20:20:35.000Z', 'listingId': 3040, 'PhotoUrl': 'https://images.listings.offcampusliving.cornell.edu/listings/3040/DSCF1296.JPG', 'SortOrder': None}, {'PhotoId': 19753, 'PhotoName': 'DSCF1297.JPG', 'IsDefault': False, 'AddedDateTime': '2020-05-09T20:21:02.000Z', 'listingId': 3040, 'PhotoUrl': 'https://images.listings.offcampusliving.cornell.edu/listings/3040/DSCF1297.JPG', 'SortOrder': None}, {'PhotoId': 19754, 'PhotoName': 'DSCF1298.JPG', 'IsDefault': False, 'AddedDateTime': '2020-05-09T20:21:15.000Z', 'listingId': 3040, 'PhotoUrl': 'https://images.listings.offcampusliving.cornell.edu/listings/3040/DSCF1298.JPG', 'SortOrder': None}, {'PhotoId': 19755, 'PhotoName': 'DSCF1300.JPG', 'IsDefault': False, 'AddedDateTime': '2020-05-09T20:21:49.000Z', 'listingId': 3040, 'PhotoUrl': 'https://images.listings.offcampusliving.cornell.edu/listings/3040/DSCF1300.JPG', 'SortOrder': None}, {'PhotoId': 19756, 'PhotoName': 'DSCF1297.JPG', 'IsDefault': False, 'AddedDateTime': '2020-05-09T20:22:09.000Z', 'listingId': 3040, 'PhotoUrl': 'https://images.listings.offcampusliving.cornell.edu/listings/3040/DSCF1297.JPG', 'SortOrder': None}, {'PhotoId': 19757, 'PhotoName': 'DSCF1301.JPG', 'IsDefault': False, 'AddedDateTime': '2020-05-09T20:22:34.000Z', 'listingId': 3040, 'PhotoUrl': 'https://images.listings.offcampusliving.cornell.edu/listings/3040/DSCF1301.JPG', 'SortOrder': None}, {'PhotoId': 19758, 'PhotoName': 'DSCF1305.JPG', 'IsDefault': False, 'AddedDateTime': '2020-05-09T20:28:07.000Z', 'listingId': 3040, 'PhotoUrl': 'https://images.listings.offcampusliving.cornell.edu/listings/3040/DSCF1305.JPG', 'SortOrder': None}, {'PhotoId': 19759, 'PhotoName': 'DSCF1307.JPG', 'IsDefault': False, 'AddedDateTime': '2020-05-09T20:28:31.000Z', 'listingId': 3040, 'PhotoUrl': 'https://images.listings.offcampusliving.cornell.edu/listings/3040/DSCF1307.JPG', 'SortOrder': None}, {'PhotoId': 19760, 'PhotoName': 'DSCF1308.JPG', 'IsDefault': False, 'AddedDateTime': '2020-05-09T20:28:55.000Z', 'listingId': 3040, 'PhotoUrl': 'https://images.listings.offcampusliving.cornell.edu/listings/3040/DSCF1308.JPG', 'SortOrder': None}, {'PhotoId': 19761, 'PhotoName': 'DSCF1315.JPG', 'IsDefault': False, 'AddedDateTime': '2020-05-09T20:29:51.000Z', 'listingId': 3040, 'PhotoUrl': 'https://images.listings.offcampusliving.cornell.edu/listings/3040/DSCF1315.JPG', 'SortOrder': None}, {'PhotoId': 19762, 'PhotoName': 'DSCF1317.JPG', 'IsDefault': False, 'AddedDateTime': '2020-05-09T20:30:01.000Z', 'listingId': 3040, 'PhotoUrl': 'https://images.listings.offcampusliving.cornell.edu/listings/3040/DSCF1317.JPG', 'SortOrder': None}, {'PhotoId': 19763, 'PhotoName': 'DSCF1319.JPG', 'IsDefault': False, 'AddedDateTime': '2020-05-09T20:30:33.000Z', 'listingId': 3040, 'PhotoUrl': 'https://images.listings.offcampusliving.cornell.edu/listings/3040/DSCF1319.JPG', 'SortOrder': None}, {'PhotoId': 19764, 'PhotoName': 'DSCF1320.JPG', 'IsDefault': False, 'AddedDateTime': '2020-05-09T20:30:47.000Z', 'listingId': 3040, 'PhotoUrl': 'https://images.listings.offcampusliving.cornell.edu/listings/3040/DSCF1320.JPG', 'SortOrder': None}, {'PhotoId': 19765, 'PhotoName': 'DSCF1321.JPG', 'IsDefault': False, 'AddedDateTime': '2020-05-09T20:30:55.000Z', 'listingId': 3040, 'PhotoUrl': 'https://images.listings.offcampusliving.cornell.edu/listings/3040/DSCF1321.JPG', 'SortOrder': None}, {'PhotoId': 19766, 'PhotoName': 'DSCF1322.JPG', 'IsDefault': False, 'AddedDateTime': '2020-05-09T20:31:12.000Z', 'listingId': 3040, 'PhotoUrl': 'https://images.listings.offcampusliving.cornell.edu/listings/3040/DSCF1322.JPG', 'SortOrder': None}, {'PhotoId': 19767, 'PhotoName': 'DSCF1261.JPG', 'IsDefault': False, 'AddedDateTime': '2020-05-09T20:54:32.000Z', 'listingId': 3040, 'PhotoUrl': 'https://images.listings.offcampusliving.cornell.edu/listings/3040/DSCF1261.JPG', 'SortOrder': None}]",
3234,1579,2026-01-01T00:00:00.000Z,12,205 DRYDEN ROAD,Suite 302,Ithaca,14850,Spring 2026 sublet - Updated listing! Single bedrooms available in a Large four bedroom suite #302 with 3 male undergraduates.,"Spring 2026 sublet Jan 1 - May 31st. Suite # 302 has a single bedrooms avialble with 3 male tenants.  Please contact Leasing@drydensouth.com for more information.   Fully furnished. Lots of natural light with less exposure to activity from the street. Heat and hot water included, tenant pays electricity and wifi. Bedrooms included individually keyed door locks, bed, dresser, closet , desk and chair, with independent heat and ac controls. all building amenities included.  



",1495,Price Per Person,No,"['Air Conditioning', 'Electronic Payments Accepted ', 'Furnished', 'Heat Included', 'Internet Available', 'Kitchen', 'Laundry Facilities', 'Near Bus Route', 'Water Included']",No Preference,1,2,"['Undergraduate', 'Graduate', 'Fall Sublet']",Rent,42.44194683046216,-76.48532224497183,"{'lat': 42.44194683046216, 'lng': -76.48532224497183}",True,2025-11-09T00:00:00.000Z,True,Yes,2020-09-01T21:30:09.000Z,2025-09-09T15:42:01.806Z,205 DRYDEN ROAD,"[{'PhotoId': 39676, 'PhotoName': 'Dryden South Drone pic.jpg', 'IsDefault': True, 'AddedDateTime': '2025-03-11T13:07:43.744Z', 'listingId': 3234, 'PhotoUrl': 'https://images.listings.offcampusliving.cornell.edu/listings/3234/Dryden South Drone pic.jpg', 'SortOrder': None}, {'PhotoId': 21449, 'PhotoName': '049-205-dryden-road-ithaca-ny-usa-035_m.jpg', 'IsDefault': False, 'AddedDateTime': '2020-09-01T21:30:58.000Z', 'listingId': 3234, 'PhotoUrl': 'https://images.listings.offcampusliving.cornell.edu/listings/3234/049-205-dryden-road-ithaca-ny-usa-035_m.jpg', 'SortOrder': None}, {'PhotoId': 21450, 'PhotoName': '1PC69MO4EU71.jpg', 'IsDefault': False, 'AddedDateTime': '2020-09-01T21:32:23.000Z', 'listingId': 3234, 'PhotoUrl': 'https://images.listings.offcampusliving.cornell.edu/listings/3234/1PC69MO4EU71.jpg', 'SortOrder': None}, {'PhotoId': 21451, 'PhotoName': '1PC69UYRURMC.jpg', 'IsDefault': False, 'AddedDateTime': '2020-09-01T21:32:53.000Z', 'listingId': 3234, 'PhotoUrl': 'https://images.listings.offcampusliving.cornell.edu/listings/3234/1PC69UYRURMC.jpg', 'SortOrder': None}, {'PhotoId': 21452, 'PhotoName': '052-205-dryden-road-ithaca-ny-usa-003_m.jpg', 'IsDefault': False, 'AddedDateTime': '2020-09-01T21:33:13.000Z', 'listingId': 3234, 'PhotoUrl': 'https://images.listings.offcampusliving.cornell.edu/listings/3234/052-205-dryden-road-ithaca-ny-usa-003_m.jpg', 'SortOrder': None}, {'PhotoId': 21453, 'PhotoName': '1OHDYN95H7NL.jpg', 'IsDefault': False, 'AddedDateTime': '2020-09-01T21:34:24.000Z', 'listingId': 3234, 'PhotoUrl': 'https://images.listings.offcampusliving.cornell.edu/listings/3234/1OHDYN95H7NL.jpg', 'SortOrder': None}, {'PhotoId': 21454, 'PhotoName': '1PC67Q08380I.jpg', 'IsDefault': False, 'AddedDateTime': '2020-09-01T21:34:53.000Z', 'listingId': 3234, 'PhotoUrl': 'https://images.listings.offcampusliving.cornell.edu/listings/3234/1PC67Q08380I.jpg', 'SortOrder': None}, {'PhotoId': 21455, 'PhotoName': '1PC67UK7XSXS.jpg', 'IsDefault': False, 'AddedDateTime': '2020-09-01T21:35:00.000Z', 'listingId': 3234, 'PhotoUrl': 'https://images.listings.offcampusliving.cornell.edu/listings/3234/1PC67UK7XSXS.jpg', 'SortOrder': None}, {'PhotoId': 21456, 'PhotoName': '1PC678Z8FL7S.jpg', 'IsDefault': False, 'AddedDateTime': '2020-09-01T21:35:08.000Z', 'listingId': 3234, 'PhotoUrl': 'https://images.listings.offcampusliving.cornell.edu/listings/3234/1PC678Z8FL7S.jpg', 'SortOrder': None}]","{""BuildingAddress"": ""205 DRYDEN ROAD"", ""OverallSafetyRating"": 24, ""CategoryScores"": [{""Fire Protection"": 0}, {""Notification Systems"": 0}, {""Emergency Egress"": 0}, {""Applicable Code"": 6}, {""Fire Extinguishers"": 0}, {""Construction Type"": 10}, {""Valid Certificate of Compliance"": 8}], ""OverallSafetyRatingAsPercentage"": 52, ""CategoryScoresAsPercentage"": [{""Fire Protection"": 0}, {""Notification Systems"": 0}, {""Emergency Egress"": 0}, {""Applicable Code"": 100}, {""Fire Extinguishers"": 0}, {""Construction Type"": 83}, {""Valid Certificate of Compliance"": 100}], ""SprinklerType"": [{""sprinklerType"": ""NFPA 13R Sprinkler System"", ""sprinklerCertificateExpiration"": ""2025-02-13""}], ""FireExtinguisherCertificateExpiration"": null, ""NotificationSystem"": [{""subCategory"": ""Fire Alarm System"", ""notificationType"": ""Fire Alarm System"", ""notificationSystemCertificateExpiration"": ""2025-01-02""}, {""subCategory"": ""Single Station Smoke Alarm"", ""notificationType"": ""Single Station Smoke Alarm"", ""notificationSystemCertificateExpiration"": ""2024-01-10""}], ""HasValidCertificateOfOccupancy"": true, ""MeetsMinimumRequirements"": false, ""ExceedsRequirements"": false, ""HasFireResistantConstructionType"": true, ""SatisfiesApplicableCode"": true, ""CertificateExpirationDate"": ""2026-02-09T00:00:00.000Z"", ""DateLastUpdated"": ""2025-10-19T07:01:40.000Z""}"
3287,37,2026-08-01T00:00:00.000Z,12,219 EDDY STREET,04,Ithaca,14850,"Visit us at demosjohnnycollegetownrentals.com  Spacious living room and kitchen areas Right in the Heart of Collegetown location, close distance to campus and restaurants.","Visit our website 
demosjohnnycollegetownrentals.com
Tour virtually our 30 Off Campus locations in the Heart of Collegetown Linden Ave, College Ave, Catherine Street, Blair Street, Eddy Street 
1, 2, 3, 4, 5, 6, 7, 8, 9 bedroom houses / apartments 
We have the perfect locations for Cornell Students who want to be Close To It All!!!",1500,Price Per Unit,No,"['Electronic Payments Accepted ', 'Furnished', 'Heat Included', 'Internet Available', 'Kitchen', 'Laundry Facilities', 'Near Bus Route', 'Off-Street Parking Available', 'Water Included']",No Preference,1,1,"['Graduate', 'Undergraduate']",Rent,42.44071969305379,-76.4873583404684,"{'lat': 42.44071969305379, 'lng': -76.4873583404684}",True,2025-10-31T00:00:00.000Z,True,Yes,2020-10-20T13:51:27.000Z,2025-09-01T13:49:37.830Z,219 EDDY STREET,"[{'PhotoId': 21918, 'PhotoName': '219 Eddy Street Outside.png', 'IsDefault': True, 'AddedDateTime': '2020-10-20T13:51:52.000Z', 'listingId': 3287, 'PhotoUrl': 'https://images.listings.offcampusliving.cornell.edu/listings/3287/219 Eddy Street Outside.png', 'SortOrder': None}, {'PhotoId': 21919, 'PhotoName': '219 Eddy Outside.jpeg', 'IsDefault': False, 'AddedDateTime': '2020-10-20T14:40:50.000Z', 'listingId': 3287, 'PhotoUrl': 'https://images.listings.offcampusliving.cornell.edu/listings/3287/219 Eddy Outside.jpeg', 'SortOrder': None}]","{""BuildingAddress"": ""219 EDDY STREET"", ""OverallSafetyRating"": 8, ""CategoryScores"": [{""Fire Protection"": 0}, {""Notification Systems"": 0}, {""Emergency Egress"": 0}, {""Applicable Code"": 0}, {""Fire Extinguishers"": 0}, {""Construction Type"": 0}, {""Valid Certificate of Compliance"": 8}], ""OverallSafetyRatingAsPercentage"": 17, ""CategoryScoresAsPercentage"": [{""Fire Protection"": 0}, {""Notification Systems"": 0}, {""Emergency Egress"": 0}, {""Applicable Code"": 0}, {""Fire Extinguishers"": 0}, {""Construction Type"": 0}, {""Valid Certificate of Compliance"": 100}], ""SprinklerType"": [], ""FireExtinguisherCertificateExpiration"": null, ""NotificationSystem"": [{""subCategory"": ""Single Station Smoke Alarm"", ""notificationType"": ""Single Station Smoke Alarm"", ""notificationSystemCertificateExpiration"": ""2024-06-20""}, {""subCategory"": ""Fire Alarm System"", ""notificationType"": ""Fire Alarm System"", ""notificationSystemCertificateExpiration"": ""2025-03-06""}], ""HasValidCertificateOfOccupancy"": true, ""MeetsMinimumRequirements"": false, ""ExceedsRequirements"": false, ""HasFireResistantConstructionType"": false, ""SatisfiesApplicableCode"": false, ""CertificateExpirationDate"": ""2026-07-19T00:00:00.000Z"", ""DateLastUpdated"": ""2025-10-19T07:01:44.000Z""}"
3331,594,2026-08-01T00:00:00.000Z,12,117 Thurston Ave,2,Ithaca,14850,"Cheaper than the dorms!  And nicer! Lovely Apartment in Historical Cornell Heights, 3 Bedrooms, 3 Minute Nature Walk to Suspension Bridge ","Very spacious furnished apartment. Heat and Wifi are included. Off Street Parking . Awesome Landlords! Wooded Path on Top of House. Nestled in the Woods. Very Private & Quiet. Ask for video. Bus Next to House.  Laundry in House. Large Front Porch. House nestled in the trees. One year lease beginning August 1st, 2026.

Ask for a video!",795,Price Per Person,No,"['Electronic Payments Accepted ', 'Furnished', 'Heat Included', 'Internet Included', 'Kitchen', 'Laundry Facilities', 'Near Bus Route', 'Water Included', 'Off-Street Parking Available', 'Electronic Payments Accepted']",No Preference,3,1,"['Graduate', 'Undergraduate', 'Staff/Faculty']",Rent,42.45441913913947,-76.4904433385504,"{'lat': 42.45441913913947, 'lng': -76.4904433385504}",True,2025-10-30T00:00:00.000Z,True,No,2020-12-02T02:55:46.000Z,2025-09-28T09:47:21.754Z,,"[{'PhotoId': 42902, 'PhotoName': 'porch.jpeg', 'IsDefault': True, 'AddedDateTime': '2025-08-31T22:51:43.986Z', 'listingId': 3331, 'PhotoUrl': 'https://images.listings.offcampusliving.cornell.edu/listings/3331/porch.jpeg', 'SortOrder': 1}, {'PhotoId': 42903, 'PhotoName': 'room q.jpeg', 'IsDefault': False, 'AddedDateTime': '2025-08-31T22:52:55.845Z', 'listingId': 3331, 'PhotoUrl': 'https://images.listings.offcampusliving.cornell.edu/listings/3331/room q.jpeg', 'SortOrder': None}, {'PhotoId': 42904, 'PhotoName': 'rrom 2 e.jpeg', 'IsDefault': False, 'AddedDateTime': '2025-08-31T22:53:44.147Z', 'listingId': 3331, 'PhotoUrl': 'https://images.listings.offcampusliving.cornell.edu/listings/3331/rrom 2 e.jpeg', 'SortOrder': None}, {'PhotoId': 43293, 'PhotoName': 'room x.jpeg', 'IsDefault': False, 'AddedDateTime': '2025-09-28T09:49:22.579Z', 'listingId': 3331, 'PhotoUrl': 'https://images.listings.offcampusliving.cornell.edu/listings/3331/room x.jpeg', 'SortOrder': None}, {'PhotoId': 43294, 'PhotoName': 'front door.jpeg', 'IsDefault': False, 'AddedDateTime': '2025-09-28T09:49:23.413Z', 'listingId': 3331, 'PhotoUrl': 'https://images.listings.offcampusliving.cornell.edu/listings/3331/front door.jpeg', 'SortOrder': None}, {'PhotoId': 22371, 'PhotoName': 'IMG_5458.jpg', 'IsDefault': False, 'AddedDateTime': '2020-12-08T23:16:22.000Z', 'listingId': 3331, 'PhotoUrl': 'https://images.listings.offcampusliving.cornell.edu/listings/3331/IMG_5458.jpg', 'SortOrder': 2}, {'PhotoId': 42901, 'PhotoName': 'Thurston House.jpeg', 'IsDefault': False, 'AddedDateTime': '2025-08-31T22:36:18.193Z', 'listingId': 3331, 'PhotoUrl': 'https://images.listings.offcampusliving.cornell.edu/listings/3331/Thurston House.jpeg', 'SortOrder': 3}, {'PhotoId': 42890, 'PhotoName': 'dinning room.jpeg', 'IsDefault': False, 'AddedDateTime': '2025-08-31T22:31:25.084Z', 'listingId': 3331, 'PhotoUrl': 'https://images.listings.offcampusliving.cornell.edu/listings/3331/dinning room.jpeg', 'SortOrder': 4}, {'PhotoId': 42891, 'PhotoName': 'dinning:living room.jpeg', 'IsDefault': False, 'AddedDateTime': '2025-08-31T22:31:38.835Z', 'listingId': 3331, 'PhotoUrl': 'https://images.listings.offcampusliving.cornell.edu/listings/3331/dinning:living room.jpeg', 'SortOrder': 5}, {'PhotoId': 42892, 'PhotoName': 'front door.jpeg', 'IsDefault': False, 'AddedDateTime': '2025-08-31T22:31:53.699Z', 'listingId': 3331, 'PhotoUrl': 'https://images.listings.offcampusliving.cornell.edu/listings/3331/front door.jpeg', 'SortOrder': 6}, {'PhotoId': 42893, 'PhotoName': 'kitchen 1.jpeg', 'IsDefault': False, 'AddedDateTime': '2025-08-31T22:32:14.702Z', 'listingId': 3331, 'PhotoUrl': 'https://images.listings.offcampusliving.cornell.edu/listings/3331/kitchen 1.jpeg', 'SortOrder': 7}, {'PhotoId': 42894, 'PhotoName': 'kitchen 2.jpeg', 'IsDefault': False, 'AddedDateTime': '2025-08-31T22:32:31.958Z', 'listingId': 3331, 'PhotoUrl': 'https://images.listings.offcampusliving.cornell.edu/listings/3331/kitchen 2.jpeg', 'SortOrder': 8}, {'PhotoId': 42895, 'PhotoName': 'kitchen p.jpeg', 'IsDefault': False, 'AddedDateTime': '2025-08-31T22:33:07.179Z', 'listingId': 3331, 'PhotoUrl': 'https://images.listings.offcampusliving.cornell.edu/listings/3331/kitchen p.jpeg', 'SortOrder': 9}, {'PhotoId': 42899, 'PhotoName': 'room 2 l.jpeg', 'IsDefault': False, 'AddedDateTime': '2025-08-31T22:35:11.240Z', 'listingId': 3331, 'PhotoUrl': 'https://images.listings.offcampusliving.cornell.edu/listings/3331/room 2 l.jpeg', 'SortOrder': 10}, {'PhotoId': 42896, 'PhotoName': 'living room 3.jpeg', 'IsDefault': False, 'AddedDateTime': '2025-08-31T22:33:09.385Z', 'listingId': 3331, 'PhotoUrl': 'https://images.listings.offcampusliving.cornell.edu/listings/3331/living room 3.jpeg', 'SortOrder': 11}, {'PhotoId': 42900, 'PhotoName': 'room s.jpeg', 'IsDefault': False, 'AddedDateTime': '2025-08-31T22:35:51.574Z', 'listingId': 3331, 'PhotoUrl': 'https://images.listings.offcampusliving.cornell.edu/listings/3331/room s.jpeg', 'SortOrder': 12}, {'PhotoId': 42897, 'PhotoName': 'living room.jpeg', 'IsDefault': False, 'AddedDateTime': '2025-08-31T22:34:43.944Z', 'listingId': 3331, 'PhotoUrl': 'https://images.listings.offcampusliving.cornell.edu/listings/3331/living room.jpeg', 'SortOrder': 13}, {'PhotoId': 42898, 'PhotoName': 'porch 3.jpeg', 'IsDefault': False, 'AddedDateTime': '2025-08-31T22:34:55.204Z', 'listingId': 3331, 'PhotoUrl': 'https://images.listings.offcampusliving.cornell.edu/listings/3331/porch 3.jpeg', 'SortOrder': 14}, {'PhotoId': 22321, 'PhotoName': 'placeholder.jpg', 'IsDefault': False, 'AddedDateTime': '2020-12-02T02:55:46.000Z', 'listingId': 3331, 'PhotoUrl': 'https://images.listings.offcampusliving.cornell.edu/listings/placeholder.jpg', 'SortOrder': 15}]",
3422,2811,2025-10-13T00:00:00.000Z,12,5 Cinema Drive,,Ithaca,14850,"$1,795 / 1br - 910ft2 - Large Luxury 1 bedroom unit with private balcony
$1,975 / 2br - 115ft2 - Large Luxury 2 bedroom 1.5 bath unit with private balcony and washer/dryer in-unit.","Granite counters, stainless steel appliances, dark wood cabinetry, luxury vinyl wood look flooring in all kitchens. new carpet throughout the living area and bedroom. New windows with screens and blinds on all. Two large closets in the bedroom. Updated full bath. Enjoy the outdoors on your private balcony or patio. 

Our complex has a TCAT bus stop right out front. We are in walking distance to many shops, restaurants and banks. Cornell is only 4 miles away. We are a pet friendly community.",1795,Price per Unit,Yes,"['Air Conditioning', 'Electronic Payments Accepted ', 'Heat Included', 'Internet Available', 'Kitchen', 'Laundry Facilities', 'Near Bus Route', 'Off-Street Parking Included']",No Preference,1,1,"['Graduate', 'Staff/Faculty', 'Undergraduate']",Rent,42.47847954826747,-76.47723323426494,"{'lat': 42.47847954826747, 'lng': -76.47723323426494}",True,2026-04-10T00:00:00.000Z,True,No,2021-02-17T15:10:29.000Z,2025-10-13T17:50:10.906Z,,"[{'PhotoId': 23057, 'PhotoName': 'Exterior 5.png', 'IsDefault': True, 'AddedDateTime': '2021-02-17T15:15:15.000Z', 'listingId': 3422, 'PhotoUrl': 'https://images.listings.offcampusliving.cornell.edu/listings/3422/Exterior 5.png', 'SortOrder': None}, {'PhotoId': 23049, 'PhotoName': 'IMG_1326 (002).jpg', 'IsDefault': False, 'AddedDateTime': '2021-02-17T15:15:05.000Z', 'listingId': 3422, 'PhotoUrl': 'https://images.listings.offcampusliving.cornell.edu/listings/3422/IMG_1326 (002).jpg', 'SortOrder': None}, {'PhotoId': 23050, 'PhotoName': 'IMG_1320.jpg', 'IsDefault': False, 'AddedDateTime': '2021-02-17T15:15:07.000Z', 'listingId': 3422, 'PhotoUrl': 'https://images.listings.offcampusliving.cornell.edu/listings/3422/IMG_1320.jpg', 'SortOrder': None}, {'PhotoId': 23052, 'PhotoName': 'Bedroom 1.png', 'IsDefault': False, 'AddedDateTime': '2021-02-17T15:15:11.000Z', 'listingId': 3422, 'PhotoUrl': 'https://images.listings.offcampusliving.cornell.edu/listings/3422/Bedroom 1.png', 'SortOrder': None}, {'PhotoId': 23053, 'PhotoName': 'Kitchen & living room.png', 'IsDefault': False, 'AddedDateTime': '2021-02-17T15:15:12.000Z', 'listingId': 3422, 'PhotoUrl': 'https://images.listings.offcampusliving.cornell.edu/listings/3422/Kitchen & living room.png', 'SortOrder': None}, {'PhotoId': 23054, 'PhotoName': 'Living room 1.png', 'IsDefault': False, 'AddedDateTime': '2021-02-17T15:15:14.000Z', 'listingId': 3422, 'PhotoUrl': 'https://images.listings.offcampusliving.cornell.edu/listings/3422/Living room 1.png', 'SortOrder': None}, {'PhotoId': 23055, 'PhotoName': 'Bedroom 2.png', 'IsDefault': False, 'AddedDateTime': '2021-02-17T15:15:14.000Z', 'listingId': 3422, 'PhotoUrl': 'https://images.listings.offcampusliving.cornell.edu/listings/3422/Bedroom 2.png', 'SortOrder': None}, {'PhotoId': 23056, 'PhotoName': 'Exterior 4.png', 'IsDefault': False, 'AddedDateTime': '2021-02-17T15:15:14.000Z', 'listingId': 3422, 'PhotoUrl': 'https://images.listings.offcampusliving.cornell.edu/listings/3422/Exterior 4.png', 'SortOrder': None}, {'PhotoId': 23058, 'PhotoName': 'Exterior 2.png', 'IsDefault': False, 'AddedDateTime': '2021-02-17T15:15:15.000Z', 'listingId': 3422, 'PhotoUrl': 'https://images.listings.offcampusliving.cornell.edu/listings/3422/Exterior 2.png', 'SortOrder': None}]",
3573,1579,2026-06-01T00:00:00.000Z,12,205 DRYDEN ROAD,602 Penthouse,Ithaca,14850,Penthouse Suite 602 is a huge 4bdrm/2bath suite with an abundance of sunshine. High above Collegetown with beautiful views.  A great location provides easy access to campus.   Our Best Suite !!,"Dryden South provides a great living opportunity.  Great management, high quality construction, low utility bills.  Penthouse suite 602 offers amazing views of Collegetown and  Ithaca along with plenty of natural sunlight.  Large windows and high ceilings.  Fully furnished with a 60"" Tv, Heat and hot water included.  Designed primarily as Cornell housing our high quality masonry construction, modern health and safety systems including video intercoms exceeds most safety standards.  ",1655,Price Per Person,No,"['Air Conditioning', 'Electronic Payments Accepted ', 'Furnished', 'Heat Included', 'Internet Available', 'Kitchen', 'Laundry Facilities', 'Near Bus Route', 'Water Included']",No Preference,4,2,"['Undergraduate', 'Graduate']",Rent,42.44160823997257,-76.48484552782594,"{'lat': 42.44160823997257, 'lng': -76.48484552782594}",True,2025-11-09T00:00:00.000Z,True,Yes,2021-09-17T11:39:17.000Z,2025-09-30T16:39:50.318Z,205 DRYDEN ROAD,"[{'PhotoId': 37273, 'PhotoName': 'Dryden South Drone pic.jpg', 'IsDefault': True, 'AddedDateTime': '2024-08-26T12:15:26.453Z', 'listingId': 3573, 'PhotoUrl': 'https://images.listings.offcampusliving.cornell.edu/listings/3573/Dryden South Drone pic.jpg', 'SortOrder': 2}, {'PhotoId': 43089, 'PhotoName': 'Dryden South front view night.jpg', 'IsDefault': False, 'AddedDateTime': '2025-09-09T15:37:30.163Z', 'listingId': 3573, 'PhotoUrl': 'https://images.listings.offcampusliving.cornell.edu/listings/3573/Dryden South front view night.jpg', 'SortOrder': 1}, {'PhotoId': 24440, 'PhotoName': '001-205-dryden-road-ithaca-ny-usa-003_m.jpg', 'IsDefault': False, 'AddedDateTime': '2021-09-17T11:40:42.000Z', 'listingId': 3573, 'PhotoUrl': 'https://images.listings.offcampusliving.cornell.edu/listings/3573/001-205-dryden-road-ithaca-ny-usa-003_m.jpg', 'SortOrder': 3}, {'PhotoId': 24441, 'PhotoName': '002-205-dryden-road-ithaca-ny-usa-001_m.jpg', 'IsDefault': False, 'AddedDateTime': '2021-09-17T11:40:47.000Z', 'listingId': 3573, 'PhotoUrl': 'https://images.listings.offcampusliving.cornell.edu/listings/3573/002-205-dryden-road-ithaca-ny-usa-001_m.jpg', 'SortOrder': 4}, {'PhotoId': 24442, 'PhotoName': '003-205-dryden-road-ithaca-ny-usa-002_m.jpg', 'IsDefault': False, 'AddedDateTime': '2021-09-17T11:41:01.000Z', 'listingId': 3573, 'PhotoUrl': 'https://images.listings.offcampusliving.cornell.edu/listings/3573/003-205-dryden-road-ithaca-ny-usa-002_m.jpg', 'SortOrder': 5}, {'PhotoId': 24443, 'PhotoName': '005-205-dryden-road-ithaca-ny-usa-005_m.jpg', 'IsDefault': False, 'AddedDateTime': '2021-09-17T11:41:05.000Z', 'listingId': 3573, 'PhotoUrl': 'https://images.listings.offcampusliving.cornell.edu/listings/3573/005-205-dryden-road-ithaca-ny-usa-005_m.jpg', 'SortOrder': 6}, {'PhotoId': 24444, 'PhotoName': '006-205-dryden-road-ithaca-ny-usa-006_m.jpg', 'IsDefault': False, 'AddedDateTime': '2021-09-17T11:41:09.000Z', 'listingId': 3573, 'PhotoUrl': 'https://images.listings.offcampusliving.cornell.edu/listings/3573/006-205-dryden-road-ithaca-ny-usa-006_m.jpg', 'SortOrder': 7}, {'PhotoId': 24445, 'PhotoName': '007-205-dryden-road-ithaca-ny-usa-007_m.jpg', 'IsDefault': False, 'AddedDateTime': '2021-09-17T11:41:12.000Z', 'listingId': 3573, 'PhotoUrl': 'https://images.listings.offcampusliving.cornell.edu/listings/3573/007-205-dryden-road-ithaca-ny-usa-007_m.jpg', 'SortOrder': 8}, {'PhotoId': 24446, 'PhotoName': '011-205-dryden-road-ithaca-ny-usa-011_m.jpg', 'IsDefault': False, 'AddedDateTime': '2021-09-17T11:41:21.000Z', 'listingId': 3573, 'PhotoUrl': 'https://images.listings.offcampusliving.cornell.edu/listings/3573/011-205-dryden-road-ithaca-ny-usa-011_m.jpg', 'SortOrder': 9}, {'PhotoId': 24447, 'PhotoName': '012-205-dryden-road-ithaca-ny-usa-012_m.jpg', 'IsDefault': False, 'AddedDateTime': '2021-09-17T11:41:34.000Z', 'listingId': 3573, 'PhotoUrl': 'https://images.listings.offcampusliving.cornell.edu/listings/3573/012-205-dryden-road-ithaca-ny-usa-012_m.jpg', 'SortOrder': 10}, {'PhotoId': 24448, 'PhotoName': '010-205-dryden-road-ithaca-ny-usa-010_m.jpg', 'IsDefault': False, 'AddedDateTime': '2021-09-17T11:41:39.000Z', 'listingId': 3573, 'PhotoUrl': 'https://images.listings.offcampusliving.cornell.edu/listings/3573/010-205-dryden-road-ithaca-ny-usa-010_m.jpg', 'SortOrder': 11}, {'PhotoId': 24449, 'PhotoName': '901-floor-page_imperial_2_m.jpg', 'IsDefault': False, 'AddedDateTime': '2021-09-17T11:41:53.000Z', 'listingId': 3573, 'PhotoUrl': 'https://images.listings.offcampusliving.cornell.edu/listings/3573/901-floor-page_imperial_2_m.jpg', 'SortOrder': 12}, {'PhotoId': 37272, 'PhotoName': '026-205-dryden-road-ithaca-ny-usa-024_m.jpg', 'IsDefault': False, 'AddedDateTime': '2024-08-26T11:47:58.022Z', 'listingId': 3573, 'PhotoUrl': 'https://images.listings.offcampusliving.cornell.edu/listings/3573/026-205-dryden-road-ithaca-ny-usa-024_m.jpg', 'SortOrder': 13}, {'PhotoId': 37274, 'PhotoName': 'DRY_2625_Logo_chosen_FINAL.jpg', 'IsDefault': False, 'AddedDateTime': '2024-08-26T12:15:58.282Z', 'listingId': 3573, 'PhotoUrl': 'https://images.listings.offcampusliving.cornell.edu/listings/3573/DRY_2625_Logo_chosen_FINAL.jpg', 'SortOrder': 14}]","{""BuildingAddress"": ""205 DRYDEN ROAD"", ""OverallSafetyRating"": 24, ""CategoryScores"": [{""Fire Protection"": 0}, {""Notification Systems"": 0}, {""Emergency Egress"": 0}, {""Applicable Code"": 6}, {""Fire Extinguishers"": 0}, {""Construction Type"": 10}, {""Valid Certificate of Compliance"": 8}], ""OverallSafetyRatingAsPercentage"": 52, ""CategoryScoresAsPercentage"": [{""Fire Protection"": 0}, {""Notification Systems"": 0}, {""Emergency Egress"": 0}, {""Applicable Code"": 100}, {""Fire Extinguishers"": 0}, {""Construction Type"": 83}, {""Valid Certificate of Compliance"": 100}], ""SprinklerType"": [{""sprinklerType"": ""NFPA 13R Sprinkler System"", ""sprinklerCertificateExpiration"": ""2025-02-13""}], ""FireExtinguisherCertificateExpiration"": null, ""NotificationSystem"": [{""subCategory"": ""Fire Alarm System"", ""notificationType"": ""Fire Alarm System"", ""notificationSystemCertificateExpiration"": ""2025-01-02""}, {""subCategory"": ""Single Station Smoke Alarm"", ""notificationType"": ""Single Station Smoke Alarm"", ""notificationSystemCertificateExpiration"": ""2024-01-10""}], ""HasValidCertificateOfOccupancy"": true, ""MeetsMinimumRequirements"": false, ""ExceedsRequirements"": false, ""HasFireResistantConstructionType"": true, ""SatisfiesApplicableCode"": true, ""CertificateExpirationDate"": ""2026-02-09T00:00:00.000Z"", ""DateLastUpdated"": ""2025-10-19T07:01:40.000Z""}"
3638,415,2026-08-05T00:00:00.000Z,12,410 STEWART AVENUE,3,Ithaca,14850,Rooms for Rent 2026-2027 School Year,"Fully furnished room in an apartment on 410 Stewart Ave, short walk to Cornell Campus and the bus stop right across the street. Rent is $785 room which includes all utilities. ",785,Price Per Person,No,"['Electricity Included', 'Heat Included', 'Furnished', 'Kitchen', 'Internet Available', 'Laundry Facilities', 'Near Bus Route', 'Permitted Street Parking Available ', 'Water Included', 'Electronic Payments Accepted', 'Off-Street Parking Available']",No Preference,9,2,"['Undergraduate', 'Graduate']",Rent,42.44293141675804,-76.49007340442701,"{'lat': 42.44293141675804, 'lng': -76.49007340442701}",True,2026-02-22T00:00:00.000Z,True,Yes,2021-11-15T03:28:47.000Z,2025-08-31T19:10:16.924Z,410 STEWART AVENUE,"[{'PhotoId': 37428, 'PhotoName': 'Screenshot 2024-09-07 142601.png', 'IsDefault': True, 'AddedDateTime': '2024-09-07T18:31:46.498Z', 'listingId': 3638, 'PhotoUrl': 'https://images.listings.offcampusliving.cornell.edu/listings/3638/Screenshot 2024-09-07 142601.png', 'SortOrder': None}]","{""BuildingAddress"": ""410 STEWART AVENUE"", ""OverallSafetyRating"": 8, ""CategoryScores"": [{""Fire Protection"": 0}, {""Notification Systems"": 0}, {""Emergency Egress"": 0}, {""Applicable Code"": 0}, {""Fire Extinguishers"": 0}, {""Construction Type"": 0}, {""Valid Certificate of Compliance"": 8}], ""OverallSafetyRatingAsPercentage"": 17, ""CategoryScoresAsPercentage"": [{""Fire Protection"": 0}, {""Notification Systems"": 0}, {""Emergency Egress"": 0}, {""Applicable Code"": 0}, {""Fire Extinguishers"": 0}, {""Construction Type"": 0}, {""Valid Certificate of Compliance"": 100}], ""SprinklerType"": [], ""FireExtinguisherCertificateExpiration"": null, ""NotificationSystem"": [{""subCategory"": ""Single Station Smoke Alarm"", ""notificationType"": ""Single Station Smoke Alarm"", ""notificationSystemCertificateExpiration"": ""2023-12-05""}, {""subCategory"": ""Fire Alarm System"", ""notificationType"": ""Fire Alarm System"", ""notificationSystemCertificateExpiration"": ""2025-01-01""}], ""HasValidCertificateOfOccupancy"": true, ""MeetsMinimumRequirements"": true, ""ExceedsRequirements"": false, ""HasFireResistantConstructionType"": false, ""SatisfiesApplicableCode"": false, ""CertificateExpirationDate"": ""2026-01-08T00:00:00.000Z"", ""DateLastUpdated"": ""2025-10-19T07:01:54.000Z""}"
3918,30,2026-08-01T00:00:00.000Z,12,412 University Avenue,1-4,Ithaca,14850,"3, 4, 5 Bedroom units","Rent for the 5 bedroom is 800 a person,4 bedroom is 890 a person and five bedroom is 915 a person. Includes: heat, water, sewer.  Garbage and electricity paid by tenant.  Has fire sprinkler system and monitored fire alarm. House renovated to 2003 building code. On site washer dryer.  Off street parking available.  One minute walk to bus route.    ",800,Price Per Person,No,"['Electronic Payments Accepted', 'Furnished', 'Heat Included', 'Internet Available', 'Kitchen', 'Laundry Facilities', 'Near Bus Route', 'Off-Street Parking Available', 'Water Included']",No Preference,5,2,"['Graduate', 'Undergraduate']",Rent,42.44813645933987,-76.49301053454424,"{'lat': 42.44813645933987, 'lng': -76.49301053454424}",True,2025-10-22T00:00:00.000Z,True,Yes,2022-09-07T14:30:57.896Z,2025-08-22T12:59:50.670Z,412 UNIVERSITY AVENUE,"[{'PhotoId': 27506, 'PhotoName': 'Cropped.jpg', 'IsDefault': True, 'AddedDateTime': '2022-09-07T14:39:30.853Z', 'listingId': 3918, 'PhotoUrl': 'https://images.listings.offcampusliving.cornell.edu/listings/3918/Cropped.jpg', 'SortOrder': None}, {'PhotoId': 27500, 'PhotoName': '1101171735.jpg', 'IsDefault': False, 'AddedDateTime': '2022-09-07T14:34:06.299Z', 'listingId': 3918, 'PhotoUrl': 'https://images.listings.offcampusliving.cornell.edu/listings/3918/1101171735.jpg', 'SortOrder': None}, {'PhotoId': 27501, 'PhotoName': '1101171737.jpg', 'IsDefault': False, 'AddedDateTime': '2022-09-07T14:34:55.311Z', 'listingId': 3918, 'PhotoUrl': 'https://images.listings.offcampusliving.cornell.edu/listings/3918/1101171737.jpg', 'SortOrder': None}, {'PhotoId': 27502, 'PhotoName': '1101171736.jpg', 'IsDefault': False, 'AddedDateTime': '2022-09-07T14:35:09.247Z', 'listingId': 3918, 'PhotoUrl': 'https://images.listings.offcampusliving.cornell.edu/listings/3918/1101171736.jpg', 'SortOrder': None}, {'PhotoId': 27503, 'PhotoName': '4thfl bath.JPG', 'IsDefault': False, 'AddedDateTime': '2022-09-07T14:35:28.220Z', 'listingId': 3918, 'PhotoUrl': 'https://images.listings.offcampusliving.cornell.edu/listings/3918/4thfl bath.JPG', 'SortOrder': None}, {'PhotoId': 27505, 'PhotoName': 'IMG_20181206_140323001.jpg', 'IsDefault': False, 'AddedDateTime': '2022-09-07T14:36:30.077Z', 'listingId': 3918, 'PhotoUrl': 'https://images.listings.offcampusliving.cornell.edu/listings/3918/IMG_20181206_140323001.jpg', 'SortOrder': None}, {'PhotoId': 27507, 'PhotoName': 'IMGP0030.JPG', 'IsDefault': False, 'AddedDateTime': '2022-09-07T14:40:09.051Z', 'listingId': 3918, 'PhotoUrl': 'https://images.listings.offcampusliving.cornell.edu/listings/3918/IMGP0030.JPG', 'SortOrder': None}, {'PhotoId': 27510, 'PhotoName': 'IMG_20181206_140341021.jpg', 'IsDefault': False, 'AddedDateTime': '2022-09-07T14:42:17.330Z', 'listingId': 3918, 'PhotoUrl': 'https://images.listings.offcampusliving.cornell.edu/listings/3918/IMG_20181206_140341021.jpg', 'SortOrder': None}, {'PhotoId': 42792, 'PhotoName': '20241001_111906.jpg', 'IsDefault': False, 'AddedDateTime': '2025-08-22T13:01:10.446Z', 'listingId': 3918, 'PhotoUrl': 'https://images.listings.offcampusliving.cornell.edu/listings/3918/20241001_111906.jpg', 'SortOrder': None}, {'PhotoId': 42793, 'PhotoName': '20241001_111956.jpg', 'IsDefault': False, 'AddedDateTime': '2025-08-22T13:01:12.261Z', 'listingId': 3918, 'PhotoUrl': 'https://images.listings.offcampusliving.cornell.edu/listings/3918/20241001_111956.jpg', 'SortOrder': None}, {'PhotoId': 42794, 'PhotoName': 'IMGP0046.JPG', 'IsDefault': False, 'AddedDateTime': '2025-08-22T13:02:10.738Z', 'listingId': 3918, 'PhotoUrl': 'https://images.listings.offcampusliving.cornell.edu/listings/3918/IMGP0046.JPG', 'SortOrder': None}]","{""BuildingAddress"": ""412 UNIVERSITY AVENUE"", ""OverallSafetyRating"": 14, ""CategoryScores"": [{""Fire Protection"": 0}, {""Notification Systems"": 0}, {""Emergency Egress"": 0}, {""Applicable Code"": 6}, {""Fire Extinguishers"": 0}, {""Construction Type"": 0}, {""Valid Certificate of Compliance"": 8}], ""OverallSafetyRatingAsPercentage"": 30, ""CategoryScoresAsPercentage"": [{""Fire Protection"": 0}, {""Notification Systems"": 0}, {""Emergency Egress"": 0}, {""Applicable Code"": 100}, {""Fire Extinguishers"": 0}, {""Construction Type"": 0}, {""Valid Certificate of Compliance"": 100}], ""SprinklerType"": [{""sprinklerType"": ""NFPA 13R Sprinkler System"", ""sprinklerCertificateExpiration"": ""2025-09-22""}], ""FireExtinguisherCertificateExpiration"": ""2025-09-30T00:00:00.000Z"", ""NotificationSystem"": [{""subCategory"": ""Single Station Smoke Alarm"", ""notificationType"": ""Single Station Smoke Alarm"", ""notificationSystemCertificateExpiration"": ""2025-01-07""}, {""subCategory"": ""Fire Alarm System"", ""notificationType"": ""Fire Alarm System"", ""notificationSystemCertificateExpiration"": ""2025-08-08""}], ""HasValidCertificateOfOccupancy"": true, ""MeetsMinimumRequirements"": false, ""ExceedsRequirements"": false, ""HasFireResistantConstructionType"": false, ""SatisfiesApplicableCode"": true, ""CertificateExpirationDate"": ""2027-01-07T00:00:00.000Z"", ""DateLastUpdated"": ""2025-10-19T07:01:55.000Z""}"
3943,118,2026-08-08T00:00:00.000Z,12,112 Ferris Place,,Ithaca,14850,Gorgeous 6 Bedroom House Aug 2026,"Gorgeous 6 bedroom house available August 8, 2026 - July 31, 2027. 5 min walk to downtown area. 10 min walk to campus. Bus station is around the corner. $925/per bedroom or $5550/group. No smoking or pets allowed. Accepting group or single applications. 
Rental includes: 
~ Furnished bedrooms with bed, dresser, desk
~ Furnished living room
~ 2 renovated bathrooms
~ Updated kitchen appliances
~ Free laundry in basement

Utilities, internet, trash not included & split with housemates.",925,Price Per Person,No,"['Electronic Payments Accepted', 'Furnished', 'Internet Available', 'Kitchen', 'Laundry Facilities', 'Near Bus Route', 'Permitted Street Parking Available', 'Water Included']",No Preference,6,2,"['Graduate', 'Undergraduate', 'Spring Sublet', 'Short-Term Housing', 'Fall Sublet']",Rent,42.43850261435586,-76.48953956284944,"{'lat': 42.43850261435586, 'lng': -76.48953956284944}",True,2025-12-28T00:00:00.000Z,True,Yes,2022-10-01T19:08:18.407Z,2025-10-13T12:25:00.744Z,,"[{'PhotoId': 27808, 'PhotoName': 'new kitchen pic 4.JPG', 'IsDefault': True, 'AddedDateTime': '2022-10-01T19:13:53.734Z', 'listingId': 3943, 'PhotoUrl': 'https://images.listings.offcampusliving.cornell.edu/listings/3943/new kitchen pic 4.JPG', 'SortOrder': None}, {'PhotoId': 27807, 'PhotoName': 'new kitchen pic 1.JPG', 'IsDefault': False, 'AddedDateTime': '2022-10-01T19:13:35.689Z', 'listingId': 3943, 'PhotoUrl': 'https://images.listings.offcampusliving.cornell.edu/listings/3943/new kitchen pic 1.JPG', 'SortOrder': None}, {'PhotoId': 27809, 'PhotoName': 'New Living Room Couches.jpg', 'IsDefault': False, 'AddedDateTime': '2022-10-01T19:13:54.056Z', 'listingId': 3943, 'PhotoUrl': 'https://images.listings.offcampusliving.cornell.edu/listings/3943/New Living Room Couches.jpg', 'SortOrder': None}, {'PhotoId': 27811, 'PhotoName': '112 Ferris New Pic 3.JPG', 'IsDefault': False, 'AddedDateTime': '2022-10-01T19:14:12.044Z', 'listingId': 3943, 'PhotoUrl': 'https://images.listings.offcampusliving.cornell.edu/listings/3943/112 Ferris New Pic 3.JPG', 'SortOrder': None}, {'PhotoId': 27813, 'PhotoName': 'New bathroom pic 112 Ferris.jpg', 'IsDefault': False, 'AddedDateTime': '2022-10-01T19:14:59.653Z', 'listingId': 3943, 'PhotoUrl': 'https://images.listings.offcampusliving.cornell.edu/listings/3943/New bathroom pic 112 Ferris.jpg', 'SortOrder': None}, {'PhotoId': 27851, 'PhotoName': '112 114 Ferris New Hallway.JPG', 'IsDefault': False, 'AddedDateTime': '2022-10-01T20:46:00.033Z', 'listingId': 3943, 'PhotoUrl': 'https://images.listings.offcampusliving.cornell.edu/listings/3943/112 114 Ferris New Hallway.JPG', 'SortOrder': None}, {'PhotoId': 35092, 'PhotoName': '114 Ferris (1-1).JPG', 'IsDefault': False, 'AddedDateTime': '2024-03-08T17:12:52.392Z', 'listingId': 3943, 'PhotoUrl': 'https://images.listings.offcampusliving.cornell.edu/listings/3943/114 Ferris (1-1).JPG', 'SortOrder': None}, {'PhotoId': 35093, 'PhotoName': '114 Ferris (1-1) wardrobe.JPG', 'IsDefault': False, 'AddedDateTime': '2024-03-08T17:12:54.949Z', 'listingId': 3943, 'PhotoUrl': 'https://images.listings.offcampusliving.cornell.edu/listings/3943/114 Ferris (1-1) wardrobe.JPG', 'SortOrder': None}, {'PhotoId': 35095, 'PhotoName': '114 Ferris Study Lounge CL.jpg', 'IsDefault': False, 'AddedDateTime': '2024-03-08T17:15:40.109Z', 'listingId': 3943, 'PhotoUrl': 'https://images.listings.offcampusliving.cornell.edu/listings/3943/114 Ferris Study Lounge CL.jpg', 'SortOrder': None}, {'PhotoId': 35096, 'PhotoName': '114 Ferris 1-2 wardrobe & inside bdrm door view.JPG', 'IsDefault': False, 'AddedDateTime': '2024-03-08T17:15:43.108Z', 'listingId': 3943, 'PhotoUrl': 'https://images.listings.offcampusliving.cornell.edu/listings/3943/114 Ferris 1-2 wardrobe & inside bdrm door view.JPG', 'SortOrder': None}, {'PhotoId': 35097, 'PhotoName': '114 Ferris 1-2.JPG', 'IsDefault': False, 'AddedDateTime': '2024-03-08T17:16:38.352Z', 'listingId': 3943, 'PhotoUrl': 'https://images.listings.offcampusliving.cornell.edu/listings/3943/114 Ferris 1-2.JPG', 'SortOrder': None}, {'PhotoId': 42308, 'PhotoName': '112Ferris1-1.png', 'IsDefault': False, 'AddedDateTime': '2025-07-26T12:44:14.608Z', 'listingId': 3943, 'PhotoUrl': 'https://images.listings.offcampusliving.cornell.edu/listings/3943/112Ferris1-1.png', 'SortOrder': None}, {'PhotoId': 42309, 'PhotoName': '112 ferris 2.3 bedroom.jpg', 'IsDefault': False, 'AddedDateTime': '2025-07-26T12:44:17.696Z', 'listingId': 3943, 'PhotoUrl': 'https://images.listings.offcampusliving.cornell.edu/listings/3943/112 ferris 2.3 bedroom.jpg', 'SortOrder': None}, {'PhotoId': 42310, 'PhotoName': '112 Ferris New Pic 2.JPG', 'IsDefault': False, 'AddedDateTime': '2025-07-26T12:45:20.005Z', 'listingId': 3943, 'PhotoUrl': 'https://images.listings.offcampusliving.cornell.edu/listings/3943/112 Ferris New Pic 2.JPG', 'SortOrder': None}, {'PhotoId': 42311, 'PhotoName': '112 Ferris 2-2 better pic.jpg', 'IsDefault': False, 'AddedDateTime': '2025-07-26T12:45:22.807Z', 'listingId': 3943, 'PhotoUrl': 'https://images.listings.offcampusliving.cornell.edu/listings/3943/112 Ferris 2-2 better pic.jpg', 'SortOrder': None}, {'PhotoId': 42312, 'PhotoName': 'new kitchen pic 2 .JPG', 'IsDefault': False, 'AddedDateTime': '2025-07-26T12:45:23.105Z', 'listingId': 3943, 'PhotoUrl': 'https://images.listings.offcampusliving.cornell.edu/listings/3943/new kitchen pic 2 .JPG', 'SortOrder': None}]",
3961,14,2026-06-01T00:00:00.000Z,12,514 Edgewood Place,1,Ithaca,14850,"Great $$ Bedrooms/private baths entire house. Huge common areas,gourmet kitchen,hardwood,big windows,furnished luxury. free parking, laundry, yard, lower collegetown near Williams. 10 mo.lease option","514 Edgewood Place: Private baths , house completely furnished down to the last detail. Hardwood floors, big windows, lovely interior. Huge yard and porches. Off street parking for 7 cars, on site laundry all included.    Completely updated baths and gorgeous kitchen.  Free laundry, basement storage, full sprinkler system, free parking on site. Pat 607-592-1817 call text pehrich1@gmail.com for photo album and tour. $1010+ u's. Ten month lease is an option. Great Price either way!",1010,Price Per Person,No,"['Air Conditioning', 'Electronic Payments Accepted', 'Furnished', 'Internet Available', 'Kitchen', 'Laundry Facilities', 'Near Bus Route', 'Off-Street Parking Available', 'Off-Street Parking Included']",No Preference,9,1,"['Graduate', 'Undergraduate', 'Staff/Faculty']",Rent,42.44286719870843,-76.49042138660324,"{'lat': 42.44286719870843, 'lng': -76.49042138660324}",True,2025-12-03T00:00:00.000Z,True,Yes,2022-10-17T07:54:08.167Z,2025-10-03T19:21:06.643Z,514 EDGEWOOD PLACE,"[{'PhotoId': 43388, 'PhotoName': 'edgewood best front.jpg', 'IsDefault': True, 'AddedDateTime': '2025-10-03T19:10:23.175Z', 'listingId': 3961, 'PhotoUrl': 'https://images.listings.offcampusliving.cornell.edu/listings/3961/edgewood best front.jpg', 'SortOrder': None}, {'PhotoId': 28007, 'PhotoName': 'IMG_3033.JPG', 'IsDefault': False, 'AddedDateTime': '2022-10-17T07:57:04.247Z', 'listingId': 3961, 'PhotoUrl': 'https://images.listings.offcampusliving.cornell.edu/listings/3961/IMG_3033.JPG', 'SortOrder': None}, {'PhotoId': 28011, 'PhotoName': 'bath3rdedge.JPG', 'IsDefault': False, 'AddedDateTime': '2022-10-17T08:24:53.547Z', 'listingId': 3961, 'PhotoUrl': 'https://images.listings.offcampusliving.cornell.edu/listings/3961/bath3rdedge.JPG', 'SortOrder': None}, {'PhotoId': 43359, 'PhotoName': 'ivy 5 - 5.jpg', 'IsDefault': False, 'AddedDateTime': '2025-10-03T19:09:59.894Z', 'listingId': 3961, 'PhotoUrl': 'https://images.listings.offcampusliving.cornell.edu/listings/3961/ivy 5 - 5.jpg', 'SortOrder': None}, {'PhotoId': 43362, 'PhotoName': 'suite5bath.jpg', 'IsDefault': False, 'AddedDateTime': '2025-10-03T19:10:00.558Z', 'listingId': 3961, 'PhotoUrl': 'https://images.listings.offcampusliving.cornell.edu/listings/3961/suite5bath.jpg', 'SortOrder': None}, {'PhotoId': 43363, 'PhotoName': 'suite 61.jpg', 'IsDefault': False, 'AddedDateTime': '2025-10-03T19:10:00.746Z', 'listingId': 3961, 'PhotoUrl': 'https://images.listings.offcampusliving.cornell.edu/listings/3961/suite 61.jpg', 'SortOrder': None}, {'PhotoId': 43364, 'PhotoName': 'suite 63.jpg', 'IsDefault': False, 'AddedDateTime': '2025-10-03T19:10:00.995Z', 'listingId': 3961, 'PhotoUrl': 'https://images.listings.offcampusliving.cornell.edu/listings/3961/suite 63.jpg', 'SortOrder': None}, {'PhotoId': 43365, 'PhotoName': 'suite3.jpg', 'IsDefault': False, 'AddedDateTime': '2025-10-03T19:10:01.176Z', 'listingId': 3961, 'PhotoUrl': 'https://images.listings.offcampusliving.cornell.edu/listings/3961/suite3.jpg', 'SortOrder': None}, {'PhotoId': 43366, 'PhotoName': 'ivy 3 - 4.jpg', 'IsDefault': False, 'AddedDateTime': '2025-10-03T19:10:01.411Z', 'listingId': 3961, 'PhotoUrl': 'https://images.listings.offcampusliving.cornell.edu/listings/3961/ivy 3 - 4.jpg', 'SortOrder': None}, {'PhotoId': 43367, 'PhotoName': '20250812_132959.jpg', 'IsDefault': False, 'AddedDateTime': '2025-10-03T19:10:02.517Z', 'listingId': 3961, 'PhotoUrl': 'https://images.listings.offcampusliving.cornell.edu/listings/3961/20250812_132959.jpg', 'SortOrder': None}, {'PhotoId': 43368, 'PhotoName': '20250812_132927.jpg', 'IsDefault': False, 'AddedDateTime': '2025-10-03T19:10:03.451Z', 'listingId': 3961, 'PhotoUrl': 'https://images.listings.offcampusliving.cornell.edu/listings/3961/20250812_132927.jpg', 'SortOrder': None}, {'PhotoId': 43369, 'PhotoName': '20250812_133017.jpg', 'IsDefault': False, 'AddedDateTime': '2025-10-03T19:10:04.259Z', 'listingId': 3961, 'PhotoUrl': 'https://images.listings.offcampusliving.cornell.edu/listings/3961/20250812_133017.jpg', 'SortOrder': None}, {'PhotoId': 43370, 'PhotoName': '20250812_133617.jpg', 'IsDefault': False, 'AddedDateTime': '2025-10-03T19:10:05.472Z', 'listingId': 3961, 'PhotoUrl': 'https://images.listings.offcampusliving.cornell.edu/listings/3961/20250812_133617.jpg', 'SortOrder': None}, {'PhotoId': 43371, 'PhotoName': '20250812_133952.jpg', 'IsDefault': False, 'AddedDateTime': '2025-10-03T19:10:06.536Z', 'listingId': 3961, 'PhotoUrl': 'https://images.listings.offcampusliving.cornell.edu/listings/3961/20250812_133952.jpg', 'SortOrder': None}, {'PhotoId': 43372, 'PhotoName': '20250812_134005.jpg', 'IsDefault': False, 'AddedDateTime': '2025-10-03T19:10:07.752Z', 'listingId': 3961, 'PhotoUrl': 'https://images.listings.offcampusliving.cornell.edu/listings/3961/20250812_134005.jpg', 'SortOrder': None}, {'PhotoId': 43373, 'PhotoName': '20250812_134030.jpg', 'IsDefault': False, 'AddedDateTime': '2025-10-03T19:10:08.830Z', 'listingId': 3961, 'PhotoUrl': 'https://images.listings.offcampusliving.cornell.edu/listings/3961/20250812_134030.jpg', 'SortOrder': None}, {'PhotoId': 43374, 'PhotoName': '20250812_134200.jpg', 'IsDefault': False, 'AddedDateTime': '2025-10-03T19:10:09.946Z', 'listingId': 3961, 'PhotoUrl': 'https://images.listings.offcampusliving.cornell.edu/listings/3961/20250812_134200.jpg', 'SortOrder': None}, {'PhotoId': 43375, 'PhotoName': '20250812_134228.jpg', 'IsDefault': False, 'AddedDateTime': '2025-10-03T19:10:11.110Z', 'listingId': 3961, 'PhotoUrl': 'https://images.listings.offcampusliving.cornell.edu/listings/3961/20250812_134228.jpg', 'SortOrder': None}, {'PhotoId': 43376, 'PhotoName': '20250812_134300.jpg', 'IsDefault': False, 'AddedDateTime': '2025-10-03T19:10:12.152Z', 'listingId': 3961, 'PhotoUrl': 'https://images.listings.offcampusliving.cornell.edu/listings/3961/20250812_134300.jpg', 'SortOrder': None}, {'PhotoId': 43377, 'PhotoName': '20250812_134323.jpg', 'IsDefault': False, 'AddedDateTime': '2025-10-03T19:10:13.135Z', 'listingId': 3961, 'PhotoUrl': 'https://images.listings.offcampusliving.cornell.edu/listings/3961/20250812_134323.jpg', 'SortOrder': None}, {'PhotoId': 43378, 'PhotoName': '20250812_134556.jpg', 'IsDefault': False, 'AddedDateTime': '2025-10-03T19:10:14.305Z', 'listingId': 3961, 'PhotoUrl': 'https://images.listings.offcampusliving.cornell.edu/listings/3961/20250812_134556.jpg', 'SortOrder': None}, {'PhotoId': 43379, 'PhotoName': '20250812_134617.jpg', 'IsDefault': False, 'AddedDateTime': '2025-10-03T19:10:15.241Z', 'listingId': 3961, 'PhotoUrl': 'https://images.listings.offcampusliving.cornell.edu/listings/3961/20250812_134617.jpg', 'SortOrder': None}, {'PhotoId': 43380, 'PhotoName': '20250812_134722.jpg', 'IsDefault': False, 'AddedDateTime': '2025-10-03T19:10:16.334Z', 'listingId': 3961, 'PhotoUrl': 'https://images.listings.offcampusliving.cornell.edu/listings/3961/20250812_134722.jpg', 'SortOrder': None}, {'PhotoId': 43381, 'PhotoName': '20250812_134737.jpg', 'IsDefault': False, 'AddedDateTime': '2025-10-03T19:10:17.346Z', 'listingId': 3961, 'PhotoUrl': 'https://images.listings.offcampusliving.cornell.edu/listings/3961/20250812_134737.jpg', 'SortOrder': None}, {'PhotoId': 43382, 'PhotoName': '20250812_134841.jpg', 'IsDefault': False, 'AddedDateTime': '2025-10-03T19:10:18.515Z', 'listingId': 3961, 'PhotoUrl': 'https://images.listings.offcampusliving.cornell.edu/listings/3961/20250812_134841.jpg', 'SortOrder': None}, {'PhotoId': 43383, 'PhotoName': '20250812_134939.jpg', 'IsDefault': False, 'AddedDateTime': '2025-10-03T19:10:19.454Z', 'listingId': 3961, 'PhotoUrl': 'https://images.listings.offcampusliving.cornell.edu/listings/3961/20250812_134939.jpg', 'SortOrder': None}, {'PhotoId': 43384, 'PhotoName': '20250812_135047.jpg', 'IsDefault': False, 'AddedDateTime': '2025-10-03T19:10:20.527Z', 'listingId': 3961, 'PhotoUrl': 'https://images.listings.offcampusliving.cornell.edu/listings/3961/20250812_135047.jpg', 'SortOrder': None}, {'PhotoId': 43385, 'PhotoName': 'edge kitch 8 2023 reduced.jpg', 'IsDefault': False, 'AddedDateTime': '2025-10-03T19:10:20.720Z', 'listingId': 3961, 'PhotoUrl': 'https://images.listings.offcampusliving.cornell.edu/listings/3961/edge kitch 8 2023 reduced.jpg', 'SortOrder': None}, {'PhotoId': 43386, 'PhotoName': '20250812_132758.jpg', 'IsDefault': False, 'AddedDateTime': '2025-10-03T19:10:21.749Z', 'listingId': 3961, 'PhotoUrl': 'https://images.listings.offcampusliving.cornell.edu/listings/3961/20250812_132758.jpg', 'SortOrder': None}, {'PhotoId': 43387, 'PhotoName': '20250812_133205.jpg', 'IsDefault': False, 'AddedDateTime': '2025-10-03T19:10:22.747Z', 'listingId': 3961, 'PhotoUrl': 'https://images.listings.offcampusliving.cornell.edu/listings/3961/20250812_133205.jpg', 'SortOrder': None}, {'PhotoId': 43390, 'PhotoName': '514 1 1.jpg', 'IsDefault': False, 'AddedDateTime': '2025-10-03T19:15:00.605Z', 'listingId': 3961, 'PhotoUrl': 'https://images.listings.offcampusliving.cornell.edu/listings/3961/514 1 1.jpg', 'SortOrder': None}, {'PhotoId': 43392, 'PhotoName': 'IMG_5859.JPG', 'IsDefault': False, 'AddedDateTime': '2025-10-03T19:15:01.540Z', 'listingId': 3961, 'PhotoUrl': 'https://images.listings.offcampusliving.cornell.edu/listings/3961/IMG_5859.JPG', 'SortOrder': None}, {'PhotoId': 43401, 'PhotoName': 'edge kitch 10 2023.jpg', 'IsDefault': False, 'AddedDateTime': '2025-10-03T19:17:02.366Z', 'listingId': 3961, 'PhotoUrl': 'https://images.listings.offcampusliving.cornell.edu/listings/3961/edge kitch 10 2023.jpg', 'SortOrder': None}]","{""BuildingAddress"": ""514 EDGEWOOD PLACE"", ""OverallSafetyRating"": 8, ""CategoryScores"": [{""Fire Protection"": 0}, {""Notification Systems"": 0}, {""Emergency Egress"": 0}, {""Applicable Code"": 0}, {""Fire Extinguishers"": 0}, {""Construction Type"": 0}, {""Valid Certificate of Compliance"": 8}], ""OverallSafetyRatingAsPercentage"": 17, ""CategoryScoresAsPercentage"": [{""Fire Protection"": 0}, {""Notification Systems"": 0}, {""Emergency Egress"": 0}, {""Applicable Code"": 0}, {""Fire Extinguishers"": 0}, {""Construction Type"": 0}, {""Valid Certificate of Compliance"": 100}], ""SprinklerType"": [{""sprinklerType"": ""NFPA 13 Sprinkler System"", ""sprinklerCertificateExpiration"": ""2024-06-01""}], ""FireExtinguisherCertificateExpiration"": null, ""NotificationSystem"": [], ""HasValidCertificateOfOccupancy"": true, ""MeetsMinimumRequirements"": true, ""ExceedsRequirements"": false, ""HasFireResistantConstructionType"": false, ""SatisfiesApplicableCode"": false, ""CertificateExpirationDate"": ""2026-06-12T00:00:00.000Z"", ""DateLastUpdated"": ""2025-10-19T07:01:59.000Z""}"
4148,3463,2026-07-12T00:00:00.000Z,12,116 Delaware Avenue,1,Ithaca,14850,Furnished 1  Bedroom apartment located in a quiet neighborhood close walking distance to campus . A plus for someone looking for a quiet place. Tour or more detailed information is available.,"500 Sq ,1 bedroom  apartment in a charming 3 story  house ,located close distance  to Cornell Campus.The unit has been throughout renovated ,and its assess to all amenities that Ithaca has to offer, is certainly a plus. Bakeries.Coffee houses, Restaurants , grocery store . this 500 Sq foot unit has a large living room, 1 bathroom, 1 bedroom. A fully equipped kitchen ,Washer and dryer on location, internet available.",1550,Price Per Unit,No,"['Air Conditioning', 'Furnished', 'Heat Included', 'Kitchen', 'Laundry Facilities', 'Near Bus Route', 'Off-Street Parking Available', 'Permitted Street Parking Available', 'Water Included', 'Off-Street Parking Included', 'Internet Available', 'Internet Included']",No Preference,1,1,"['Graduate', 'Undergraduate', 'Spring Sublet', 'Staff/Faculty']",Rent,42.43877312044132,-76.48331720818365,"{'lat': 42.43877312044132, 'lng': -76.48331720818365}",True,2025-11-03T00:00:00.000Z,True,Yes,2023-01-31T05:13:09.386Z,2025-09-08T00:06:31.414Z,116 DELAWARE AVENUE,"[{'PhotoId': 42637, 'PhotoName': 'IMG_0225.jpeg', 'IsDefault': True, 'AddedDateTime': '2025-08-10T22:32:51.869Z', 'listingId': 4148, 'PhotoUrl': 'https://images.listings.offcampusliving.cornell.edu/listings/4148/IMG_0225.jpeg', 'SortOrder': 4}, {'PhotoId': 29469, 'PhotoName': '5F34EE82-6ACB-4793-BA38-A1AE01095631.jpeg', 'IsDefault': False, 'AddedDateTime': '2023-01-31T05:38:47.159Z', 'listingId': 4148, 'PhotoUrl': 'https://images.listings.offcampusliving.cornell.edu/listings/4148/5F34EE82-6ACB-4793-BA38-A1AE01095631.jpeg', 'SortOrder': 1}, {'PhotoId': 42639, 'PhotoName': 'IMG_0219.jpeg', 'IsDefault': False, 'AddedDateTime': '2025-08-10T22:32:52.354Z', 'listingId': 4148, 'PhotoUrl': 'https://images.listings.offcampusliving.cornell.edu/listings/4148/IMG_0219.jpeg', 'SortOrder': 2}, {'PhotoId': 42638, 'PhotoName': 'IMG_0223.jpeg', 'IsDefault': False, 'AddedDateTime': '2025-08-10T22:32:52.141Z', 'listingId': 4148, 'PhotoUrl': 'https://images.listings.offcampusliving.cornell.edu/listings/4148/IMG_0223.jpeg', 'SortOrder': 3}, {'PhotoId': 42629, 'PhotoName': 'IMG_0236.jpeg', 'IsDefault': False, 'AddedDateTime': '2025-08-10T22:29:33.578Z', 'listingId': 4148, 'PhotoUrl': 'https://images.listings.offcampusliving.cornell.edu/listings/4148/IMG_0236.jpeg', 'SortOrder': 5}, {'PhotoId': 42630, 'PhotoName': 'IMG_0234.jpeg', 'IsDefault': False, 'AddedDateTime': '2025-08-10T22:29:33.902Z', 'listingId': 4148, 'PhotoUrl': 'https://images.listings.offcampusliving.cornell.edu/listings/4148/IMG_0234.jpeg', 'SortOrder': 6}, {'PhotoId': 42633, 'PhotoName': 'IMG_0231.jpeg', 'IsDefault': False, 'AddedDateTime': '2025-08-10T22:30:47.779Z', 'listingId': 4148, 'PhotoUrl': 'https://images.listings.offcampusliving.cornell.edu/listings/4148/IMG_0231.jpeg', 'SortOrder': 7}, {'PhotoId': 42631, 'PhotoName': 'IMG_0235.jpeg', 'IsDefault': False, 'AddedDateTime': '2025-08-10T22:29:34.178Z', 'listingId': 4148, 'PhotoUrl': 'https://images.listings.offcampusliving.cornell.edu/listings/4148/IMG_0235.jpeg', 'SortOrder': 8}, {'PhotoId': 42632, 'PhotoName': 'IMG_0236.jpeg', 'IsDefault': False, 'AddedDateTime': '2025-08-10T22:30:43.509Z', 'listingId': 4148, 'PhotoUrl': 'https://images.listings.offcampusliving.cornell.edu/listings/4148/IMG_0236.jpeg', 'SortOrder': 9}, {'PhotoId': 42634, 'PhotoName': 'IMG_0230.jpeg', 'IsDefault': False, 'AddedDateTime': '2025-08-10T22:30:50.168Z', 'listingId': 4148, 'PhotoUrl': 'https://images.listings.offcampusliving.cornell.edu/listings/4148/IMG_0230.jpeg', 'SortOrder': 10}, {'PhotoId': 42635, 'PhotoName': 'IMG_0226.jpeg', 'IsDefault': False, 'AddedDateTime': '2025-08-10T22:31:32.593Z', 'listingId': 4148, 'PhotoUrl': 'https://images.listings.offcampusliving.cornell.edu/listings/4148/IMG_0226.jpeg', 'SortOrder': 11}, {'PhotoId': 42636, 'PhotoName': 'IMG_0227.jpeg', 'IsDefault': False, 'AddedDateTime': '2025-08-10T22:31:32.937Z', 'listingId': 4148, 'PhotoUrl': 'https://images.listings.offcampusliving.cornell.edu/listings/4148/IMG_0227.jpeg', 'SortOrder': 12}, {'PhotoId': 42628, 'PhotoName': 'IMG_0215.jpeg', 'IsDefault': False, 'AddedDateTime': '2025-08-10T22:28:26.251Z', 'listingId': 4148, 'PhotoUrl': 'https://images.listings.offcampusliving.cornell.edu/listings/4148/IMG_0215.jpeg', 'SortOrder': 13}, {'PhotoId': 42010, 'PhotoName': 'IMG_8161.jpeg', 'IsDefault': False, 'AddedDateTime': '2025-07-13T09:57:44.971Z', 'listingId': 4148, 'PhotoUrl': 'https://images.listings.offcampusliving.cornell.edu/listings/4148/IMG_8161.jpeg', 'SortOrder': 14}, {'PhotoId': 33559, 'PhotoName': 'IMG_1466.jpeg', 'IsDefault': False, 'AddedDateTime': '2023-11-14T10:27:56.299Z', 'listingId': 4148, 'PhotoUrl': 'https://images.listings.offcampusliving.cornell.edu/listings/4148/IMG_1466.jpeg', 'SortOrder': 15}, {'PhotoId': 42012, 'PhotoName': 'IMG_7183.jpeg', 'IsDefault': False, 'AddedDateTime': '2025-07-13T10:02:30.582Z', 'listingId': 4148, 'PhotoUrl': 'https://images.listings.offcampusliving.cornell.edu/listings/4148/IMG_7183.jpeg', 'SortOrder': 16}, {'PhotoId': 29470, 'PhotoName': 'D8A88FF1-F32C-4C2F-8F0B-EC82AEF642BC.jpeg', 'IsDefault': False, 'AddedDateTime': '2023-01-31T05:41:00.386Z', 'listingId': 4148, 'PhotoUrl': 'https://images.listings.offcampusliving.cornell.edu/listings/4148/D8A88FF1-F32C-4C2F-8F0B-EC82AEF642BC.jpeg', 'SortOrder': 17}]","{""BuildingAddress"": ""116 DELAWARE AVENUE"", ""OverallSafetyRating"": 8, ""CategoryScores"": [{""Fire Protection"": 0}, {""Notification Systems"": 0}, {""Emergency Egress"": 0}, {""Applicable Code"": 0}, {""Fire Extinguishers"": 0}, {""Construction Type"": 0}, {""Valid Certificate of Compliance"": 8}], ""OverallSafetyRatingAsPercentage"": 17, ""CategoryScoresAsPercentage"": [{""Fire Protection"": 0}, {""Notification Systems"": 0}, {""Emergency Egress"": 0}, {""Applicable Code"": 0}, {""Fire Extinguishers"": 0}, {""Construction Type"": 0}, {""Valid Certificate of Compliance"": 100}], ""SprinklerType"": [], ""FireExtinguisherCertificateExpiration"": ""2025-03-06T00:00:00.000Z"", ""NotificationSystem"": [{""subCategory"": ""Single Station Smoke Alarm"", ""notificationType"": ""Single Station Smoke Alarm"", ""notificationSystemCertificateExpiration"": ""2025-03-26""}], ""HasValidCertificateOfOccupancy"": true, ""MeetsMinimumRequirements"": false, ""ExceedsRequirements"": false, ""HasFireResistantConstructionType"": false, ""SatisfiesApplicableCode"": false, ""CertificateExpirationDate"": ""2027-05-06T00:00:00.000Z"", ""DateLastUpdated"": ""2025-10-19T07:01:34.000Z""}"
4429,3503,2026-08-01T00:00:00.000Z,12,419 Wyckoff Avenue,1,Ithaca,14850,"Great price home or apartments North Campus, Near several sororities and fraternities. group size flexible. Huge porch, yard and parking / laundry all included. 7 min walk to North Campus bridge.","Exceptional Home with options for large group or smaller apartments.  If you are a 3 person? 6 person? 2 person? 8 person? group, please look.  This is a mansion with beautiful hardwood floors, large to very large bedroom, completely updates kitchens and baths, huge windows, fully furnished, great wrap around porch, large yard, free parking, laundry
This is a Strawberry Property house.  It is well maintained in a lovely, quiet neighborhood.  7 min walk to North Campus. www.strawberryproperty.com",895,Price Per Person,No,"['Air Conditioning', 'Electronic Payments Accepted', 'Furnished', 'Internet Available', 'Kitchen', 'Laundry Facilities', 'Near Bus Route', 'Off-Street Parking Included', 'Off-Street Parking Available']",No Preference,6,3,"['Undergraduate', 'Graduate']",Rent,42.45588621495364,-76.48381275200639,"{'lat': 42.45588621495364, 'lng': -76.48381275200639}",True,2025-12-03T00:00:00.000Z,True,Yes,2023-08-26T15:06:04.794Z,2025-10-03T19:37:13.497Z,419 WYCKOFF AVENUE,"[{'PhotoId': 32156, 'PhotoName': '41911.jpg', 'IsDefault': True, 'AddedDateTime': '2023-08-26T15:12:57.270Z', 'listingId': 4429, 'PhotoUrl': 'https://images.listings.offcampusliving.cornell.edu/listings/4429/41911.jpg', 'SortOrder': 1}, {'PhotoId': 43402, 'PhotoName': '4194.jpg', 'IsDefault': False, 'AddedDateTime': '2025-10-03T19:39:44.568Z', 'listingId': 4429, 'PhotoUrl': 'https://images.listings.offcampusliving.cornell.edu/listings/4429/4194.jpg', 'SortOrder': None}, {'PhotoId': 43404, 'PhotoName': '419 bed22.JPG', 'IsDefault': False, 'AddedDateTime': '2025-10-03T19:39:45.297Z', 'listingId': 4429, 'PhotoUrl': 'https://images.listings.offcampusliving.cornell.edu/listings/4429/419 bed22.JPG', 'SortOrder': None}, {'PhotoId': 43405, 'PhotoName': '4197.jpg', 'IsDefault': False, 'AddedDateTime': '2025-10-03T19:39:45.559Z', 'listingId': 4429, 'PhotoUrl': 'https://images.listings.offcampusliving.cornell.edu/listings/4429/4197.jpg', 'SortOrder': None}, {'PhotoId': 43406, 'PhotoName': '41920.jpg', 'IsDefault': False, 'AddedDateTime': '2025-10-03T19:39:45.718Z', 'listingId': 4429, 'PhotoUrl': 'https://images.listings.offcampusliving.cornell.edu/listings/4429/41920.jpg', 'SortOrder': None}, {'PhotoId': 43407, 'PhotoName': '419 lg bed.jpg', 'IsDefault': False, 'AddedDateTime': '2025-10-03T19:39:45.949Z', 'listingId': 4429, 'PhotoUrl': 'https://images.listings.offcampusliving.cornell.edu/listings/4429/419 lg bed.jpg', 'SortOrder': None}, {'PhotoId': 43408, 'PhotoName': '41924.jpg', 'IsDefault': False, 'AddedDateTime': '2025-10-03T19:39:46.102Z', 'listingId': 4429, 'PhotoUrl': 'https://images.listings.offcampusliving.cornell.edu/listings/4429/41924.jpg', 'SortOrder': None}, {'PhotoId': 43409, 'PhotoName': '419 bed1.jpg', 'IsDefault': False, 'AddedDateTime': '2025-10-03T19:39:46.449Z', 'listingId': 4429, 'PhotoUrl': 'https://images.listings.offcampusliving.cornell.edu/listings/4429/419 bed1.jpg', 'SortOrder': None}, {'PhotoId': 43410, 'PhotoName': '419 DR2.jpg', 'IsDefault': False, 'AddedDateTime': '2025-10-03T19:39:46.766Z', 'listingId': 4429, 'PhotoUrl': 'https://images.listings.offcampusliving.cornell.edu/listings/4429/419 DR2.jpg', 'SortOrder': None}, {'PhotoId': 43411, 'PhotoName': 'for two.jpg', 'IsDefault': False, 'AddedDateTime': '2025-10-03T19:39:46.995Z', 'listingId': 4429, 'PhotoUrl': 'https://images.listings.offcampusliving.cornell.edu/listings/4429/for two.jpg', 'SortOrder': None}, {'PhotoId': 43412, 'PhotoName': '41925.jpg', 'IsDefault': False, 'AddedDateTime': '2025-10-03T19:39:47.149Z', 'listingId': 4429, 'PhotoUrl': 'https://images.listings.offcampusliving.cornell.edu/listings/4429/41925.jpg', 'SortOrder': None}, {'PhotoId': 43413, 'PhotoName': '4199.jpg', 'IsDefault': False, 'AddedDateTime': '2025-10-03T19:42:52.497Z', 'listingId': 4429, 'PhotoUrl': 'https://images.listings.offcampusliving.cornell.edu/listings/4429/4199.jpg', 'SortOrder': None}, {'PhotoId': 43414, 'PhotoName': '41923.jpg', 'IsDefault': False, 'AddedDateTime': '2025-10-03T19:42:52.677Z', 'listingId': 4429, 'PhotoUrl': 'https://images.listings.offcampusliving.cornell.edu/listings/4429/41923.jpg', 'SortOrder': None}, {'PhotoId': 43415, 'PhotoName': 'IMG_3301.JPG', 'IsDefault': False, 'AddedDateTime': '2025-10-03T19:42:54.383Z', 'listingId': 4429, 'PhotoUrl': 'https://images.listings.offcampusliving.cornell.edu/listings/4429/IMG_3301.JPG', 'SortOrder': None}, {'PhotoId': 43416, 'PhotoName': 'IMG_3317.JPG', 'IsDefault': False, 'AddedDateTime': '2025-10-03T19:42:55.953Z', 'listingId': 4429, 'PhotoUrl': 'https://images.listings.offcampusliving.cornell.edu/listings/4429/IMG_3317.JPG', 'SortOrder': None}, {'PhotoId': 43417, 'PhotoName': 'IMG_3323.JPG', 'IsDefault': False, 'AddedDateTime': '2025-10-03T19:42:57.552Z', 'listingId': 4429, 'PhotoUrl': 'https://images.listings.offcampusliving.cornell.edu/listings/4429/IMG_3323.JPG', 'SortOrder': None}, {'PhotoId': 37305, 'PhotoName': '419 porch1.jpg', 'IsDefault': False, 'AddedDateTime': '2024-08-28T17:43:59.112Z', 'listingId': 4429, 'PhotoUrl': 'https://images.listings.offcampusliving.cornell.edu/listings/4429/419 porch1.jpg', 'SortOrder': 3}, {'PhotoId': 32146, 'PhotoName': '4191.jpg', 'IsDefault': False, 'AddedDateTime': '2023-08-26T15:08:07.461Z', 'listingId': 4429, 'PhotoUrl': 'https://images.listings.offcampusliving.cornell.edu/listings/4429/4191.jpg', 'SortOrder': 4}, {'PhotoId': 32147, 'PhotoName': '4192.jpg', 'IsDefault': False, 'AddedDateTime': '2023-08-26T15:08:45.640Z', 'listingId': 4429, 'PhotoUrl': 'https://images.listings.offcampusliving.cornell.edu/listings/4429/4192.jpg', 'SortOrder': 5}, {'PhotoId': 32163, 'PhotoName': '41917.jpg', 'IsDefault': False, 'AddedDateTime': '2023-08-26T15:16:29.770Z', 'listingId': 4429, 'PhotoUrl': 'https://images.listings.offcampusliving.cornell.edu/listings/4429/41917.jpg', 'SortOrder': 6}, {'PhotoId': 32162, 'PhotoName': '41916.jpg', 'IsDefault': False, 'AddedDateTime': '2023-08-26T15:16:29.496Z', 'listingId': 4429, 'PhotoUrl': 'https://images.listings.offcampusliving.cornell.edu/listings/4429/41916.jpg', 'SortOrder': 7}, {'PhotoId': 32165, 'PhotoName': '41920.jpg', 'IsDefault': False, 'AddedDateTime': '2023-08-26T15:16:30.347Z', 'listingId': 4429, 'PhotoUrl': 'https://images.listings.offcampusliving.cornell.edu/listings/4429/41920.jpg', 'SortOrder': 8}, {'PhotoId': 32157, 'PhotoName': '41912.jpg', 'IsDefault': False, 'AddedDateTime': '2023-08-26T15:12:57.526Z', 'listingId': 4429, 'PhotoUrl': 'https://images.listings.offcampusliving.cornell.edu/listings/4429/41912.jpg', 'SortOrder': 9}, {'PhotoId': 32166, 'PhotoName': '41921.jpg', 'IsDefault': False, 'AddedDateTime': '2023-08-26T15:16:30.628Z', 'listingId': 4429, 'PhotoUrl': 'https://images.listings.offcampusliving.cornell.edu/listings/4429/41921.jpg', 'SortOrder': 10}, {'PhotoId': 32170, 'PhotoName': '419 bed22.JPG', 'IsDefault': False, 'AddedDateTime': '2023-08-26T15:24:32.114Z', 'listingId': 4429, 'PhotoUrl': 'https://images.listings.offcampusliving.cornell.edu/listings/4429/419 bed22.JPG', 'SortOrder': 11}, {'PhotoId': 32164, 'PhotoName': '41918.jpg', 'IsDefault': False, 'AddedDateTime': '2023-08-26T15:16:30.008Z', 'listingId': 4429, 'PhotoUrl': 'https://images.listings.offcampusliving.cornell.edu/listings/4429/41918.jpg', 'SortOrder': 12}, {'PhotoId': 32160, 'PhotoName': '41914.jpg', 'IsDefault': False, 'AddedDateTime': '2023-08-26T15:12:58.302Z', 'listingId': 4429, 'PhotoUrl': 'https://images.listings.offcampusliving.cornell.edu/listings/4429/41914.jpg', 'SortOrder': 13}, {'PhotoId': 32159, 'PhotoName': '41915.jpg', 'IsDefault': False, 'AddedDateTime': '2023-08-26T15:12:58.042Z', 'listingId': 4429, 'PhotoUrl': 'https://images.listings.offcampusliving.cornell.edu/listings/4429/41915.jpg', 'SortOrder': 14}, {'PhotoId': 32158, 'PhotoName': '41913.jpg', 'IsDefault': False, 'AddedDateTime': '2023-08-26T15:12:57.814Z', 'listingId': 4429, 'PhotoUrl': 'https://images.listings.offcampusliving.cornell.edu/listings/4429/41913.jpg', 'SortOrder': 15}, {'PhotoId': 32155, 'PhotoName': '41910.jpg', 'IsDefault': False, 'AddedDateTime': '2023-08-26T15:12:56.785Z', 'listingId': 4429, 'PhotoUrl': 'https://images.listings.offcampusliving.cornell.edu/listings/4429/41910.jpg', 'SortOrder': 16}, {'PhotoId': 32154, 'PhotoName': '4199.jpg', 'IsDefault': False, 'AddedDateTime': '2023-08-26T15:12:56.516Z', 'listingId': 4429, 'PhotoUrl': 'https://images.listings.offcampusliving.cornell.edu/listings/4429/4199.jpg', 'SortOrder': 17}, {'PhotoId': 32153, 'PhotoName': '4198.jpg', 'IsDefault': False, 'AddedDateTime': '2023-08-26T15:11:07.482Z', 'listingId': 4429, 'PhotoUrl': 'https://images.listings.offcampusliving.cornell.edu/listings/4429/4198.jpg', 'SortOrder': 18}, {'PhotoId': 32151, 'PhotoName': '41916.jpg', 'IsDefault': False, 'AddedDateTime': '2023-08-26T15:11:06.874Z', 'listingId': 4429, 'PhotoUrl': 'https://images.listings.offcampusliving.cornell.edu/listings/4429/41916.jpg', 'SortOrder': 19}, {'PhotoId': 32148, 'PhotoName': '4193.jpg', 'IsDefault': False, 'AddedDateTime': '2023-08-26T15:09:12.012Z', 'listingId': 4429, 'PhotoUrl': 'https://images.listings.offcampusliving.cornell.edu/listings/4429/4193.jpg', 'SortOrder': 21}]","{""BuildingAddress"": ""419 WYCKOFF AVENUE"", ""OverallSafetyRating"": 8, ""CategoryScores"": [{""Fire Protection"": 0}, {""Notification Systems"": 0}, {""Emergency Egress"": 0}, {""Applicable Code"": 0}, {""Fire Extinguishers"": 0}, {""Construction Type"": 0}, {""Valid Certificate of Compliance"": 8}], ""OverallSafetyRatingAsPercentage"": 17, ""CategoryScoresAsPercentage"": [{""Fire Protection"": 0}, {""Notification Systems"": 0}, {""Emergency Egress"": 0}, {""Applicable Code"": 0}, {""Fire Extinguishers"": 0}, {""Construction Type"": 0}, {""Valid Certificate of Compliance"": 100}], ""SprinklerType"": [], ""FireExtinguisherCertificateExpiration"": null, ""NotificationSystem"": [{""subCategory"": ""Single Station Smoke Alarm"", ""notificationType"": ""Single Station Smoke Alarm"", ""notificationSystemCertificateExpiration"": ""2024-04-05""}, {""subCategory"": ""Fire Alarm System"", ""notificationType"": ""Fire Alarm System"", ""notificationSystemCertificateExpiration"": ""2023-08-02""}], ""HasValidCertificateOfOccupancy"": true, ""MeetsMinimumRequirements"": false, ""ExceedsRequirements"": false, ""HasFireResistantConstructionType"": false, ""SatisfiesApplicableCode"": false, ""CertificateExpirationDate"": ""2026-03-12T00:00:00.000Z"", ""DateLastUpdated"": ""2025-10-19T07:01:56.000Z""}"
4434,415,2026-06-05T00:00:00.000Z,12,505 Dryden Road,2,Ithaca,14850,11-Bedroom House 2026-2027 School Year,"Furnished 11-bedroom house for lease for the 2026-2027 school year. Rent is $875 - $975 per room. Short walk to Cornell campus. Laundry on premise, bus stop right across the street. All utilities are included.",875,Price Per Person,No,"['Furnished', 'Electronic Payments Accepted', 'Heat Included', 'Internet Available', 'Kitchen', 'Laundry Facilities', 'Near Bus Route', 'Off-Street Parking Available', 'Permitted Street Parking Available', 'Water Included']",No Preference,10,3,"['Graduate', 'Undergraduate']",Rent,42.44106065354912,-76.47979591782186,"{'lat': 42.44106065354912, 'lng': -76.47979591782186}",True,2025-10-31T00:00:00.000Z,True,Yes,2023-08-29T03:14:18.951Z,2025-08-31T19:18:21.889Z,505 DRYDEN ROAD,"[{'PhotoId': 32223, 'PhotoName': '1536634367-11035.jpg', 'IsDefault': True, 'AddedDateTime': '2023-08-29T03:16:29.418Z', 'listingId': 4434, 'PhotoUrl': 'https://images.listings.offcampusliving.cornell.edu/listings/4434/1536634367-11035.jpg', 'SortOrder': None}]","{""BuildingAddress"": ""505 DRYDEN ROAD"", ""OverallSafetyRating"": 0, ""CategoryScores"": [{""Fire Protection"": 0}, {""Notification Systems"": 0}, {""Emergency Egress"": 0}, {""Applicable Code"": 0}, {""Fire Extinguishers"": 0}, {""Construction Type"": 0}, {""Valid Certificate of Compliance"": 0}], ""OverallSafetyRatingAsPercentage"": 0, ""CategoryScoresAsPercentage"": [{""Fire Protection"": 0}, {""Notification Systems"": 0}, {""Emergency Egress"": 0}, {""Applicable Code"": 0}, {""Fire Extinguishers"": 0}, {""Construction Type"": 0}, {""Valid Certificate of Compliance"": 0}], ""SprinklerType"": [], ""FireExtinguisherCertificateExpiration"": ""2023-05-31T00:00:00.000Z"", ""NotificationSystem"": [{""subCategory"": ""Single Station Smoke Alarm"", ""notificationType"": ""Single Station Smoke Alarm"", ""notificationSystemCertificateExpiration"": ""2023-08-29""}], ""HasValidCertificateOfOccupancy"": false, ""MeetsMinimumRequirements"": false, ""ExceedsRequirements"": false, ""HasFireResistantConstructionType"": false, ""SatisfiesApplicableCode"": false, ""CertificateExpirationDate"": ""2025-10-16T00:00:00.000Z"", ""DateLastUpdated"": ""2025-10-19T07:01:58.000Z""}"
4470,3463,2026-07-01T00:00:00.000Z,12,116 Delaware Avenue,#3,Ithaca,14850,5 bedrooms house near Campus,Located in a quaint area off Collegetown .5 bedrooms residence . laundry on location.free parking off street. Short walk to Campus.Grocery store.coffee house.and other amenities.,855,Price Per Person,No,"['Air Conditioning', 'Laundry Facilities', 'Near Bus Route', 'Off-Street Parking Available', 'Off-Street Parking Included', 'Permitted Street Parking Available', 'Furnished', 'Heat Included', 'Internet Available', 'Kitchen', 'Internet Included']",No Preference,5,2,"['Undergraduate', 'Graduate']",Room to Rent,42.45312020695236,-76.48444451515749,"{'lat': 42.45312020695236, 'lng': -76.48444451515749}",True,2025-11-24T00:00:00.000Z,True,Yes,2023-09-18T04:51:56.209Z,2025-10-13T09:21:39.486Z,116 DELAWARE AVENUE,"[{'PhotoId': 33557, 'PhotoName': 'IMG_8440.jpeg', 'IsDefault': True, 'AddedDateTime': '2023-11-14T09:56:30.838Z', 'listingId': 4470, 'PhotoUrl': 'https://images.listings.offcampusliving.cornell.edu/listings/4470/IMG_8440.jpeg', 'SortOrder': 1}, {'PhotoId': 43551, 'PhotoName': 'IMG_7729.jpeg', 'IsDefault': False, 'AddedDateTime': '2025-10-13T09:19:50.569Z', 'listingId': 4470, 'PhotoUrl': 'https://images.listings.offcampusliving.cornell.edu/listings/4470/IMG_7729.jpeg', 'SortOrder': None}, {'PhotoId': 43552, 'PhotoName': 'IMG_7727.jpeg', 'IsDefault': False, 'AddedDateTime': '2025-10-13T09:19:50.802Z', 'listingId': 4470, 'PhotoUrl': 'https://images.listings.offcampusliving.cornell.edu/listings/4470/IMG_7727.jpeg', 'SortOrder': None}, {'PhotoId': 42640, 'PhotoName': 'IMG_0238.jpeg', 'IsDefault': False, 'AddedDateTime': '2025-08-10T22:38:53.610Z', 'listingId': 4470, 'PhotoUrl': 'https://images.listings.offcampusliving.cornell.edu/listings/4470/IMG_0238.jpeg', 'SortOrder': 2}, {'PhotoId': 43306, 'PhotoName': 'IMG_7720.jpeg', 'IsDefault': False, 'AddedDateTime': '2025-09-28T17:22:39.355Z', 'listingId': 4470, 'PhotoUrl': 'https://images.listings.offcampusliving.cornell.edu/listings/4470/IMG_7720.jpeg', 'SortOrder': 3}, {'PhotoId': 42641, 'PhotoName': 'IMG_0712.jpeg', 'IsDefault': False, 'AddedDateTime': '2025-08-10T22:42:46.712Z', 'listingId': 4470, 'PhotoUrl': 'https://images.listings.offcampusliving.cornell.edu/listings/4470/IMG_0712.jpeg', 'SortOrder': 4}, {'PhotoId': 42582, 'PhotoName': 'IMG_0723.jpeg', 'IsDefault': False, 'AddedDateTime': '2025-08-07T09:36:42.958Z', 'listingId': 4470, 'PhotoUrl': 'https://images.listings.offcampusliving.cornell.edu/listings/4470/IMG_0723.jpeg', 'SortOrder': 5}, {'PhotoId': 42584, 'PhotoName': 'IMG_7720.jpeg', 'IsDefault': False, 'AddedDateTime': '2025-08-07T09:39:03.840Z', 'listingId': 4470, 'PhotoUrl': 'https://images.listings.offcampusliving.cornell.edu/listings/4470/IMG_7720.jpeg', 'SortOrder': 6}, {'PhotoId': 42583, 'PhotoName': 'IMG_0722.jpeg', 'IsDefault': False, 'AddedDateTime': '2025-08-07T09:36:45.208Z', 'listingId': 4470, 'PhotoUrl': 'https://images.listings.offcampusliving.cornell.edu/listings/4470/IMG_0722.jpeg', 'SortOrder': 7}, {'PhotoId': 34142, 'PhotoName': 'IMG_7729.jpeg', 'IsDefault': False, 'AddedDateTime': '2023-12-22T12:20:53.064Z', 'listingId': 4470, 'PhotoUrl': 'https://images.listings.offcampusliving.cornell.edu/listings/4470/IMG_7729.jpeg', 'SortOrder': 8}, {'PhotoId': 34143, 'PhotoName': 'IMG_5752.jpeg', 'IsDefault': False, 'AddedDateTime': '2023-12-22T12:20:53.383Z', 'listingId': 4470, 'PhotoUrl': 'https://images.listings.offcampusliving.cornell.edu/listings/4470/IMG_5752.jpeg', 'SortOrder': 9}, {'PhotoId': 32584, 'PhotoName': 'IMG_7705.jpeg', 'IsDefault': False, 'AddedDateTime': '2023-09-18T05:12:46.357Z', 'listingId': 4470, 'PhotoUrl': 'https://images.listings.offcampusliving.cornell.edu/listings/4470/IMG_7705.jpeg', 'SortOrder': 10}, {'PhotoId': 34145, 'PhotoName': 'IMG_7720.jpeg', 'IsDefault': False, 'AddedDateTime': '2023-12-22T12:21:00.395Z', 'listingId': 4470, 'PhotoUrl': 'https://images.listings.offcampusliving.cornell.edu/listings/4470/IMG_7720.jpeg', 'SortOrder': 11}, {'PhotoId': 34138, 'PhotoName': 'IMG_7740.jpeg', 'IsDefault': False, 'AddedDateTime': '2023-12-22T12:14:51.095Z', 'listingId': 4470, 'PhotoUrl': 'https://images.listings.offcampusliving.cornell.edu/listings/4470/IMG_7740.jpeg', 'SortOrder': 12}, {'PhotoId': 32830, 'PhotoName': 'IMG_1736.jpeg', 'IsDefault': False, 'AddedDateTime': '2023-10-02T10:58:38.887Z', 'listingId': 4470, 'PhotoUrl': 'https://images.listings.offcampusliving.cornell.edu/listings/4470/IMG_1736.jpeg', 'SortOrder': 13}, {'PhotoId': 34137, 'PhotoName': 'IMG_1727.jpeg', 'IsDefault': False, 'AddedDateTime': '2023-12-22T12:14:47.356Z', 'listingId': 4470, 'PhotoUrl': 'https://images.listings.offcampusliving.cornell.edu/listings/4470/IMG_1727.jpeg', 'SortOrder': 14}, {'PhotoId': 32834, 'PhotoName': 'IMG_5710.jpeg', 'IsDefault': False, 'AddedDateTime': '2023-10-02T11:06:46.164Z', 'listingId': 4470, 'PhotoUrl': 'https://images.listings.offcampusliving.cornell.edu/listings/4470/IMG_5710.jpeg', 'SortOrder': 15}, {'PhotoId': 32835, 'PhotoName': 'IMG_1721.jpeg', 'IsDefault': False, 'AddedDateTime': '2023-10-02T11:09:08.621Z', 'listingId': 4470, 'PhotoUrl': 'https://images.listings.offcampusliving.cornell.edu/listings/4470/IMG_1721.jpeg', 'SortOrder': 16}]","{""BuildingAddress"": ""116 DELAWARE AVENUE"", ""OverallSafetyRating"": 8, ""CategoryScores"": [{""Fire Protection"": 0}, {""Notification Systems"": 0}, {""Emergency Egress"": 0}, {""Applicable Code"": 0}, {""Fire Extinguishers"": 0}, {""Construction Type"": 0}, {""Valid Certificate of Compliance"": 8}], ""OverallSafetyRatingAsPercentage"": 17, ""CategoryScoresAsPercentage"": [{""Fire Protection"": 0}, {""Notification Systems"": 0}, {""Emergency Egress"": 0}, {""Applicable Code"": 0}, {""Fire Extinguishers"": 0}, {""Construction Type"": 0}, {""Valid Certificate of Compliance"": 100}], ""SprinklerType"": [], ""FireExtinguisherCertificateExpiration"": ""2025-03-06T00:00:00.000Z"", ""NotificationSystem"": [{""subCategory"": ""Single Station Smoke Alarm"", ""notificationType"": ""Single Station Smoke Alarm"", ""notificationSystemCertificateExpiration"": ""2025-03-26""}], ""HasValidCertificateOfOccupancy"": true, ""MeetsMinimumRequirements"": false, ""ExceedsRequirements"": false, ""HasFireResistantConstructionType"": false, ""SatisfiesApplicableCode"": false, ""CertificateExpirationDate"": ""2027-05-06T00:00:00.000Z"", ""DateLastUpdated"": ""2025-10-19T07:01:34.000Z""}"
4711,3966,2025-08-25T00:00:00.000Z,10,111 The Knoll,,Ithaca,14850,Intentional Christian Community: Chesterton House offers a unique living experience for residents: Single or Double for rent near campus for a Christian college experience at Cornell,"*10 month leases* (aligning with the academic calendar)

Pricing is as follows: 
Addition Single :$1,500/for 10m.
Addition Double:$1,100 for 10m.
Double: $850/for 10m.

An intensive residential college experience for Cornell students with vibrant community life.

Creating spaces where students can grow in their path to Christ through embodied practices while living in community.

Apply today! Email residential@chestertonhouse.org for application or more info.
www.chestertonhouse.org/residences",850,Price Per Person,No,"['Kitchen', 'Internet Included', 'Electricity Included', 'Electronic Payments Accepted', 'Furnished', 'Near Bus Route', 'Laundry Facilities', 'Off-Street Parking Available', 'Water Included', 'Heat Included']",Female,10,4,"['Graduate', 'Undergraduate']",Rent,42.45400755344843,-76.4902951981813,"{'lat': 42.45400755344843, 'lng': -76.4902951981813}",True,2025-11-29T00:00:00.000Z,True,Yes,2024-03-12T00:46:20.111Z,2024-11-05T20:38:10.958Z,111 THE KNOLL,"[{'PhotoId': 35150, 'PhotoName': 'Copy of _MG_9214.jpeg', 'IsDefault': True, 'AddedDateTime': '2024-03-12T00:54:06.687Z', 'listingId': 4711, 'PhotoUrl': 'https://images.listings.offcampusliving.cornell.edu/listings/4711/Copy of _MG_9214.jpeg', 'SortOrder': None}, {'PhotoId': 35146, 'PhotoName': 'IMG_2134.JPG', 'IsDefault': False, 'AddedDateTime': '2024-03-12T00:52:05.655Z', 'listingId': 4711, 'PhotoUrl': 'https://images.listings.offcampusliving.cornell.edu/listings/4711/IMG_2134.JPG', 'SortOrder': None}, {'PhotoId': 35147, 'PhotoName': 'IMG_2149.jpg', 'IsDefault': False, 'AddedDateTime': '2024-03-12T00:52:18.031Z', 'listingId': 4711, 'PhotoUrl': 'https://images.listings.offcampusliving.cornell.edu/listings/4711/IMG_2149.jpg', 'SortOrder': None}, {'PhotoId': 35148, 'PhotoName': 'IMG_2151.jpg', 'IsDefault': False, 'AddedDateTime': '2024-03-12T00:52:33.188Z', 'listingId': 4711, 'PhotoUrl': 'https://images.listings.offcampusliving.cornell.edu/listings/4711/IMG_2151.jpg', 'SortOrder': None}, {'PhotoId': 35149, 'PhotoName': 'IMG_2152.JPG', 'IsDefault': False, 'AddedDateTime': '2024-03-12T00:52:43.581Z', 'listingId': 4711, 'PhotoUrl': 'https://images.listings.offcampusliving.cornell.edu/listings/4711/IMG_2152.JPG', 'SortOrder': None}, {'PhotoId': 35151, 'PhotoName': 'IMG_2143.jpg', 'IsDefault': False, 'AddedDateTime': '2024-03-12T00:54:21.254Z', 'listingId': 4711, 'PhotoUrl': 'https://images.listings.offcampusliving.cornell.edu/listings/4711/IMG_2143.jpg', 'SortOrder': None}]","{""BuildingAddress"": ""111 THE KNOLL"", ""OverallSafetyRating"": 8, ""CategoryScores"": [{""Fire Protection"": 0}, {""Notification Systems"": 0}, {""Emergency Egress"": 0}, {""Applicable Code"": 0}, {""Fire Extinguishers"": 0}, {""Construction Type"": 0}, {""Valid Certificate of Compliance"": 8}], ""OverallSafetyRatingAsPercentage"": 17, ""CategoryScoresAsPercentage"": [{""Fire Protection"": 0}, {""Notification Systems"": 0}, {""Emergency Egress"": 0}, {""Applicable Code"": 0}, {""Fire Extinguishers"": 0}, {""Construction Type"": 0}, {""Valid Certificate of Compliance"": 100}], ""SprinklerType"": [{""sprinklerType"": ""NFPA 13D Sprinkler System"", ""sprinklerCertificateExpiration"": ""2024-11-19""}], ""FireExtinguisherCertificateExpiration"": null, ""NotificationSystem"": [{""subCategory"": ""Single Station Smoke Alarm"", ""notificationType"": ""Single Station Smoke Alarm"", ""notificationSystemCertificateExpiration"": ""2025-08-13""}, {""subCategory"": ""Fire Alarm System"", ""notificationType"": ""Fire Alarm System"", ""notificationSystemCertificateExpiration"": ""2025-07-31""}], ""HasValidCertificateOfOccupancy"": true, ""MeetsMinimumRequirements"": true, ""ExceedsRequirements"": false, ""HasFireResistantConstructionType"": false, ""SatisfiesApplicableCode"": false, ""CertificateExpirationDate"": ""2027-09-15T00:00:00.000Z"", ""DateLastUpdated"": ""2025-10-19T07:01:32.000Z""}"
4821,3220,2025-12-01T00:00:00.000Z,6,"212 Fair Street Ithaca, NY 14850",,Ithaca,14850,Rent Room in Townhouse (Lease Length Flexible),"If you are a woman grad student or postdoc looking for housing for Spring 2026 (negotiable), look no further! I've lived at Parkside Vista (https://www.liveparksidevista.com/) for 2 years and am renting out my second bedroom. It costs $900 per month (including utilities). In addition to a spacious furnished room in a 2 bedroom 1 bathroom townhouse, you’ll get: an organized housemate (me) with a cute emotional support dog, proximity to Wegmans and many buses, and a spacious furnished bedroom.",900,Price Per Person,No,"['Internet Included', 'Kitchen', 'Electronic Payments Accepted', 'Electricity Included', 'Near Bus Route', 'Off-Street Parking Available', 'Water Included', 'Air Conditioning', 'Laundry Facilities', 'Furnished', 'Internet Available', 'Permitted Street Parking Available']",Female,2,1,"['Graduate', 'Staff/Faculty', 'Short-Term Housing', 'Spring Sublet']",Room to Rent,42.44920821301509,-76.48480317960616,"{'lat': 42.44920821301509, 'lng': -76.48480317960616}",True,2025-11-03T00:00:00.000Z,True,Yes,2024-06-06T22:16:51.861Z,2025-09-03T21:13:05.633Z,,"[{'PhotoId': 36232, 'PhotoName': 'image_50398721.JPG', 'IsDefault': True, 'AddedDateTime': '2024-06-06T22:30:23.173Z', 'listingId': 4821, 'PhotoUrl': 'https://images.listings.offcampusliving.cornell.edu/listings/4821/image_50398721.JPG', 'SortOrder': None}, {'PhotoId': 36233, 'PhotoName': 'image_50369281.JPG', 'IsDefault': False, 'AddedDateTime': '2024-06-06T22:30:25.699Z', 'listingId': 4821, 'PhotoUrl': 'https://images.listings.offcampusliving.cornell.edu/listings/4821/image_50369281.JPG', 'SortOrder': None}, {'PhotoId': 36234, 'PhotoName': 'image_50379777.JPG', 'IsDefault': False, 'AddedDateTime': '2024-06-06T22:30:27.166Z', 'listingId': 4821, 'PhotoUrl': 'https://images.listings.offcampusliving.cornell.edu/listings/4821/image_50379777.JPG', 'SortOrder': None}, {'PhotoId': 36235, 'PhotoName': 'image_123650291 (3).JPG', 'IsDefault': False, 'AddedDateTime': '2024-06-06T22:30:27.994Z', 'listingId': 4821, 'PhotoUrl': 'https://images.listings.offcampusliving.cornell.edu/listings/4821/image_123650291 (3).JPG', 'SortOrder': None}, {'PhotoId': 36236, 'PhotoName': 'image_67217921.JPG', 'IsDefault': False, 'AddedDateTime': '2024-06-06T22:30:30.033Z', 'listingId': 4821, 'PhotoUrl': 'https://images.listings.offcampusliving.cornell.edu/listings/4821/image_67217921.JPG', 'SortOrder': None}]",
4840,3463,2026-04-01T00:00:00.000Z,12,406 Green Street W,1,Ithaca,14850,"Historical brick townhouse , unit #2. located a few blocks to Ithaca commons .Nearby transportation to Campus .","2 bedrooms apartment located in a brick Townhouse located near the Commons and the downtown Ithaca district . 15 minutes walk to Campus . kitchen , living dinning room, small porch , large backyard ,1 Bathroom. off street  parking.laundry room in the premises. large backyard.fenced parking lot.smart lock .set back from the street.furnished. bedding provided because it was priorly used as an AirBnB. work/study area off the living room and bedroom.",1205,Price Per Person,No,"['Air Conditioning', 'Furnished', 'Kitchen', 'Laundry Facilities', 'Near Bus Route', 'Off-Street Parking Available', 'Off-Street Parking Included', 'Internet Available', 'Electronic Payments Accepted', 'Internet Included', 'Heat Included', 'Permitted Street Parking Available']",No Preference,2,1,"['Sabbatic Housing', 'Staff/Faculty', 'Spring Sublet', 'Summer Sublet', 'Fall Sublet', 'Short-Term Housing', 'Graduate']",Rent,42.44054412654501,-76.48806425462938,"{'lat': 42.44054412654501, 'lng': -76.48806425462938}",True,2025-12-13T00:00:00.000Z,True,Yes,2024-06-25T14:12:16.995Z,2025-10-13T09:49:42.355Z,406 GREEN STREET W,"[{'PhotoId': 37665, 'PhotoName': 'IMG_5294.jpeg', 'IsDefault': True, 'AddedDateTime': '2024-09-26T12:39:45.915Z', 'listingId': 4840, 'PhotoUrl': 'https://images.listings.offcampusliving.cornell.edu/listings/4840/IMG_5294.jpeg', 'SortOrder': 1}, {'PhotoId': 43152, 'PhotoName': 'IMG_5367.jpeg', 'IsDefault': False, 'AddedDateTime': '2025-09-13T16:28:21.249Z', 'listingId': 4840, 'PhotoUrl': 'https://images.listings.offcampusliving.cornell.edu/listings/4840/IMG_5367.jpeg', 'SortOrder': 2}, {'PhotoId': 43151, 'PhotoName': 'IMG_9521.jpeg', 'IsDefault': False, 'AddedDateTime': '2025-09-13T16:26:35.686Z', 'listingId': 4840, 'PhotoUrl': 'https://images.listings.offcampusliving.cornell.edu/listings/4840/IMG_9521.jpeg', 'SortOrder': 3}, {'PhotoId': 36409, 'PhotoName': 'IMG_7418.jpeg', 'IsDefault': False, 'AddedDateTime': '2024-06-25T14:16:44.867Z', 'listingId': 4840, 'PhotoUrl': 'https://images.listings.offcampusliving.cornell.edu/listings/4840/IMG_7418.jpeg', 'SortOrder': 4}, {'PhotoId': 37655, 'PhotoName': 'IMG_7690.jpeg', 'IsDefault': False, 'AddedDateTime': '2024-09-26T12:29:16.442Z', 'listingId': 4840, 'PhotoUrl': 'https://images.listings.offcampusliving.cornell.edu/listings/4840/IMG_7690.jpeg', 'SortOrder': 5}, {'PhotoId': 39388, 'PhotoName': 'IMG_9440.jpeg', 'IsDefault': False, 'AddedDateTime': '2025-02-20T12:49:40.375Z', 'listingId': 4840, 'PhotoUrl': 'https://images.listings.offcampusliving.cornell.edu/listings/4840/IMG_9440.jpeg', 'SortOrder': 6}, {'PhotoId': 40545, 'PhotoName': 'IMG_0577.jpeg', 'IsDefault': False, 'AddedDateTime': '2025-04-26T08:59:08.461Z', 'listingId': 4840, 'PhotoUrl': 'https://images.listings.offcampusliving.cornell.edu/listings/4840/IMG_0577.jpeg', 'SortOrder': 7}, {'PhotoId': 37654, 'PhotoName': 'IMG_7430.jpeg', 'IsDefault': False, 'AddedDateTime': '2024-09-26T12:27:54.431Z', 'listingId': 4840, 'PhotoUrl': 'https://images.listings.offcampusliving.cornell.edu/listings/4840/IMG_7430.jpeg', 'SortOrder': 8}, {'PhotoId': 37666, 'PhotoName': 'IMG_5685.jpeg', 'IsDefault': False, 'AddedDateTime': '2024-09-26T12:39:47.667Z', 'listingId': 4840, 'PhotoUrl': 'https://images.listings.offcampusliving.cornell.edu/listings/4840/IMG_5685.jpeg', 'SortOrder': 9}, {'PhotoId': 37664, 'PhotoName': 'IMG_3072.jpeg', 'IsDefault': False, 'AddedDateTime': '2024-09-26T12:39:43.659Z', 'listingId': 4840, 'PhotoUrl': 'https://images.listings.offcampusliving.cornell.edu/listings/4840/IMG_3072.jpeg', 'SortOrder': 10}, {'PhotoId': 37657, 'PhotoName': 'IMG_7421.jpeg', 'IsDefault': False, 'AddedDateTime': '2024-09-26T12:32:19.366Z', 'listingId': 4840, 'PhotoUrl': 'https://images.listings.offcampusliving.cornell.edu/listings/4840/IMG_7421.jpeg', 'SortOrder': 11}, {'PhotoId': 37656, 'PhotoName': 'IMG_7429.jpeg', 'IsDefault': False, 'AddedDateTime': '2024-09-26T12:29:18.578Z', 'listingId': 4840, 'PhotoUrl': 'https://images.listings.offcampusliving.cornell.edu/listings/4840/IMG_7429.jpeg', 'SortOrder': 12}, {'PhotoId': 37660, 'PhotoName': 'IMG_7420.jpeg', 'IsDefault': False, 'AddedDateTime': '2024-09-26T12:32:22.913Z', 'listingId': 4840, 'PhotoUrl': 'https://images.listings.offcampusliving.cornell.edu/listings/4840/IMG_7420.jpeg', 'SortOrder': 13}, {'PhotoId': 37659, 'PhotoName': 'IMG_7415.jpeg', 'IsDefault': False, 'AddedDateTime': '2024-09-26T12:32:22.683Z', 'listingId': 4840, 'PhotoUrl': 'https://images.listings.offcampusliving.cornell.edu/listings/4840/IMG_7415.jpeg', 'SortOrder': 14}, {'PhotoId': 37658, 'PhotoName': 'IMG_7418.jpeg', 'IsDefault': False, 'AddedDateTime': '2024-09-26T12:32:22.382Z', 'listingId': 4840, 'PhotoUrl': 'https://images.listings.offcampusliving.cornell.edu/listings/4840/IMG_7418.jpeg', 'SortOrder': 15}, {'PhotoId': 37662, 'PhotoName': 'IMG_5367.jpeg', 'IsDefault': False, 'AddedDateTime': '2024-09-26T12:39:38.252Z', 'listingId': 4840, 'PhotoUrl': 'https://images.listings.offcampusliving.cornell.edu/listings/4840/IMG_5367.jpeg', 'SortOrder': 16}, {'PhotoId': 37663, 'PhotoName': 'IMG_3074.jpeg', 'IsDefault': False, 'AddedDateTime': '2024-09-26T12:39:41.268Z', 'listingId': 4840, 'PhotoUrl': 'https://images.listings.offcampusliving.cornell.edu/listings/4840/IMG_3074.jpeg', 'SortOrder': 17}, {'PhotoId': 37652, 'PhotoName': 'IMG_3761.jpeg', 'IsDefault': False, 'AddedDateTime': '2024-09-26T12:26:28.882Z', 'listingId': 4840, 'PhotoUrl': 'https://images.listings.offcampusliving.cornell.edu/listings/4840/IMG_3761.jpeg', 'SortOrder': 18}, {'PhotoId': 37653, 'PhotoName': 'IMG_7689.jpeg', 'IsDefault': False, 'AddedDateTime': '2024-09-26T12:26:29.244Z', 'listingId': 4840, 'PhotoUrl': 'https://images.listings.offcampusliving.cornell.edu/listings/4840/IMG_7689.jpeg', 'SortOrder': 19}]","{""BuildingAddress"": ""406 GREEN STREET W"", ""OverallSafetyRating"": 8, ""CategoryScores"": [{""Fire Protection"": 0}, {""Notification Systems"": 0}, {""Emergency Egress"": 0}, {""Applicable Code"": 0}, {""Fire Extinguishers"": 0}, {""Construction Type"": 0}, {""Valid Certificate of Compliance"": 8}], ""OverallSafetyRatingAsPercentage"": 17, ""CategoryScoresAsPercentage"": [{""Fire Protection"": 0}, {""Notification Systems"": 0}, {""Emergency Egress"": 0}, {""Applicable Code"": 0}, {""Fire Extinguishers"": 0}, {""Construction Type"": 0}, {""Valid Certificate of Compliance"": 100}], ""SprinklerType"": [], ""FireExtinguisherCertificateExpiration"": null, ""NotificationSystem"": [{""subCategory"": ""Single Station Smoke Alarm"", ""notificationType"": ""Single Station Smoke Alarm"", ""notificationSystemCertificateExpiration"": ""2023-09-19""}], ""HasValidCertificateOfOccupancy"": true, ""MeetsMinimumRequirements"": false, ""ExceedsRequirements"": false, ""HasFireResistantConstructionType"": false, ""SatisfiesApplicableCode"": false, ""CertificateExpirationDate"": ""2027-09-19T00:00:00.000Z"", ""DateLastUpdated"": ""2025-10-19T07:01:53.000Z""}"
4845,4101,2024-07-15T00:00:00.000Z,12,316 Fall Creek Drive,,Ithaca,14850,A three-story single-family house located in Cornell Fall Creek neighborhood,"Þ Four furnished private rooms are available for the new semester
Þ Walking distance to Cornell campus through Suspension Bridge
Þ Less than 2 minutes walking distance to Johnson Museum of Art
Þ 12-month lease starts from $750 to $1150 (depending on room location/size and private full bathroom access)
Þ All utilities are included in the rent
Þ Access to washer and dryer
Þ Shared kitchen with two fridges/freezers and commercial cooking stove and washing sink",750,Price Per Person,Yes,"['Electricity Included', 'Electronic Payments Accepted', 'Furnished', 'Heat Included', 'Internet Available', 'Internet Included', 'Kitchen', 'Laundry Facilities', 'Near Bus Route', 'Off-Street Parking Available', 'Off-Street Parking Included', 'Permitted Street Parking Available', 'Water Included']",No Preference,4,3.5,"['Summer Sublet', 'Undergraduate', 'Staff/Faculty', 'Spring Sublet', 'Sabbatic Housing', 'Graduate', 'Fall Sublet', 'Short-Term Housing', 'Commencement']",Room to Rent,42.44855536095034,-76.48415193438673,"{'lat': 42.44855536095034, 'lng': -76.48415193438673}",True,2026-01-06T00:00:00.000Z,True,Yes,2024-07-02T14:50:13.935Z,2024-08-22T21:29:56.907Z,316 FALL CREEK DRIVE,"[{'PhotoId': 36489, 'PhotoName': 'imgp0631_orig.jpg', 'IsDefault': True, 'AddedDateTime': '2024-07-02T14:59:58.905Z', 'listingId': 4845, 'PhotoUrl': 'https://images.listings.offcampusliving.cornell.edu/listings/4845/imgp0631_orig.jpg', 'SortOrder': None}, {'PhotoId': 36490, 'PhotoName': 'imgp0623_orig.jpg', 'IsDefault': False, 'AddedDateTime': '2024-07-02T15:00:10.327Z', 'listingId': 4845, 'PhotoUrl': 'https://images.listings.offcampusliving.cornell.edu/listings/4845/imgp0623_orig.jpg', 'SortOrder': None}, {'PhotoId': 36491, 'PhotoName': 'dining-room_orig.jpg', 'IsDefault': False, 'AddedDateTime': '2024-07-02T15:00:21.239Z', 'listingId': 4845, 'PhotoUrl': 'https://images.listings.offcampusliving.cornell.edu/listings/4845/dining-room_orig.jpg', 'SortOrder': None}, {'PhotoId': 36492, 'PhotoName': 'imgp0626-copy_orig.jpg', 'IsDefault': False, 'AddedDateTime': '2024-07-02T15:00:39.853Z', 'listingId': 4845, 'PhotoUrl': 'https://images.listings.offcampusliving.cornell.edu/listings/4845/imgp0626-copy_orig.jpg', 'SortOrder': None}]","{""BuildingAddress"": ""316 FALL CREEK DRIVE"", ""OverallSafetyRating"": 8, ""CategoryScores"": [{""Fire Protection"": 0}, {""Notification Systems"": 0}, {""Emergency Egress"": 0}, {""Applicable Code"": 0}, {""Fire Extinguishers"": 0}, {""Construction Type"": 0}, {""Valid Certificate of Compliance"": 8}], ""OverallSafetyRatingAsPercentage"": 17, ""CategoryScoresAsPercentage"": [{""Fire Protection"": 0}, {""Notification Systems"": 0}, {""Emergency Egress"": 0}, {""Applicable Code"": 0}, {""Fire Extinguishers"": 0}, {""Construction Type"": 0}, {""Valid Certificate of Compliance"": 100}], ""SprinklerType"": [], ""FireExtinguisherCertificateExpiration"": null, ""NotificationSystem"": [{""subCategory"": ""Single Station Smoke Alarm"", ""notificationType"": ""Single Station Smoke Alarm"", ""notificationSystemCertificateExpiration"": ""2024-11-01""}], ""HasValidCertificateOfOccupancy"": true, ""MeetsMinimumRequirements"": false, ""ExceedsRequirements"": false, ""HasFireResistantConstructionType"": false, ""SatisfiesApplicableCode"": false, ""CertificateExpirationDate"": ""2029-04-24T00:00:00.000Z"", ""DateLastUpdated"": ""2025-10-19T07:01:50.000Z""}"
4857,4111,2025-01-20T00:00:00.000Z,12,609 E State Street,1,Ithaca,14850,Single Room In House,"
Looking for a roommate to fill a room in a 6 bedroom house.
This 3-story, 6 bedroom house was renovated in 2019 with all new stainless steel kitchen appliances, granite counter tops, new bathroom tiling, new vanities, touch screen mirrors, and new light fixture",800,Price Per Person,Yes,"['Furnished', 'Internet Available', 'Kitchen', 'Laundry Facilities', 'Near Bus Route', 'Off-Street Parking Available', 'Permitted Street Parking Available']",No Preference,6,1,"['Summer Sublet', 'Spring Sublet', 'Short-Term Housing']",Room to Rent,42.43921752515239,-76.48955632936246,"{'lat': 42.43921752515239, 'lng': -76.48955632936246}",True,2026-01-20T00:00:00.000Z,True,Yes,2024-07-09T19:29:51.393Z,2025-01-20T02:35:49.358Z,,"[{'PhotoId': 36645, 'PhotoName': 'Screen Shot 2024-07-09 at 2.15.01 PM.png', 'IsDefault': True, 'AddedDateTime': '2024-07-09T19:36:56.863Z', 'listingId': 4857, 'PhotoUrl': 'https://images.listings.offcampusliving.cornell.edu/listings/4857/Screen Shot 2024-07-09 at 2.15.01 PM.png', 'SortOrder': None}, {'PhotoId': 36634, 'PhotoName': 'Screen Shot 2024-07-09 at 2.12.35 PM.png', 'IsDefault': False, 'AddedDateTime': '2024-07-09T19:35:30.924Z', 'listingId': 4857, 'PhotoUrl': 'https://images.listings.offcampusliving.cornell.edu/listings/4857/Screen Shot 2024-07-09 at 2.12.35 PM.png', 'SortOrder': None}, {'PhotoId': 36635, 'PhotoName': 'Screen Shot 2024-07-09 at 2.12.46 PM.png', 'IsDefault': False, 'AddedDateTime': '2024-07-09T19:35:31.689Z', 'listingId': 4857, 'PhotoUrl': 'https://images.listings.offcampusliving.cornell.edu/listings/4857/Screen Shot 2024-07-09 at 2.12.46 PM.png', 'SortOrder': None}, {'PhotoId': 36636, 'PhotoName': 'Screen Shot 2024-07-09 at 2.13.01 PM.png', 'IsDefault': False, 'AddedDateTime': '2024-07-09T19:36:49.726Z', 'listingId': 4857, 'PhotoUrl': 'https://images.listings.offcampusliving.cornell.edu/listings/4857/Screen Shot 2024-07-09 at 2.13.01 PM.png', 'SortOrder': None}, {'PhotoId': 36637, 'PhotoName': 'Screen Shot 2024-07-09 at 2.13.18 PM.png', 'IsDefault': False, 'AddedDateTime': '2024-07-09T19:36:50.825Z', 'listingId': 4857, 'PhotoUrl': 'https://images.listings.offcampusliving.cornell.edu/listings/4857/Screen Shot 2024-07-09 at 2.13.18 PM.png', 'SortOrder': None}, {'PhotoId': 36638, 'PhotoName': 'Screen Shot 2024-07-09 at 2.13.27 PM.png', 'IsDefault': False, 'AddedDateTime': '2024-07-09T19:36:51.635Z', 'listingId': 4857, 'PhotoUrl': 'https://images.listings.offcampusliving.cornell.edu/listings/4857/Screen Shot 2024-07-09 at 2.13.27 PM.png', 'SortOrder': None}, {'PhotoId': 36639, 'PhotoName': 'Screen Shot 2024-07-09 at 2.13.47 PM.png', 'IsDefault': False, 'AddedDateTime': '2024-07-09T19:36:52.515Z', 'listingId': 4857, 'PhotoUrl': 'https://images.listings.offcampusliving.cornell.edu/listings/4857/Screen Shot 2024-07-09 at 2.13.47 PM.png', 'SortOrder': None}, {'PhotoId': 36640, 'PhotoName': 'Screen Shot 2024-07-09 at 2.14.10 PM.png', 'IsDefault': False, 'AddedDateTime': '2024-07-09T19:36:53.210Z', 'listingId': 4857, 'PhotoUrl': 'https://images.listings.offcampusliving.cornell.edu/listings/4857/Screen Shot 2024-07-09 at 2.14.10 PM.png', 'SortOrder': None}, {'PhotoId': 36641, 'PhotoName': 'Screen Shot 2024-07-09 at 2.14.19 PM.png', 'IsDefault': False, 'AddedDateTime': '2024-07-09T19:36:53.778Z', 'listingId': 4857, 'PhotoUrl': 'https://images.listings.offcampusliving.cornell.edu/listings/4857/Screen Shot 2024-07-09 at 2.14.19 PM.png', 'SortOrder': None}, {'PhotoId': 36642, 'PhotoName': 'Screen Shot 2024-07-09 at 2.14.30 PM.png', 'IsDefault': False, 'AddedDateTime': '2024-07-09T19:36:54.573Z', 'listingId': 4857, 'PhotoUrl': 'https://images.listings.offcampusliving.cornell.edu/listings/4857/Screen Shot 2024-07-09 at 2.14.30 PM.png', 'SortOrder': None}, {'PhotoId': 36643, 'PhotoName': 'Screen Shot 2024-07-09 at 2.14.40 PM.png', 'IsDefault': False, 'AddedDateTime': '2024-07-09T19:36:55.170Z', 'listingId': 4857, 'PhotoUrl': 'https://images.listings.offcampusliving.cornell.edu/listings/4857/Screen Shot 2024-07-09 at 2.14.40 PM.png', 'SortOrder': None}, {'PhotoId': 36644, 'PhotoName': 'Screen Shot 2024-07-09 at 2.14.51 PM.png', 'IsDefault': False, 'AddedDateTime': '2024-07-09T19:36:55.857Z', 'listingId': 4857, 'PhotoUrl': 'https://images.listings.offcampusliving.cornell.edu/listings/4857/Screen Shot 2024-07-09 at 2.14.51 PM.png', 'SortOrder': None}, {'PhotoId': 36646, 'PhotoName': 'Screen Shot 2024-07-09 at 2.15.25 PM.png', 'IsDefault': False, 'AddedDateTime': '2024-07-09T19:36:57.404Z', 'listingId': 4857, 'PhotoUrl': 'https://images.listings.offcampusliving.cornell.edu/listings/4857/Screen Shot 2024-07-09 at 2.15.25 PM.png', 'SortOrder': None}, {'PhotoId': 36647, 'PhotoName': 'Screen Shot 2024-07-09 at 2.15.33 PM.png', 'IsDefault': False, 'AddedDateTime': '2024-07-09T19:36:57.784Z', 'listingId': 4857, 'PhotoUrl': 'https://images.listings.offcampusliving.cornell.edu/listings/4857/Screen Shot 2024-07-09 at 2.15.33 PM.png', 'SortOrder': None}]",
4887,640,2026-08-15T00:00:00.000Z,10,108 Catherine St Rear,Rear,Ithaca,14850,"1 Bedroom apartment, separate entrance, Parking available, nice and bright","1 Bedroom apartment, includes utilities, Remodeled Kitchen, bath and living room, separate entrance, Parking available, nice and bright, Laundry in building just became available today.",1475,Price Per Unit,Yes,"['Electricity Included', 'Furnished', 'Heat Included', 'Kitchen', 'Laundry Facilities', 'Near Bus Route', 'Off-Street Parking Available', 'Water Included', 'Internet Included']",No Preference,1,1,"['Graduate', 'Staff/Faculty', 'Undergraduate']",Rent,42.44014804488119,-76.48665797995169,"{'lat': 42.44014804488119, 'lng': -76.48665797995169}",True,2025-12-19T00:00:00.000Z,True,Yes,2024-08-15T02:13:11.453Z,2025-09-19T05:42:36.583Z,,"[{'PhotoId': 37066, 'PhotoName': '03986387-f1a0-4996-9e5c-13f43dd43b42.jpg', 'IsDefault': True, 'AddedDateTime': '2024-08-15T02:22:42.519Z', 'listingId': 4887, 'PhotoUrl': 'https://images.listings.offcampusliving.cornell.edu/listings/4887/03986387-f1a0-4996-9e5c-13f43dd43b42.jpg', 'SortOrder': 3}, {'PhotoId': 37076, 'PhotoName': 'c0ff674c-153e-43c1-a868-8c550b71cfb2 (1).jpg', 'IsDefault': False, 'AddedDateTime': '2024-08-15T02:40:28.232Z', 'listingId': 4887, 'PhotoUrl': 'https://images.listings.offcampusliving.cornell.edu/listings/4887/c0ff674c-153e-43c1-a868-8c550b71cfb2 (1).jpg', 'SortOrder': None}, {'PhotoId': 37077, 'PhotoName': '19c805b4-a751-45b9-9c3a-700c10d38d7e.jpg', 'IsDefault': False, 'AddedDateTime': '2024-08-15T02:40:52.004Z', 'listingId': 4887, 'PhotoUrl': 'https://images.listings.offcampusliving.cornell.edu/listings/4887/19c805b4-a751-45b9-9c3a-700c10d38d7e.jpg', 'SortOrder': None}, {'PhotoId': 37078, 'PhotoName': '054e4e2b-cdd1-4b28-ba50-18fa947d7449.jpg', 'IsDefault': False, 'AddedDateTime': '2024-08-15T02:41:10.300Z', 'listingId': 4887, 'PhotoUrl': 'https://images.listings.offcampusliving.cornell.edu/listings/4887/054e4e2b-cdd1-4b28-ba50-18fa947d7449.jpg', 'SortOrder': None}, {'PhotoId': 37079, 'PhotoName': '03986387-f1a0-4996-9e5c-13f43dd43b42 (1).jpg', 'IsDefault': False, 'AddedDateTime': '2024-08-15T02:41:36.682Z', 'listingId': 4887, 'PhotoUrl': 'https://images.listings.offcampusliving.cornell.edu/listings/4887/03986387-f1a0-4996-9e5c-13f43dd43b42 (1).jpg', 'SortOrder': None}, {'PhotoId': 37069, 'PhotoName': '258516945_10158687586543727_5271379129523847508_n.jpg', 'IsDefault': False, 'AddedDateTime': '2024-08-15T02:25:09.926Z', 'listingId': 4887, 'PhotoUrl': 'https://images.listings.offcampusliving.cornell.edu/listings/4887/258516945_10158687586543727_5271379129523847508_n.jpg', 'SortOrder': 1}, {'PhotoId': 37065, 'PhotoName': '694c1fc0-237b-47b1-8692-8f166c44bc4c (1).jpg', 'IsDefault': False, 'AddedDateTime': '2024-08-15T02:22:23.336Z', 'listingId': 4887, 'PhotoUrl': 'https://images.listings.offcampusliving.cornell.edu/listings/4887/694c1fc0-237b-47b1-8692-8f166c44bc4c (1).jpg', 'SortOrder': 2}]",
4894,4146,2025-01-01T00:00:00.000Z,6,127 Linden Avenue,2,Ithaca,14850,Medium-sized room is conveniently located on the first floor at the back of the house. It is adjacent to the bathroom and directly off the kitchen and back door. ,"This inviting medium-sized room is thoughtfully designed for comfort and convenience. It offers easy access to the bathroom and is directly adjacent to the kitchen, with the added benefit of discreet back door access for coming and going with ease. The room features tan hardwood floors and is equipped with a window unit and brand-new charcoal grey furniture, including a sleek queen-size bed and a matching dresser.",955,Price Per Unit,Yes,"['Air Conditioning', 'Furnished', 'Heat Included', 'Internet Available', 'Kitchen', 'Laundry Facilities', 'Off-Street Parking Available', 'Near Bus Route']",No Preference,1,1,['Spring Sublet'],Room to Rent,42.448870231652,-76.48422372394334,"{'lat': 42.448870231652, 'lng': -76.48422372394334}",True,2026-06-16T00:00:00.000Z,True,Yes,2024-08-18T20:49:31.302Z,2024-10-25T13:44:44.837Z,127 LINDEN AVENUE,"[{'PhotoId': 37153, 'PhotoName': 'IMG-8814-Original.jpg', 'IsDefault': True, 'AddedDateTime': '2024-08-18T20:58:42.915Z', 'listingId': 4894, 'PhotoUrl': 'https://images.listings.offcampusliving.cornell.edu/listings/4894/IMG-8814-Original.jpg', 'SortOrder': None}, {'PhotoId': 37154, 'PhotoName': 'IMG-8810-Original.jpg', 'IsDefault': False, 'AddedDateTime': '2024-08-18T20:58:44.870Z', 'listingId': 4894, 'PhotoUrl': 'https://images.listings.offcampusliving.cornell.edu/listings/4894/IMG-8810-Original.jpg', 'SortOrder': None}, {'PhotoId': 37155, 'PhotoName': 'IMG-8807-Original.jpg', 'IsDefault': False, 'AddedDateTime': '2024-08-18T20:58:47.372Z', 'listingId': 4894, 'PhotoUrl': 'https://images.listings.offcampusliving.cornell.edu/listings/4894/IMG-8807-Original.jpg', 'SortOrder': None}, {'PhotoId': 37156, 'PhotoName': 'IMG-8811-Original.jpg', 'IsDefault': False, 'AddedDateTime': '2024-08-18T20:58:49.445Z', 'listingId': 4894, 'PhotoUrl': 'https://images.listings.offcampusliving.cornell.edu/listings/4894/IMG-8811-Original.jpg', 'SortOrder': None}, {'PhotoId': 37157, 'PhotoName': 'IMG-8815-Original.jpg', 'IsDefault': False, 'AddedDateTime': '2024-08-18T20:58:51.720Z', 'listingId': 4894, 'PhotoUrl': 'https://images.listings.offcampusliving.cornell.edu/listings/4894/IMG-8815-Original.jpg', 'SortOrder': None}]","{""BuildingAddress"": ""127 LINDEN AVENUE"", ""OverallSafetyRating"": 0, ""CategoryScores"": [{""Fire Protection"": 0}, {""Notification Systems"": 0}, {""Emergency Egress"": 0}, {""Applicable Code"": 0}, {""Fire Extinguishers"": 0}, {""Construction Type"": 0}, {""Valid Certificate of Compliance"": 0}], ""OverallSafetyRatingAsPercentage"": 0, ""CategoryScoresAsPercentage"": [{""Fire Protection"": 0}, {""Notification Systems"": 0}, {""Emergency Egress"": 0}, {""Applicable Code"": 0}, {""Fire Extinguishers"": 0}, {""Construction Type"": 0}, {""Valid Certificate of Compliance"": 0}], ""SprinklerType"": [], ""FireExtinguisherCertificateExpiration"": null, ""NotificationSystem"": [{""subCategory"": ""Fire Alarm System"", ""notificationType"": ""Fire Alarm System"", ""notificationSystemCertificateExpiration"": ""2024-08-23""}, {""subCategory"": ""Single Station Smoke Alarm"", ""notificationType"": ""Single Station Smoke Alarm"", ""notificationSystemCertificateExpiration"": ""2023-04-04""}], ""HasValidCertificateOfOccupancy"": false, ""MeetsMinimumRequirements"": false, ""ExceedsRequirements"": false, ""HasFireResistantConstructionType"": false, ""SatisfiesApplicableCode"": false, ""CertificateExpirationDate"": ""2025-04-04T00:00:00.000Z"", ""DateLastUpdated"": ""2025-10-19T07:01:37.000Z""}"
4895,2811,2025-10-09T00:00:00.000Z,12,1061 DRYDEN RD,,Ithaca,14850,"Evergreen Pointe is the newest luxury townhome-style apartment home community located less than 2 miles from Cornell University,5 Minutes from Ithaca College, and directly on the Dryden Rail Trail!","Evergreen Pointe is the newest luxury townhome-style apartment home community located less than 2 miles from Cornell University,5 Minutes from Ithaca College, and directly on the Dryden Rail Trail. Nestled in a tranquil wooded area in Dryden, Evergreen Pointe boasts 1 -,2- and 3-bedroom townhome-style apartments. East apartment home will have a private entry, and include luxury vinyl plank flooring, quartz countertops, modern finishes, stainless steel appliances, and in-unit washers and dryers!",2850,Price Per Unit,Yes,"['Air Conditioning', 'Off-Street Parking Available', 'Electronic Payments Accepted', 'Internet Included', 'Kitchen', 'Near Bus Route', 'Off-Street Parking Included', 'Wheelchair Accessible', 'Furnished']",No Preference,2,2,"['Graduate', 'Staff/Faculty']",Rent,42.45910784875593,-76.43079721038706,"{'lat': 42.45910784875593, 'lng': -76.43079721038706}",True,2026-04-10T00:00:00.000Z,True,No,2024-08-19T15:52:18.963Z,2025-10-09T15:11:02.199Z,,"[{'PhotoId': 43515, 'PhotoName': '231-web-or-mls-6I0A7519-HDR.jpg', 'IsDefault': True, 'AddedDateTime': '2025-10-09T15:13:24.680Z', 'listingId': 4895, 'PhotoUrl': 'https://images.listings.offcampusliving.cornell.edu/listings/4895/231-web-or-mls-6I0A7519-HDR.jpg', 'SortOrder': 1}, {'PhotoId': 43519, 'PhotoName': '188-web-or-mls-6I0A7252-HDR-Edit.jpg', 'IsDefault': False, 'AddedDateTime': '2025-10-09T15:15:25.816Z', 'listingId': 4895, 'PhotoUrl': 'https://images.listings.offcampusliving.cornell.edu/listings/4895/188-web-or-mls-6I0A7252-HDR-Edit.jpg', 'SortOrder': 2}, {'PhotoId': 43516, 'PhotoName': '193-web-or-mls-6I0A7298-HDR.jpg', 'IsDefault': False, 'AddedDateTime': '2025-10-09T15:14:19.352Z', 'listingId': 4895, 'PhotoUrl': 'https://images.listings.offcampusliving.cornell.edu/listings/4895/193-web-or-mls-6I0A7298-HDR.jpg', 'SortOrder': 3}, {'PhotoId': 43517, 'PhotoName': '195-web-or-mls-6I0A7313-HDR-Edit.jpg', 'IsDefault': False, 'AddedDateTime': '2025-10-09T15:14:33.486Z', 'listingId': 4895, 'PhotoUrl': 'https://images.listings.offcampusliving.cornell.edu/listings/4895/195-web-or-mls-6I0A7313-HDR-Edit.jpg', 'SortOrder': 4}, {'PhotoId': 41609, 'PhotoName': 'Kitchen.JPG', 'IsDefault': False, 'AddedDateTime': '2025-06-23T15:58:23.386Z', 'listingId': 4895, 'PhotoUrl': 'https://images.listings.offcampusliving.cornell.edu/listings/4895/Kitchen.JPG', 'SortOrder': 5}, {'PhotoId': 41610, 'PhotoName': 'Master Bathroom.JPG', 'IsDefault': False, 'AddedDateTime': '2025-06-23T15:58:43.879Z', 'listingId': 4895, 'PhotoUrl': 'https://images.listings.offcampusliving.cornell.edu/listings/4895/Master Bathroom.JPG', 'SortOrder': 6}, {'PhotoId': 43518, 'PhotoName': '129-web-or-mls-6I0A6892-HDR.jpg', 'IsDefault': False, 'AddedDateTime': '2025-10-09T15:14:54.974Z', 'listingId': 4895, 'PhotoUrl': 'https://images.listings.offcampusliving.cornell.edu/listings/4895/129-web-or-mls-6I0A6892-HDR.jpg', 'SortOrder': 7}]",
4917,4166,2024-12-23T00:00:00.000Z,7,201 College Avenue,3B - A,Ithaca,14850,Looking for one female to live with one other female.,"Sun-soaked, furnished Collegetown bedroom with amazing views in a 2 bed/1bath duplex apartment (with washer/dryer in unit!).
Asking rent includes everything: utilities, central AC, and Gym in the building.
Willing to rent for partial time and pro-rate.
Please reach out!",1500,Price Per Person,Yes,"['Air Conditioning', 'Furnished', 'Electricity Included', 'Electronic Payments Accepted', 'Heat Included', 'Internet Available', 'Internet Included', 'Kitchen', 'Laundry Facilities', 'Near Bus Route', 'Water Included']",Female,1,1,"['Spring Sublet', 'Graduate', 'Undergraduate', 'Summer Sublet']",Room to Rent,42.43948925576437,-76.48489952645873,"{'lat': 42.43948925576437, 'lng': -76.48489952645873}",True,2026-02-03T00:00:00.000Z,True,Yes,2024-09-10T19:33:45.318Z,2024-11-03T23:52:21.822Z,201 COLLEGE AVENUE,"[{'PhotoId': 37505, 'PhotoName': 'IMG_3303.jpeg', 'IsDefault': True, 'AddedDateTime': '2024-09-10T19:41:20.864Z', 'listingId': 4917, 'PhotoUrl': 'https://images.listings.offcampusliving.cornell.edu/listings/4917/IMG_3303.jpeg', 'SortOrder': None}, {'PhotoId': 37506, 'PhotoName': 'IMG_3298.jpeg', 'IsDefault': False, 'AddedDateTime': '2024-09-10T19:41:21.736Z', 'listingId': 4917, 'PhotoUrl': 'https://images.listings.offcampusliving.cornell.edu/listings/4917/IMG_3298.jpeg', 'SortOrder': None}, {'PhotoId': 37507, 'PhotoName': 'IMG_3296.jpeg', 'IsDefault': False, 'AddedDateTime': '2024-09-10T19:41:22.766Z', 'listingId': 4917, 'PhotoUrl': 'https://images.listings.offcampusliving.cornell.edu/listings/4917/IMG_3296.jpeg', 'SortOrder': None}, {'PhotoId': 37508, 'PhotoName': 'IMG_3295.jpeg', 'IsDefault': False, 'AddedDateTime': '2024-09-10T19:41:23.498Z', 'listingId': 4917, 'PhotoUrl': 'https://images.listings.offcampusliving.cornell.edu/listings/4917/IMG_3295.jpeg', 'SortOrder': None}, {'PhotoId': 37509, 'PhotoName': 'IMG_3294.jpeg', 'IsDefault': False, 'AddedDateTime': '2024-09-10T19:41:24.429Z', 'listingId': 4917, 'PhotoUrl': 'https://images.listings.offcampusliving.cornell.edu/listings/4917/IMG_3294.jpeg', 'SortOrder': None}]","{""BuildingAddress"": ""201 COLLEGE AVENUE"", ""OverallSafetyRating"": 24, ""CategoryScores"": [{""Fire Protection"": 0}, {""Notification Systems"": 2}, {""Emergency Egress"": 0}, {""Applicable Code"": 6}, {""Fire Extinguishers"": 0}, {""Construction Type"": 8}, {""Valid Certificate of Compliance"": 8}], ""OverallSafetyRatingAsPercentage"": 52, ""CategoryScoresAsPercentage"": [{""Fire Protection"": 0}, {""Notification Systems"": 33}, {""Emergency Egress"": 0}, {""Applicable Code"": 100}, {""Fire Extinguishers"": 0}, {""Construction Type"": 66}, {""Valid Certificate of Compliance"": 100}], ""SprinklerType"": [{""sprinklerType"": ""NFPA 13 Sprinkler System"", ""sprinklerCertificateExpiration"": ""2024-09-18""}], ""FireExtinguisherCertificateExpiration"": ""2024-06-12T00:00:00.000Z"", ""NotificationSystem"": [{""subCategory"": ""Fire Alarm System"", ""notificationType"": ""Fire Alarm System"", ""notificationSystemCertificateExpiration"": ""2024-06-12""}, {""subCategory"": ""CO Detector"", ""notificationType"": ""CO Detector"", ""notificationSystemCertificateExpiration"": ""auto""}], ""HasValidCertificateOfOccupancy"": true, ""MeetsMinimumRequirements"": false, ""ExceedsRequirements"": false, ""HasFireResistantConstructionType"": true, ""SatisfiesApplicableCode"": true, ""CertificateExpirationDate"": ""2027-02-05T00:00:00.000Z"", ""DateLastUpdated"": ""2025-10-19T07:01:39.000Z""}"
4936,1579,2026-06-01T00:00:00.000Z,12,205 Dryden Road,Suite 502,Ithaca,14850,"Suite 502 is Modern and Large at 1275 sq foot,  4 bed/2 bath suite.  Great sunlight with open spaces and great views of Ithaca.  Great location provides easy access to campus just one block away.","Dryden South provides a great living opportunity.  Great management, high quality construction, low utility bills.  Suite 502 offers amazing views of Collegetown and Ithaca along with plenty of natural sunlight.  Large windows and high ceilings.  Fully furnished with a 60"" Tv, Heat and hot water included.  Designed primarily as Cornell housing our high quality masonry construction, modern health and safety systems including video intercoms exceeds most safety standards.  ",1595,Price Per Person,No,"['Air Conditioning', 'Furnished', 'Heat Included', 'Internet Available', 'Kitchen', 'Laundry Facilities', 'Near Bus Route', 'Water Included']",No Preference,4,2,"['Graduate', 'Undergraduate']",Rent,42.44173460147657,-76.48477882705306,"{'lat': 42.44173460147657, 'lng': -76.48477882705306}",True,2025-11-09T00:00:00.000Z,True,Yes,2024-10-01T12:57:32.236Z,2025-09-30T19:38:19.916Z,205 DRYDEN ROAD,"[{'PhotoId': 37715, 'PhotoName': 'Dryden Road front sunny .jpg', 'IsDefault': True, 'AddedDateTime': '2024-10-01T13:01:07.215Z', 'listingId': 4936, 'PhotoUrl': 'https://images.listings.offcampusliving.cornell.edu/listings/4936/Dryden Road front sunny .jpg', 'SortOrder': 1}, {'PhotoId': 42292, 'PhotoName': '007-205-dryden-road-ithaca-ny-usa-007_m.jpg', 'IsDefault': False, 'AddedDateTime': '2025-07-24T11:32:44.380Z', 'listingId': 4936, 'PhotoUrl': 'https://images.listings.offcampusliving.cornell.edu/listings/4936/007-205-dryden-road-ithaca-ny-usa-007_m.jpg', 'SortOrder': None}, {'PhotoId': 42293, 'PhotoName': '028-205-dryden-road-ithaca-ny-usa-023_m.jpg', 'IsDefault': False, 'AddedDateTime': '2025-07-24T11:33:21.090Z', 'listingId': 4936, 'PhotoUrl': 'https://images.listings.offcampusliving.cornell.edu/listings/4936/028-205-dryden-road-ithaca-ny-usa-023_m.jpg', 'SortOrder': None}, {'PhotoId': 42294, 'PhotoName': '1PC67Q08380I.jpg', 'IsDefault': False, 'AddedDateTime': '2025-07-24T11:34:25.374Z', 'listingId': 4936, 'PhotoUrl': 'https://images.listings.offcampusliving.cornell.edu/listings/4936/1PC67Q08380I.jpg', 'SortOrder': None}, {'PhotoId': 37717, 'PhotoName': '1PC69UYRURMC.jpg', 'IsDefault': False, 'AddedDateTime': '2024-10-01T13:03:39.903Z', 'listingId': 4936, 'PhotoUrl': 'https://images.listings.offcampusliving.cornell.edu/listings/4936/1PC69UYRURMC.jpg', 'SortOrder': 2}, {'PhotoId': 37718, 'PhotoName': '1PC69MO4EU71.jpg', 'IsDefault': False, 'AddedDateTime': '2024-10-01T13:03:58.134Z', 'listingId': 4936, 'PhotoUrl': 'https://images.listings.offcampusliving.cornell.edu/listings/4936/1PC69MO4EU71.jpg', 'SortOrder': 3}, {'PhotoId': 37713, 'PhotoName': '011-205-dryden-road-ithaca-ny-usa-011_m.jpg', 'IsDefault': False, 'AddedDateTime': '2024-10-01T12:59:56.576Z', 'listingId': 4936, 'PhotoUrl': 'https://images.listings.offcampusliving.cornell.edu/listings/4936/011-205-dryden-road-ithaca-ny-usa-011_m.jpg', 'SortOrder': 4}, {'PhotoId': 37716, 'PhotoName': '1PC6AYH7HS4E.jpg', 'IsDefault': False, 'AddedDateTime': '2024-10-01T13:02:39.200Z', 'listingId': 4936, 'PhotoUrl': 'https://images.listings.offcampusliving.cornell.edu/listings/4936/1PC6AYH7HS4E.jpg', 'SortOrder': 7}]","{""BuildingAddress"": ""205 DRYDEN ROAD"", ""OverallSafetyRating"": 24, ""CategoryScores"": [{""Fire Protection"": 0}, {""Notification Systems"": 0}, {""Emergency Egress"": 0}, {""Applicable Code"": 6}, {""Fire Extinguishers"": 0}, {""Construction Type"": 10}, {""Valid Certificate of Compliance"": 8}], ""OverallSafetyRatingAsPercentage"": 52, ""CategoryScoresAsPercentage"": [{""Fire Protection"": 0}, {""Notification Systems"": 0}, {""Emergency Egress"": 0}, {""Applicable Code"": 100}, {""Fire Extinguishers"": 0}, {""Construction Type"": 83}, {""Valid Certificate of Compliance"": 100}], ""SprinklerType"": [{""sprinklerType"": ""NFPA 13R Sprinkler System"", ""sprinklerCertificateExpiration"": ""2025-02-13""}], ""FireExtinguisherCertificateExpiration"": null, ""NotificationSystem"": [{""subCategory"": ""Fire Alarm System"", ""notificationType"": ""Fire Alarm System"", ""notificationSystemCertificateExpiration"": ""2025-01-02""}, {""subCategory"": ""Single Station Smoke Alarm"", ""notificationType"": ""Single Station Smoke Alarm"", ""notificationSystemCertificateExpiration"": ""2024-01-10""}], ""HasValidCertificateOfOccupancy"": true, ""MeetsMinimumRequirements"": false, ""ExceedsRequirements"": false, ""HasFireResistantConstructionType"": true, ""SatisfiesApplicableCode"": true, ""CertificateExpirationDate"": ""2026-02-09T00:00:00.000Z"", ""DateLastUpdated"": ""2025-10-19T07:01:40.000Z""}"
5008,4244,2026-06-05T00:00:00.000Z,12,111 Osmun Place,"1, 2, 3 and 4",Ithaca,14850,"Beautiful Historical building. Apartments have hardwood floors, updated tiled kitchens and baths, free laundry and utilities included (heat, water, electricity) saving $100-200/month for each tenant.","We can offer this house to a group of 18 people or apartments of 3, 4, 5, or 6 people, with rents as low as $875. Located on Osmun Place steps from Collegetown and campus and seconds from the bus stop. Restaurants and bars are right around the corner. Four apartments are in the building each on a single level with its own dedicated laundry and updated kitchens and baths.  Big rooms, high ceilings and hardwood floors are offered in this historic house, two of the apartments even have balconies.  ",1050,Price Per Person,No,"['Electricity Included', 'Electronic Payments Accepted', 'Furnished', 'Heat Included', 'Internet Available', 'Kitchen', 'Laundry Facilities', 'Near Bus Route', 'Off-Street Parking Available', 'Water Included']",No Preference,10,1,"['Undergraduate', 'Graduate']",Rent,42.442765661413,-76.49039221066249,"{'lat': 42.442765661413, 'lng': -76.49039221066249}",True,2025-11-30T00:00:00.000Z,True,Yes,2024-11-09T23:57:08.803Z,2025-08-30T21:53:00.330Z,111 OSMUN PLACE,"[{'PhotoId': 38321, 'PhotoName': 'Osmun Place photo.jpg', 'IsDefault': True, 'AddedDateTime': '2024-11-18T21:42:16.276Z', 'listingId': 5008, 'PhotoUrl': 'https://images.listings.offcampusliving.cornell.edu/listings/5008/Osmun Place photo.jpg', 'SortOrder': 1}, {'PhotoId': 38330, 'PhotoName': 'IMG-1785.jpg', 'IsDefault': False, 'AddedDateTime': '2024-11-18T21:52:43.324Z', 'listingId': 5008, 'PhotoUrl': 'https://images.listings.offcampusliving.cornell.edu/listings/5008/IMG-1785.jpg', 'SortOrder': 3}, {'PhotoId': 38328, 'PhotoName': '5 bdr at Osmun in lvg rm.jpg', 'IsDefault': False, 'AddedDateTime': '2024-11-18T21:51:04.598Z', 'listingId': 5008, 'PhotoUrl': 'https://images.listings.offcampusliving.cornell.edu/listings/5008/5 bdr at Osmun in lvg rm.jpg', 'SortOrder': 4}, {'PhotoId': 38344, 'PhotoName': 'livingroom.jpg', 'IsDefault': False, 'AddedDateTime': '2024-11-18T21:57:14.278Z', 'listingId': 5008, 'PhotoUrl': 'https://images.listings.offcampusliving.cornell.edu/listings/5008/livingroom.jpg', 'SortOrder': 5}, {'PhotoId': 38351, 'PhotoName': 'lvg rm apt 4b.JPG', 'IsDefault': False, 'AddedDateTime': '2024-11-18T22:01:08.446Z', 'listingId': 5008, 'PhotoUrl': 'https://images.listings.offcampusliving.cornell.edu/listings/5008/lvg rm apt 4b.JPG', 'SortOrder': 6}, {'PhotoId': 38327, 'PhotoName': '5 bdr at Osmun in kitchen.jpg', 'IsDefault': False, 'AddedDateTime': '2024-11-18T21:50:49.675Z', 'listingId': 5008, 'PhotoUrl': 'https://images.listings.offcampusliving.cornell.edu/listings/5008/5 bdr at Osmun in kitchen.jpg', 'SortOrder': 7}, {'PhotoId': 38326, 'PhotoName': '5 bdr at Osmun in kitchen laundry.jpg', 'IsDefault': False, 'AddedDateTime': '2024-11-18T21:50:39.904Z', 'listingId': 5008, 'PhotoUrl': 'https://images.listings.offcampusliving.cornell.edu/listings/5008/5 bdr at Osmun in kitchen laundry.jpg', 'SortOrder': 8}, {'PhotoId': 38342, 'PhotoName': 'kitchen.jpg', 'IsDefault': False, 'AddedDateTime': '2024-11-18T21:56:58.148Z', 'listingId': 5008, 'PhotoUrl': 'https://images.listings.offcampusliving.cornell.edu/listings/5008/kitchen.jpg', 'SortOrder': 9}, {'PhotoId': 38341, 'PhotoName': 'kitchen living.jpg', 'IsDefault': False, 'AddedDateTime': '2024-11-18T21:56:49.202Z', 'listingId': 5008, 'PhotoUrl': 'https://images.listings.offcampusliving.cornell.edu/listings/5008/kitchen living.jpg', 'SortOrder': 10}, {'PhotoId': 38349, 'PhotoName': 'kitchen with white cabinets.jpg', 'IsDefault': False, 'AddedDateTime': '2024-11-18T22:00:50.476Z', 'listingId': 5008, 'PhotoUrl': 'https://images.listings.offcampusliving.cornell.edu/listings/5008/kitchen with white cabinets.jpg', 'SortOrder': 11}, {'PhotoId': 38340, 'PhotoName': 'Bedroom 6.jpg', 'IsDefault': False, 'AddedDateTime': '2024-11-18T21:56:37.906Z', 'listingId': 5008, 'PhotoUrl': 'https://images.listings.offcampusliving.cornell.edu/listings/5008/Bedroom 6.jpg', 'SortOrder': 12}, {'PhotoId': 38339, 'PhotoName': 'Bedroom 5.jpg', 'IsDefault': False, 'AddedDateTime': '2024-11-18T21:56:30.423Z', 'listingId': 5008, 'PhotoUrl': 'https://images.listings.offcampusliving.cornell.edu/listings/5008/Bedroom 5.jpg', 'SortOrder': 13}, {'PhotoId': 38338, 'PhotoName': 'Bedroom 4.jpg', 'IsDefault': False, 'AddedDateTime': '2024-11-18T21:56:23.883Z', 'listingId': 5008, 'PhotoUrl': 'https://images.listings.offcampusliving.cornell.edu/listings/5008/Bedroom 4.jpg', 'SortOrder': 14}, {'PhotoId': 38337, 'PhotoName': 'Bedroom 3.jpg', 'IsDefault': False, 'AddedDateTime': '2024-11-18T21:56:17.389Z', 'listingId': 5008, 'PhotoUrl': 'https://images.listings.offcampusliving.cornell.edu/listings/5008/Bedroom 3.jpg', 'SortOrder': 15}, {'PhotoId': 38334, 'PhotoName': 'IMG-1790.jpg', 'IsDefault': False, 'AddedDateTime': '2024-11-18T21:53:15.955Z', 'listingId': 5008, 'PhotoUrl': 'https://images.listings.offcampusliving.cornell.edu/listings/5008/IMG-1790.jpg', 'SortOrder': 16}, {'PhotoId': 38335, 'PhotoName': 'IMG-1791.jpg', 'IsDefault': False, 'AddedDateTime': '2024-11-18T21:53:30.237Z', 'listingId': 5008, 'PhotoUrl': 'https://images.listings.offcampusliving.cornell.edu/listings/5008/IMG-1791.jpg', 'SortOrder': 17}, {'PhotoId': 38348, 'PhotoName': 'bedroom apt 4b.JPG', 'IsDefault': False, 'AddedDateTime': '2024-11-18T22:00:43.086Z', 'listingId': 5008, 'PhotoUrl': 'https://images.listings.offcampusliving.cornell.edu/listings/5008/bedroom apt 4b.JPG', 'SortOrder': 18}, {'PhotoId': 38346, 'PhotoName': 'bath with washer dryer.jpg', 'IsDefault': False, 'AddedDateTime': '2024-11-18T22:00:29.908Z', 'listingId': 5008, 'PhotoUrl': 'https://images.listings.offcampusliving.cornell.edu/listings/5008/bath with washer dryer.jpg', 'SortOrder': 19}, {'PhotoId': 38347, 'PhotoName': 'Bathroom Apt 4.JPG', 'IsDefault': False, 'AddedDateTime': '2024-11-18T22:00:36.118Z', 'listingId': 5008, 'PhotoUrl': 'https://images.listings.offcampusliving.cornell.edu/listings/5008/Bathroom Apt 4.JPG', 'SortOrder': 20}, {'PhotoId': 38333, 'PhotoName': 'IMG-1789.jpg', 'IsDefault': False, 'AddedDateTime': '2024-11-18T21:53:07.079Z', 'listingId': 5008, 'PhotoUrl': 'https://images.listings.offcampusliving.cornell.edu/listings/5008/IMG-1789.jpg', 'SortOrder': 21}, {'PhotoId': 38325, 'PhotoName': '5 bdr at Osmun in bathroom.jpg', 'IsDefault': False, 'AddedDateTime': '2024-11-18T21:50:32.670Z', 'listingId': 5008, 'PhotoUrl': 'https://images.listings.offcampusliving.cornell.edu/listings/5008/5 bdr at Osmun in bathroom.jpg', 'SortOrder': 22}, {'PhotoId': 38331, 'PhotoName': 'IMG-1786.jpg', 'IsDefault': False, 'AddedDateTime': '2024-11-18T21:52:49.840Z', 'listingId': 5008, 'PhotoUrl': 'https://images.listings.offcampusliving.cornell.edu/listings/5008/IMG-1786.jpg', 'SortOrder': 23}]","{""BuildingAddress"": ""111 OSMUN PLACE"", ""OverallSafetyRating"": 8, ""CategoryScores"": [{""Fire Protection"": 0}, {""Notification Systems"": 0}, {""Emergency Egress"": 0}, {""Applicable Code"": 0}, {""Fire Extinguishers"": 0}, {""Construction Type"": 0}, {""Valid Certificate of Compliance"": 8}], ""OverallSafetyRatingAsPercentage"": 17, ""CategoryScoresAsPercentage"": [{""Fire Protection"": 0}, {""Notification Systems"": 0}, {""Emergency Egress"": 0}, {""Applicable Code"": 0}, {""Fire Extinguishers"": 0}, {""Construction Type"": 0}, {""Valid Certificate of Compliance"": 100}], ""SprinklerType"": [], ""FireExtinguisherCertificateExpiration"": null, ""NotificationSystem"": [{""subCategory"": ""Fire Alarm System"", ""notificationType"": ""Fire Alarm System"", ""notificationSystemCertificateExpiration"": ""2025-04-21""}, {""subCategory"": ""Single Station Smoke Alarm"", ""notificationType"": ""Single Station Smoke Alarm"", ""notificationSystemCertificateExpiration"": ""2025-06-05""}], ""HasValidCertificateOfOccupancy"": true, ""MeetsMinimumRequirements"": false, ""ExceedsRequirements"": false, ""HasFireResistantConstructionType"": false, ""SatisfiesApplicableCode"": false, ""CertificateExpirationDate"": ""2027-07-15T00:00:00.000Z"", ""DateLastUpdated"": ""2025-10-19T07:01:32.000Z""}"
5009,192,2025-10-06T00:00:00.000Z,10,26 Village Place,C,Ithaca,14850,2 bed Village Solars(935 sq. feet) leases for $1717/month plus utilities & extras. The heat/AC is electric and averages $120/month. ,"50% off Security deposit! Free washer/dryer with first lease, 2nd full month free! Online Tours & Virtual! Brand New Units, Ready to Lease Now! Sign a Lease Today! Secure a new rental from the convenience of your current residence via Facetime or Skype!!! The nicest and newest apartments in Ithaca, these Lawrence Fabroni II designs feature passive solar construction built to be the brightest day lit apartments we can possibly create at an affordable price.",1717,Price Per Unit,Yes,"['Air Conditioning', 'Electronic Payments Accepted', 'Internet Available', 'Kitchen', 'Near Bus Route', 'Off-Street Parking Available', 'Wheelchair Accessible']",No Preference,2,2,"['Fall Sublet', 'Graduate', 'Short-Term Housing', 'Spring Sublet', 'Sabbatic Housing', 'Staff/Faculty', 'Summer Sublet', 'Undergraduate']",Rent,42.44918237335368,-76.48343165948843,"{'lat': 42.44918237335368, 'lng': -76.48343165948843}",True,2025-10-30T00:00:00.000Z,True,No,2024-11-11T15:08:08.344Z,2025-10-06T17:26:19.499Z,,"[{'PhotoId': 38241, 'PhotoName': '2bedVS.jpg', 'IsDefault': True, 'AddedDateTime': '2024-11-11T15:09:48.526Z', 'listingId': 5009, 'PhotoUrl': 'https://images.listings.offcampusliving.cornell.edu/listings/5009/2bedVS.jpg', 'SortOrder': None}]",
5021,4244,2026-06-05T00:00:00.000Z,12,111 Osmun Place,1,Ithaca,14850,"Beautiful Historical building. Apartments have hardwood floors, updated tiled kitchens and baths, free laundry and utilities included (heat, water, electricity) saving $100-200/month for each tenant.","This gorgeous 4-bedroom apartment is available June '26 thru May '27 as low as $1050 per person. You will be steps from Collegetown and campus and seconds from the bus stop. Restaurants and bars are right around the corner. This apartment is on one floor with a free dedicated laundry.  Big rooms, high ceilings and hardwood floors are offered in this historic house, and this apartment even has 2 balconies.  ",1050,Price Per Person,No,"['Electricity Included', 'Electronic Payments Accepted', 'Furnished', 'Heat Included', 'Internet Available', 'Kitchen', 'Laundry Facilities', 'Near Bus Route', 'Off-Street Parking Available', 'Water Included']",No Preference,4,1,"['Graduate', 'Undergraduate']",Rent,42.44194963247265,-76.49093706109011,"{'lat': 42.44194963247265, 'lng': -76.49093706109011}",True,2025-11-30T00:00:00.000Z,True,Yes,2024-11-18T22:16:12.733Z,2025-08-30T21:47:24.043Z,111 OSMUN PLACE,"[{'PhotoId': 38352, 'PhotoName': 'IMG-1785.jpg', 'IsDefault': True, 'AddedDateTime': '2024-11-18T22:24:10.811Z', 'listingId': 5021, 'PhotoUrl': 'https://images.listings.offcampusliving.cornell.edu/listings/5021/IMG-1785.jpg', 'SortOrder': 2}, {'PhotoId': 38358, 'PhotoName': 'Osmun Place photo.jpg', 'IsDefault': False, 'AddedDateTime': '2024-11-18T22:28:56.026Z', 'listingId': 5021, 'PhotoUrl': 'https://images.listings.offcampusliving.cornell.edu/listings/5021/Osmun Place photo.jpg', 'SortOrder': 1}, {'PhotoId': 38357, 'PhotoName': 'IMG-1791.jpg', 'IsDefault': False, 'AddedDateTime': '2024-11-18T22:27:23.889Z', 'listingId': 5021, 'PhotoUrl': 'https://images.listings.offcampusliving.cornell.edu/listings/5021/IMG-1791.jpg', 'SortOrder': 3}, {'PhotoId': 38356, 'PhotoName': 'IMG-1790.jpg', 'IsDefault': False, 'AddedDateTime': '2024-11-18T22:27:05.027Z', 'listingId': 5021, 'PhotoUrl': 'https://images.listings.offcampusliving.cornell.edu/listings/5021/IMG-1790.jpg', 'SortOrder': 4}, {'PhotoId': 38354, 'PhotoName': 'IMG-1787.jpg', 'IsDefault': False, 'AddedDateTime': '2024-11-18T22:25:14.963Z', 'listingId': 5021, 'PhotoUrl': 'https://images.listings.offcampusliving.cornell.edu/listings/5021/IMG-1787.jpg', 'SortOrder': 5}, {'PhotoId': 38355, 'PhotoName': 'IMG-1789.jpg', 'IsDefault': False, 'AddedDateTime': '2024-11-18T22:26:52.900Z', 'listingId': 5021, 'PhotoUrl': 'https://images.listings.offcampusliving.cornell.edu/listings/5021/IMG-1789.jpg', 'SortOrder': 6}, {'PhotoId': 38353, 'PhotoName': 'IMG-1786.jpg', 'IsDefault': False, 'AddedDateTime': '2024-11-18T22:25:06.102Z', 'listingId': 5021, 'PhotoUrl': 'https://images.listings.offcampusliving.cornell.edu/listings/5021/IMG-1786.jpg', 'SortOrder': 7}]","{""BuildingAddress"": ""111 OSMUN PLACE"", ""OverallSafetyRating"": 8, ""CategoryScores"": [{""Fire Protection"": 0}, {""Notification Systems"": 0}, {""Emergency Egress"": 0}, {""Applicable Code"": 0}, {""Fire Extinguishers"": 0}, {""Construction Type"": 0}, {""Valid Certificate of Compliance"": 8}], ""OverallSafetyRatingAsPercentage"": 17, ""CategoryScoresAsPercentage"": [{""Fire Protection"": 0}, {""Notification Systems"": 0}, {""Emergency Egress"": 0}, {""Applicable Code"": 0}, {""Fire Extinguishers"": 0}, {""Construction Type"": 0}, {""Valid Certificate of Compliance"": 100}], ""SprinklerType"": [], ""FireExtinguisherCertificateExpiration"": null, ""NotificationSystem"": [{""subCategory"": ""Fire Alarm System"", ""notificationType"": ""Fire Alarm System"", ""notificationSystemCertificateExpiration"": ""2025-04-21""}, {""subCategory"": ""Single Station Smoke Alarm"", ""notificationType"": ""Single Station Smoke Alarm"", ""notificationSystemCertificateExpiration"": ""2025-06-05""}], ""HasValidCertificateOfOccupancy"": true, ""MeetsMinimumRequirements"": false, ""ExceedsRequirements"": false, ""HasFireResistantConstructionType"": false, ""SatisfiesApplicableCode"": false, ""CertificateExpirationDate"": ""2027-07-15T00:00:00.000Z"", ""DateLastUpdated"": ""2025-10-19T07:01:32.000Z""}"
5045,4244,2026-06-05T00:00:00.000Z,12,111 Osmun Place,2,Ithaca,14850,"Beautiful Historical building. Apartments have hardwood floors, updated tile kitchens and baths, free laundry and utilities included (heat, water, electricity) saving $100-200/month for each tenant.","Four apartments are in the building each on a single level with its own dedicated laundry and updated kitchens and bath.  This awesome 5-bedroom apartment is available June '25 thru May '26 as low as $875. Located on Osmun Place steps from Collegetown and campus and seconds from the bus stop. Restaurants and bars are right around the corner. Big rooms, high ceilings in this historic house. ",1050,Price Per Person,No,"['Electricity Included', 'Electronic Payments Accepted', 'Furnished', 'Heat Included', 'Internet Available', 'Kitchen', 'Laundry Facilities', 'Near Bus Route', 'Off-Street Parking Available', 'Water Included']",No Preference,5,1,"['Graduate', 'Undergraduate']",Rent,42.44206943522931,-76.49100746073098,"{'lat': 42.44206943522931, 'lng': -76.49100746073098}",True,2025-11-30T00:00:00.000Z,True,Yes,2024-12-04T19:54:35.776Z,2025-08-30T21:52:19.956Z,111 OSMUN PLACE,"[{'PhotoId': 38509, 'PhotoName': '5 bdr at Osmun kitchen.jpg', 'IsDefault': True, 'AddedDateTime': '2024-12-04T20:01:30.923Z', 'listingId': 5045, 'PhotoUrl': 'https://images.listings.offcampusliving.cornell.edu/listings/5045/5 bdr at Osmun kitchen.jpg', 'SortOrder': 2}, {'PhotoId': 38504, 'PhotoName': 'Osmun Place photo.jpg', 'IsDefault': False, 'AddedDateTime': '2024-12-04T20:00:34.909Z', 'listingId': 5045, 'PhotoUrl': 'https://images.listings.offcampusliving.cornell.edu/listings/5045/Osmun Place photo.jpg', 'SortOrder': 1}, {'PhotoId': 38515, 'PhotoName': '5 bdr at Osmun in kitchen.jpg', 'IsDefault': False, 'AddedDateTime': '2024-12-04T20:13:15.316Z', 'listingId': 5045, 'PhotoUrl': 'https://images.listings.offcampusliving.cornell.edu/listings/5045/5 bdr at Osmun in kitchen.jpg', 'SortOrder': 3}, {'PhotoId': 38514, 'PhotoName': '5 bdr at Osmun in kitchen laundry.jpg', 'IsDefault': False, 'AddedDateTime': '2024-12-04T20:13:09.871Z', 'listingId': 5045, 'PhotoUrl': 'https://images.listings.offcampusliving.cornell.edu/listings/5045/5 bdr at Osmun in kitchen laundry.jpg', 'SortOrder': 5}, {'PhotoId': 38512, 'PhotoName': '5 bdr at Osmun bathroom.jpg', 'IsDefault': False, 'AddedDateTime': '2024-12-04T20:12:59.600Z', 'listingId': 5045, 'PhotoUrl': 'https://images.listings.offcampusliving.cornell.edu/listings/5045/5 bdr at Osmun bathroom.jpg', 'SortOrder': 6}, {'PhotoId': 38513, 'PhotoName': '5 bdr at Osmun in bathroom.jpg', 'IsDefault': False, 'AddedDateTime': '2024-12-04T20:13:04.710Z', 'listingId': 5045, 'PhotoUrl': 'https://images.listings.offcampusliving.cornell.edu/listings/5045/5 bdr at Osmun in bathroom.jpg', 'SortOrder': 7}, {'PhotoId': 38516, 'PhotoName': '5 bdr at Osmun in lvg rm.jpg', 'IsDefault': False, 'AddedDateTime': '2024-12-04T20:13:27.676Z', 'listingId': 5045, 'PhotoUrl': 'https://images.listings.offcampusliving.cornell.edu/listings/5045/5 bdr at Osmun in lvg rm.jpg', 'SortOrder': 8}, {'PhotoId': 38519, 'PhotoName': 'Balcony.jpg', 'IsDefault': False, 'AddedDateTime': '2024-12-04T20:13:48.838Z', 'listingId': 5045, 'PhotoUrl': 'https://images.listings.offcampusliving.cornell.edu/listings/5045/Balcony.jpg', 'SortOrder': 9}]","{""BuildingAddress"": ""111 OSMUN PLACE"", ""OverallSafetyRating"": 8, ""CategoryScores"": [{""Fire Protection"": 0}, {""Notification Systems"": 0}, {""Emergency Egress"": 0}, {""Applicable Code"": 0}, {""Fire Extinguishers"": 0}, {""Construction Type"": 0}, {""Valid Certificate of Compliance"": 8}], ""OverallSafetyRatingAsPercentage"": 17, ""CategoryScoresAsPercentage"": [{""Fire Protection"": 0}, {""Notification Systems"": 0}, {""Emergency Egress"": 0}, {""Applicable Code"": 0}, {""Fire Extinguishers"": 0}, {""Construction Type"": 0}, {""Valid Certificate of Compliance"": 100}], ""SprinklerType"": [], ""FireExtinguisherCertificateExpiration"": null, ""NotificationSystem"": [{""subCategory"": ""Fire Alarm System"", ""notificationType"": ""Fire Alarm System"", ""notificationSystemCertificateExpiration"": ""2025-04-21""}, {""subCategory"": ""Single Station Smoke Alarm"", ""notificationType"": ""Single Station Smoke Alarm"", ""notificationSystemCertificateExpiration"": ""2025-06-05""}], ""HasValidCertificateOfOccupancy"": true, ""MeetsMinimumRequirements"": false, ""ExceedsRequirements"": false, ""HasFireResistantConstructionType"": false, ""SatisfiesApplicableCode"": false, ""CertificateExpirationDate"": ""2027-07-15T00:00:00.000Z"", ""DateLastUpdated"": ""2025-10-19T07:01:32.000Z""}"
5046,4244,2026-07-05T00:00:00.000Z,12,111 Osmun Place,3,Ithaca,14850,"Beautiful Historical building. Apartments have hardwood floors, updated tiled kitchens and baths, free laundry and utilities included (heat, water, electricity) saving $100-200/month for each tenant.","Four apartments are in the building each on a single level with its own dedicated laundry and updated kitchens and bath.  This unique 6-bedroom apartment is available June '25 thru May '26 as low as $825. Located on Osmun Place steps from Collegetown and campus and seconds from the bus stop. Restaurants and bars are right around the corner. Big rooms, high ceilings in this historic house. ",875,Price Per Person,No,"['Electricity Included', 'Electronic Payments Accepted', 'Furnished', 'Heat Included', 'Internet Available', 'Kitchen', 'Laundry Facilities', 'Near Bus Route', 'Off-Street Parking Available', 'Water Included']",No Preference,6,1,"['Graduate', 'Undergraduate']",Rent,42.44193915666827,-76.49049742088255,"{'lat': 42.44193915666827, 'lng': -76.49049742088255}",True,2025-11-30T00:00:00.000Z,True,Yes,2024-12-04T20:17:45.601Z,2025-08-30T22:02:59.399Z,111 OSMUN PLACE,"[{'PhotoId': 38528, 'PhotoName': 'livingroom.jpg', 'IsDefault': True, 'AddedDateTime': '2024-12-04T20:21:57.974Z', 'listingId': 5046, 'PhotoUrl': 'https://images.listings.offcampusliving.cornell.edu/listings/5046/livingroom.jpg', 'SortOrder': 1}, {'PhotoId': 38530, 'PhotoName': 'Osmun Place photo.jpg', 'IsDefault': False, 'AddedDateTime': '2024-12-04T20:22:13.833Z', 'listingId': 5046, 'PhotoUrl': 'https://images.listings.offcampusliving.cornell.edu/listings/5046/Osmun Place photo.jpg', 'SortOrder': 2}, {'PhotoId': 38526, 'PhotoName': 'kitchen.jpg', 'IsDefault': False, 'AddedDateTime': '2024-12-04T20:21:46.263Z', 'listingId': 5046, 'PhotoUrl': 'https://images.listings.offcampusliving.cornell.edu/listings/5046/kitchen.jpg', 'SortOrder': 3}, {'PhotoId': 38525, 'PhotoName': 'kitchen living.jpg', 'IsDefault': False, 'AddedDateTime': '2024-12-04T20:21:32.356Z', 'listingId': 5046, 'PhotoUrl': 'https://images.listings.offcampusliving.cornell.edu/listings/5046/kitchen living.jpg', 'SortOrder': 4}, {'PhotoId': 38527, 'PhotoName': 'laundry.jpg', 'IsDefault': False, 'AddedDateTime': '2024-12-04T20:21:52.425Z', 'listingId': 5046, 'PhotoUrl': 'https://images.listings.offcampusliving.cornell.edu/listings/5046/laundry.jpg', 'SortOrder': 5}, {'PhotoId': 38521, 'PhotoName': 'Bedroom 3.jpg', 'IsDefault': False, 'AddedDateTime': '2024-12-04T20:21:07.309Z', 'listingId': 5046, 'PhotoUrl': 'https://images.listings.offcampusliving.cornell.edu/listings/5046/Bedroom 3.jpg', 'SortOrder': 6}, {'PhotoId': 38522, 'PhotoName': 'Bedroom 4.jpg', 'IsDefault': False, 'AddedDateTime': '2024-12-04T20:21:14.469Z', 'listingId': 5046, 'PhotoUrl': 'https://images.listings.offcampusliving.cornell.edu/listings/5046/Bedroom 4.jpg', 'SortOrder': 7}, {'PhotoId': 38523, 'PhotoName': 'Bedroom 5.jpg', 'IsDefault': False, 'AddedDateTime': '2024-12-04T20:21:20.112Z', 'listingId': 5046, 'PhotoUrl': 'https://images.listings.offcampusliving.cornell.edu/listings/5046/Bedroom 5.jpg', 'SortOrder': 8}, {'PhotoId': 38524, 'PhotoName': 'Bedroom 6.jpg', 'IsDefault': False, 'AddedDateTime': '2024-12-04T20:21:26.775Z', 'listingId': 5046, 'PhotoUrl': 'https://images.listings.offcampusliving.cornell.edu/listings/5046/Bedroom 6.jpg', 'SortOrder': 9}, {'PhotoId': 38520, 'PhotoName': 'Bedroom 1.jpg', 'IsDefault': False, 'AddedDateTime': '2024-12-04T20:20:48.278Z', 'listingId': 5046, 'PhotoUrl': 'https://images.listings.offcampusliving.cornell.edu/listings/5046/Bedroom 1.jpg', 'SortOrder': 10}]","{""BuildingAddress"": ""111 OSMUN PLACE"", ""OverallSafetyRating"": 8, ""CategoryScores"": [{""Fire Protection"": 0}, {""Notification Systems"": 0}, {""Emergency Egress"": 0}, {""Applicable Code"": 0}, {""Fire Extinguishers"": 0}, {""Construction Type"": 0}, {""Valid Certificate of Compliance"": 8}], ""OverallSafetyRatingAsPercentage"": 17, ""CategoryScoresAsPercentage"": [{""Fire Protection"": 0}, {""Notification Systems"": 0}, {""Emergency Egress"": 0}, {""Applicable Code"": 0}, {""Fire Extinguishers"": 0}, {""Construction Type"": 0}, {""Valid Certificate of Compliance"": 100}], ""SprinklerType"": [], ""FireExtinguisherCertificateExpiration"": null, ""NotificationSystem"": [{""subCategory"": ""Fire Alarm System"", ""notificationType"": ""Fire Alarm System"", ""notificationSystemCertificateExpiration"": ""2025-04-21""}, {""subCategory"": ""Single Station Smoke Alarm"", ""notificationType"": ""Single Station Smoke Alarm"", ""notificationSystemCertificateExpiration"": ""2025-06-05""}], ""HasValidCertificateOfOccupancy"": true, ""MeetsMinimumRequirements"": false, ""ExceedsRequirements"": false, ""HasFireResistantConstructionType"": false, ""SatisfiesApplicableCode"": false, ""CertificateExpirationDate"": ""2027-07-15T00:00:00.000Z"", ""DateLastUpdated"": ""2025-10-19T07:01:32.000Z""}"
5047,4244,2026-06-05T00:00:00.000Z,12,111 Osmun Place,4,Ithaca,14850,"Beautiful Historical building. Apartments have hardwood floors, updated tiled kitchens and baths, free laundry and utilities included (heat, water, electricity) saving $100-200/month for each tenant.","Four apartments are in the building with each apartment on its own single level with its own dedicated laundry and updated kitchens and bath.  This great 3-bedroom apartment is available June '25 thru May '26 as low as $875. Located on Osmun Place, steps from Collegetown and campus and seconds from the bus stop. Restaurants and bars are right around the corner. This historic house's feature large bedrooms.",1050,Price Per Person,No,"['Electricity Included', 'Electronic Payments Accepted', 'Furnished', 'Heat Included', 'Internet Available', 'Kitchen', 'Laundry Facilities', 'Near Bus Route', 'Off-Street Parking Available', 'Water Included']",No Preference,3,1,"['Graduate', 'Undergraduate']",Rent,42.44209185702093,-76.49084679645026,"{'lat': 42.44209185702093, 'lng': -76.49084679645026}",True,2025-11-30T00:00:00.000Z,True,Yes,2024-12-04T20:32:22.319Z,2025-08-30T21:58:42.774Z,111 OSMUN PLACE,"[{'PhotoId': 38536, 'PhotoName': 'kitchen with white cabinets.jpg', 'IsDefault': True, 'AddedDateTime': '2024-12-04T20:35:23.654Z', 'listingId': 5047, 'PhotoUrl': 'https://images.listings.offcampusliving.cornell.edu/listings/5047/kitchen with white cabinets.jpg', 'SortOrder': 1}, {'PhotoId': 38537, 'PhotoName': 'livingroom.jpg', 'IsDefault': False, 'AddedDateTime': '2024-12-04T20:35:32.778Z', 'listingId': 5047, 'PhotoUrl': 'https://images.listings.offcampusliving.cornell.edu/listings/5047/livingroom.jpg', 'SortOrder': 2}, {'PhotoId': 38533, 'PhotoName': 'Bathroom Apt 4.JPG', 'IsDefault': False, 'AddedDateTime': '2024-12-04T20:35:04.448Z', 'listingId': 5047, 'PhotoUrl': 'https://images.listings.offcampusliving.cornell.edu/listings/5047/Bathroom Apt 4.JPG', 'SortOrder': 3}, {'PhotoId': 38532, 'PhotoName': 'bath with washer dryer.jpg', 'IsDefault': False, 'AddedDateTime': '2024-12-04T20:34:59.406Z', 'listingId': 5047, 'PhotoUrl': 'https://images.listings.offcampusliving.cornell.edu/listings/5047/bath with washer dryer.jpg', 'SortOrder': 4}, {'PhotoId': 38534, 'PhotoName': 'bedroom apt 4b.JPG', 'IsDefault': False, 'AddedDateTime': '2024-12-04T20:35:11.170Z', 'listingId': 5047, 'PhotoUrl': 'https://images.listings.offcampusliving.cornell.edu/listings/5047/bedroom apt 4b.JPG', 'SortOrder': 5}, {'PhotoId': 38531, 'PhotoName': 'Osmun Place photo.jpg', 'IsDefault': False, 'AddedDateTime': '2024-12-04T20:34:43.303Z', 'listingId': 5047, 'PhotoUrl': 'https://images.listings.offcampusliving.cornell.edu/listings/5047/Osmun Place photo.jpg', 'SortOrder': 6}]","{""BuildingAddress"": ""111 OSMUN PLACE"", ""OverallSafetyRating"": 8, ""CategoryScores"": [{""Fire Protection"": 0}, {""Notification Systems"": 0}, {""Emergency Egress"": 0}, {""Applicable Code"": 0}, {""Fire Extinguishers"": 0}, {""Construction Type"": 0}, {""Valid Certificate of Compliance"": 8}], ""OverallSafetyRatingAsPercentage"": 17, ""CategoryScoresAsPercentage"": [{""Fire Protection"": 0}, {""Notification Systems"": 0}, {""Emergency Egress"": 0}, {""Applicable Code"": 0}, {""Fire Extinguishers"": 0}, {""Construction Type"": 0}, {""Valid Certificate of Compliance"": 100}], ""SprinklerType"": [], ""FireExtinguisherCertificateExpiration"": null, ""NotificationSystem"": [{""subCategory"": ""Fire Alarm System"", ""notificationType"": ""Fire Alarm System"", ""notificationSystemCertificateExpiration"": ""2025-04-21""}, {""subCategory"": ""Single Station Smoke Alarm"", ""notificationType"": ""Single Station Smoke Alarm"", ""notificationSystemCertificateExpiration"": ""2025-06-05""}], ""HasValidCertificateOfOccupancy"": true, ""MeetsMinimumRequirements"": false, ""ExceedsRequirements"": false, ""HasFireResistantConstructionType"": false, ""SatisfiesApplicableCode"": false, ""CertificateExpirationDate"": ""2027-07-15T00:00:00.000Z"", ""DateLastUpdated"": ""2025-10-19T07:01:32.000Z""}"
5048,4244,2026-01-01T00:00:00.000Z,6,111 Osmun Place,3,Ithaca,14850,"Beautiful Historical building. Apartments have hardwood floors, updated tiled kitchens and baths, free laundry and utilities included (heat, water, electricity) saving $100-200/month for each tenant.","Four apartments are in the building each on a single level with its own dedicated laundry and updated kitchens and bath.  This awesome 6-bedroom apartment is available by the room now thru May '25 as low as $750. Located on Osmun Place steps from Collegetown and campus and seconds from the bus stop. Restaurants and bars are right around the corner. Big rooms, high ceilings in this historic house. ",750,Price Per Person,No,"['Electricity Included', 'Electronic Payments Accepted', 'Furnished', 'Heat Included', 'Internet Available', 'Kitchen', 'Laundry Facilities', 'Near Bus Route', 'Off-Street Parking Available', 'Water Included']",No Preference,1,1,"['Graduate', 'Sabbatic Housing', 'Short-Term Housing', 'Spring Sublet', 'Undergraduate', 'Summer Sublet']",Rent,42.44169831554674,-76.49053019512142,"{'lat': 42.44169831554674, 'lng': -76.49053019512142}",True,2025-12-30T00:00:00.000Z,True,Yes,2024-12-04T20:41:10.627Z,2025-08-30T22:08:33.919Z,111 OSMUN PLACE,"[{'PhotoId': 38550, 'PhotoName': 'kitchen.jpg', 'IsDefault': True, 'AddedDateTime': '2024-12-04T20:45:41.845Z', 'listingId': 5048, 'PhotoUrl': 'https://images.listings.offcampusliving.cornell.edu/listings/5048/kitchen.jpg', 'SortOrder': 1}, {'PhotoId': 38544, 'PhotoName': 'kitchen living.jpg', 'IsDefault': False, 'AddedDateTime': '2024-12-04T20:44:43.082Z', 'listingId': 5048, 'PhotoUrl': 'https://images.listings.offcampusliving.cornell.edu/listings/5048/kitchen living.jpg', 'SortOrder': 2}, {'PhotoId': 38552, 'PhotoName': 'livingroom.jpg', 'IsDefault': False, 'AddedDateTime': '2024-12-04T20:45:55.128Z', 'listingId': 5048, 'PhotoUrl': 'https://images.listings.offcampusliving.cornell.edu/listings/5048/livingroom.jpg', 'SortOrder': 3}, {'PhotoId': 38551, 'PhotoName': 'laundry.jpg', 'IsDefault': False, 'AddedDateTime': '2024-12-04T20:45:49.077Z', 'listingId': 5048, 'PhotoUrl': 'https://images.listings.offcampusliving.cornell.edu/listings/5048/laundry.jpg', 'SortOrder': 4}, {'PhotoId': 38548, 'PhotoName': 'Bedroom 5.jpg', 'IsDefault': False, 'AddedDateTime': '2024-12-04T20:45:16.007Z', 'listingId': 5048, 'PhotoUrl': 'https://images.listings.offcampusliving.cornell.edu/listings/5048/Bedroom 5.jpg', 'SortOrder': 5}, {'PhotoId': 38546, 'PhotoName': 'Bedroom 3.jpg', 'IsDefault': False, 'AddedDateTime': '2024-12-04T20:45:05.669Z', 'listingId': 5048, 'PhotoUrl': 'https://images.listings.offcampusliving.cornell.edu/listings/5048/Bedroom 3.jpg', 'SortOrder': 6}, {'PhotoId': 38547, 'PhotoName': 'Bedroom 4.jpg', 'IsDefault': False, 'AddedDateTime': '2024-12-04T20:45:10.095Z', 'listingId': 5048, 'PhotoUrl': 'https://images.listings.offcampusliving.cornell.edu/listings/5048/Bedroom 4.jpg', 'SortOrder': 7}, {'PhotoId': 38549, 'PhotoName': 'Bedroom 6.jpg', 'IsDefault': False, 'AddedDateTime': '2024-12-04T20:45:25.419Z', 'listingId': 5048, 'PhotoUrl': 'https://images.listings.offcampusliving.cornell.edu/listings/5048/Bedroom 6.jpg', 'SortOrder': 8}, {'PhotoId': 38545, 'PhotoName': 'Bedroom 1.jpg', 'IsDefault': False, 'AddedDateTime': '2024-12-04T20:45:01.065Z', 'listingId': 5048, 'PhotoUrl': 'https://images.listings.offcampusliving.cornell.edu/listings/5048/Bedroom 1.jpg', 'SortOrder': 9}, {'PhotoId': 38543, 'PhotoName': 'Osmun Place photo.jpg', 'IsDefault': False, 'AddedDateTime': '2024-12-04T20:44:22.953Z', 'listingId': 5048, 'PhotoUrl': 'https://images.listings.offcampusliving.cornell.edu/listings/5048/Osmun Place photo.jpg', 'SortOrder': 10}]","{""BuildingAddress"": ""111 OSMUN PLACE"", ""OverallSafetyRating"": 8, ""CategoryScores"": [{""Fire Protection"": 0}, {""Notification Systems"": 0}, {""Emergency Egress"": 0}, {""Applicable Code"": 0}, {""Fire Extinguishers"": 0}, {""Construction Type"": 0}, {""Valid Certificate of Compliance"": 8}], ""OverallSafetyRatingAsPercentage"": 17, ""CategoryScoresAsPercentage"": [{""Fire Protection"": 0}, {""Notification Systems"": 0}, {""Emergency Egress"": 0}, {""Applicable Code"": 0}, {""Fire Extinguishers"": 0}, {""Construction Type"": 0}, {""Valid Certificate of Compliance"": 100}], ""SprinklerType"": [], ""FireExtinguisherCertificateExpiration"": null, ""NotificationSystem"": [{""subCategory"": ""Fire Alarm System"", ""notificationType"": ""Fire Alarm System"", ""notificationSystemCertificateExpiration"": ""2025-04-21""}, {""subCategory"": ""Single Station Smoke Alarm"", ""notificationType"": ""Single Station Smoke Alarm"", ""notificationSystemCertificateExpiration"": ""2025-06-05""}], ""HasValidCertificateOfOccupancy"": true, ""MeetsMinimumRequirements"": false, ""ExceedsRequirements"": false, ""HasFireResistantConstructionType"": false, ""SatisfiesApplicableCode"": false, ""CertificateExpirationDate"": ""2027-07-15T00:00:00.000Z"", ""DateLastUpdated"": ""2025-10-19T07:01:32.000Z""}"
5089,4300,2026-01-01T00:00:00.000Z,12,137 Coddington Road,Lower unit,Ithaca,14850,"Available for Spring 2026
Includes utilities and internet, with a small electricity charge. Furnished, shared kitchen and living room with students. Pets allowed with deposit.","Available for Spring 2026
It’s just a quick 5-minute drive to Cornell and conveniently located near the bus stop. Rent included utilities, internet, and trash collection—just a small electricity charge applies. Pets are warmly welcomed with a deposit! Features furnished bedrooms, a spacious kitchen, a large living room, and a lovely backyard. You’ll share the space with fellow students, creating a friendly atmosphere. Plus, free street parking is available!",630,Price Per Person,Yes,"['Electronic Payments Accepted', 'Furnished', 'Heat Included', 'Internet Included', 'Kitchen', 'Near Bus Route', 'Off-Street Parking Available', 'Water Included', 'Wheelchair Accessible', 'Air Conditioning', 'Off-Street Parking Included', 'Internet Available', 'Permitted Street Parking Available']",No Preference,3,1,"['Spring Sublet', 'Short-Term Housing', 'Summer Sublet', 'Undergraduate', 'Graduate', 'Sabbatic Housing', 'Staff/Faculty', 'Commencement', 'Fall Sublet']",Room to Rent,42.4299694011364,-76.49355612856169,"{'lat': 42.4299694011364, 'lng': -76.49355612856169}",True,2028-12-22T00:00:00.000Z,True,Yes,2024-12-22T22:56:45.309Z,2025-07-16T21:00:19.922Z,137 CODDINGTON ROAD,"[{'PhotoId': 38661, 'PhotoName': '462579682_563870149802048_124511597434228775_n.jpg', 'IsDefault': True, 'AddedDateTime': '2024-12-22T23:03:32.141Z', 'listingId': 5089, 'PhotoUrl': 'https://images.listings.offcampusliving.cornell.edu/listings/5089/462579682_563870149802048_124511597434228775_n.jpg', 'SortOrder': None}, {'PhotoId': 38660, 'PhotoName': '462579210_1603986817144107_7704263733648424163_n.jpg', 'IsDefault': False, 'AddedDateTime': '2024-12-22T23:03:31.753Z', 'listingId': 5089, 'PhotoUrl': 'https://images.listings.offcampusliving.cornell.edu/listings/5089/462579210_1603986817144107_7704263733648424163_n.jpg', 'SortOrder': None}, {'PhotoId': 38662, 'PhotoName': '462547081_1344017343428022_7474626383016826516_n.jpg', 'IsDefault': False, 'AddedDateTime': '2024-12-22T23:03:32.358Z', 'listingId': 5089, 'PhotoUrl': 'https://images.listings.offcampusliving.cornell.edu/listings/5089/462547081_1344017343428022_7474626383016826516_n.jpg', 'SortOrder': None}, {'PhotoId': 38663, 'PhotoName': '462574385_939271134427100_4010801170698732076_n.jpg', 'IsDefault': False, 'AddedDateTime': '2024-12-22T23:03:32.634Z', 'listingId': 5089, 'PhotoUrl': 'https://images.listings.offcampusliving.cornell.edu/listings/5089/462574385_939271134427100_4010801170698732076_n.jpg', 'SortOrder': None}, {'PhotoId': 38664, 'PhotoName': '462581481_8913937388700648_39887019081282366_n.jpg', 'IsDefault': False, 'AddedDateTime': '2024-12-22T23:03:32.892Z', 'listingId': 5089, 'PhotoUrl': 'https://images.listings.offcampusliving.cornell.edu/listings/5089/462581481_8913937388700648_39887019081282366_n.jpg', 'SortOrder': None}, {'PhotoId': 38665, 'PhotoName': '462583232_1297044128212242_1952780764745556797_n.jpg', 'IsDefault': False, 'AddedDateTime': '2024-12-22T23:03:33.303Z', 'listingId': 5089, 'PhotoUrl': 'https://images.listings.offcampusliving.cornell.edu/listings/5089/462583232_1297044128212242_1952780764745556797_n.jpg', 'SortOrder': None}, {'PhotoId': 40368, 'PhotoName': 'IMG_0814.jpeg', 'IsDefault': False, 'AddedDateTime': '2025-04-20T03:37:00.038Z', 'listingId': 5089, 'PhotoUrl': 'https://images.listings.offcampusliving.cornell.edu/listings/5089/IMG_0814.jpeg', 'SortOrder': None}, {'PhotoId': 41507, 'PhotoName': '137 Layout.jpg', 'IsDefault': False, 'AddedDateTime': '2025-06-12T04:29:39.440Z', 'listingId': 5089, 'PhotoUrl': 'https://images.listings.offcampusliving.cornell.edu/listings/5089/137 Layout.jpg', 'SortOrder': None}]","{""BuildingAddress"": ""137 CODDINGTON ROAD"", ""OverallSafetyRating"": 9, ""CategoryScores"": [{""Fire Protection"": 0}, {""Notification Systems"": 1}, {""Emergency Egress"": 0}, {""Applicable Code"": 0}, {""Fire Extinguishers"": 0}, {""Construction Type"": 0}, {""Valid Certificate of Compliance"": 8}], ""OverallSafetyRatingAsPercentage"": 19, ""CategoryScoresAsPercentage"": [{""Fire Protection"": 0}, {""Notification Systems"": 16}, {""Emergency Egress"": 0}, {""Applicable Code"": 0}, {""Fire Extinguishers"": 0}, {""Construction Type"": 0}, {""Valid Certificate of Compliance"": 100}], ""SprinklerType"": [], ""FireExtinguisherCertificateExpiration"": ""2024-12-31T00:00:00.000Z"", ""NotificationSystem"": [{""subCategory"": ""Single Station Smoke Alarm"", ""notificationType"": ""Single Station Smoke Alarm"", ""notificationSystemCertificateExpiration"": ""2025-10-24""}], ""HasValidCertificateOfOccupancy"": true, ""MeetsMinimumRequirements"": true, ""ExceedsRequirements"": false, ""HasFireResistantConstructionType"": false, ""SatisfiesApplicableCode"": false, ""CertificateExpirationDate"": ""2029-11-07T00:00:00.000Z"", ""DateLastUpdated"": ""2025-10-19T07:01:38.000Z""}"
5119,4325,2025-08-10T00:00:00.000Z,6,118 College Avenue,401,Ithaca,14850,"Fall 2025 Sublet - $1300/month
Single Bedroom in a 6 Bedroom 2 Bathroom Unit
118 College Avenue Unit 401 (Collegetown)","Hi, I'm looking for someone to sublease my room in a 6 bedroom 2 bathroom apartment in Collegetown for Fall 2025 Semester with 5 upperclassmen male housemates.

- Utilities Included (electricity/gas/water/wifi)
- Fully Furnished (including 2 living room couches and TV, full size bed, desk, chair, and drawers)
- Washer/Dryer in Unit 
- Spacious Well-Lit Living Room
- Modern Kitchen (with a dishwasher)
- Private Balcony
- Street Parking or Paid Lot Parking

Contact me for more information!",1300,Price Per Person,Yes,"['Off-Street Parking Available', 'Air Conditioning', 'Electricity Included', 'Electronic Payments Accepted', 'Furnished', 'Heat Included', 'Internet Included', 'Kitchen', 'Laundry Facilities', 'Permitted Street Parking Available', 'Near Bus Route']",Male,6,2,"['Undergraduate', 'Fall Sublet']",Room to Rent,42.43859941413149,-76.48530185781097,"{'lat': 42.43859941413149, 'lng': -76.48530185781097}",True,2025-10-29T00:00:00.000Z,True,Yes,2025-01-29T05:59:52.992Z,2025-01-29T06:03:47.807Z,118 COLLEGE AVENUE,"[{'PhotoId': 39016, 'PhotoName': 'Screenshot 2025-01-29 at 1.08.11â\x80¯AM.png', 'IsDefault': True, 'AddedDateTime': '2025-01-29T06:13:10.778Z', 'listingId': 5119, 'PhotoUrl': 'https://images.listings.offcampusliving.cornell.edu/listings/5119/Screenshot 2025-01-29 at 1.08.11â\x80¯AM.png', 'SortOrder': None}, {'PhotoId': 39017, 'PhotoName': 'Screenshot 2025-01-29 at 1.08.30â\x80¯AM.png', 'IsDefault': False, 'AddedDateTime': '2025-01-29T06:13:11.717Z', 'listingId': 5119, 'PhotoUrl': 'https://images.listings.offcampusliving.cornell.edu/listings/5119/Screenshot 2025-01-29 at 1.08.30â\x80¯AM.png', 'SortOrder': None}, {'PhotoId': 39018, 'PhotoName': 'Screenshot 2025-01-29 at 1.08.59â\x80¯AM.png', 'IsDefault': False, 'AddedDateTime': '2025-01-29T06:13:12.352Z', 'listingId': 5119, 'PhotoUrl': 'https://images.listings.offcampusliving.cornell.edu/listings/5119/Screenshot 2025-01-29 at 1.08.59â\x80¯AM.png', 'SortOrder': None}, {'PhotoId': 39019, 'PhotoName': 'Screenshot 2025-01-29 at 1.09.19â\x80¯AM.png', 'IsDefault': False, 'AddedDateTime': '2025-01-29T06:13:13.370Z', 'listingId': 5119, 'PhotoUrl': 'https://images.listings.offcampusliving.cornell.edu/listings/5119/Screenshot 2025-01-29 at 1.09.19â\x80¯AM.png', 'SortOrder': None}, {'PhotoId': 39020, 'PhotoName': 'Screenshot 2025-01-29 at 1.08.41â\x80¯AM.png', 'IsDefault': False, 'AddedDateTime': '2025-01-29T06:13:14.343Z', 'listingId': 5119, 'PhotoUrl': 'https://images.listings.offcampusliving.cornell.edu/listings/5119/Screenshot 2025-01-29 at 1.08.41â\x80¯AM.png', 'SortOrder': None}, {'PhotoId': 39021, 'PhotoName': 'Screenshot 2025-01-29 at 1.09.09â\x80¯AM.png', 'IsDefault': False, 'AddedDateTime': '2025-01-29T06:13:15.377Z', 'listingId': 5119, 'PhotoUrl': 'https://images.listings.offcampusliving.cornell.edu/listings/5119/Screenshot 2025-01-29 at 1.09.09â\x80¯AM.png', 'SortOrder': None}, {'PhotoId': 39022, 'PhotoName': 'Screenshot 2025-01-29 at 1.09.28â\x80¯AM.png', 'IsDefault': False, 'AddedDateTime': '2025-01-29T06:13:16.525Z', 'listingId': 5119, 'PhotoUrl': 'https://images.listings.offcampusliving.cornell.edu/listings/5119/Screenshot 2025-01-29 at 1.09.28â\x80¯AM.png', 'SortOrder': None}, {'PhotoId': 39023, 'PhotoName': 'Screenshot 2025-01-29 at 1.10.31â\x80¯AM.png', 'IsDefault': False, 'AddedDateTime': '2025-01-29T06:13:17.106Z', 'listingId': 5119, 'PhotoUrl': 'https://images.listings.offcampusliving.cornell.edu/listings/5119/Screenshot 2025-01-29 at 1.10.31â\x80¯AM.png', 'SortOrder': None}]","{""BuildingAddress"": ""118 COLLEGE AVENUE"", ""OverallSafetyRating"": 16, ""CategoryScores"": [{""Fire Protection"": 0}, {""Notification Systems"": 2}, {""Emergency Egress"": 0}, {""Applicable Code"": 6}, {""Fire Extinguishers"": 0}, {""Construction Type"": 0}, {""Valid Certificate of Compliance"": 8}], ""OverallSafetyRatingAsPercentage"": 34, ""CategoryScoresAsPercentage"": [{""Fire Protection"": 0}, {""Notification Systems"": 33}, {""Emergency Egress"": 0}, {""Applicable Code"": 100}, {""Fire Extinguishers"": 0}, {""Construction Type"": 0}, {""Valid Certificate of Compliance"": 100}], ""SprinklerType"": [{""sprinklerType"": ""NFPA 13 Sprinkler System"", ""sprinklerCertificateExpiration"": ""2024-02-19""}], ""FireExtinguisherCertificateExpiration"": ""2024-08-10T00:00:00.000Z"", ""NotificationSystem"": [{""subCategory"": ""Fire Alarm System"", ""notificationType"": ""Fire Alarm System"", ""notificationSystemCertificateExpiration"": ""2024-08-10""}, {""subCategory"": ""CO Detector"", ""notificationType"": ""CO Detector"", ""notificationSystemCertificateExpiration"": ""auto""}], ""HasValidCertificateOfOccupancy"": true, ""MeetsMinimumRequirements"": false, ""ExceedsRequirements"": false, ""HasFireResistantConstructionType"": false, ""SatisfiesApplicableCode"": true, ""CertificateExpirationDate"": ""2027-01-11T00:00:00.000Z"", ""DateLastUpdated"": ""2025-10-19T07:01:34.000Z""}"
5125,3083,2026-08-01T00:00:00.000Z,12,709 Stewart Avenue,,Ithaca,14850," Campus Hill Apartments - Two Bedroom Apartments for 2026-2027 - Prices Range from $2,000.00 to $2,300.00 Per Month!","We have the following for rent for 26-27:

A19 - Move In: 8/21/26 - $2,300

A26 - Move In: 8/14/26 - $2,300

A18 - Move In: 8/1/26 - $2,000

A25 - Move In: 8/21/26 - $2,200

A24 - Move In: 8/22/26 - $2,300

Included in the rent: WiFi/Cable, Garbage/Recycling, Furniture Package, water/sewer.

Website: https://kimballresidents.managebuilding.com/Resident/public/rentals. ",2000,Price Per Unit,No,"['Electronic Payments Accepted', 'Furnished', 'Internet Included', 'Kitchen', 'Laundry Facilities', 'Near Bus Route', 'Off-Street Parking Available', 'Water Included']",No Preference,2,1,"['Undergraduate', 'Graduate']",Rent,42.45044644181601,-76.48999614182412,"{'lat': 42.45044644181601, 'lng': -76.48999614182412}",True,2026-02-01T00:00:00.000Z,True,Yes,2025-02-05T16:23:59.806Z,2025-10-02T13:22:22.841Z,709 STEWART AVENUE,"[{'PhotoId': 39128, 'PhotoName': 'DSC00533.JPG', 'IsDefault': True, 'AddedDateTime': '2025-02-05T17:23:29.959Z', 'listingId': 5125, 'PhotoUrl': 'https://images.listings.offcampusliving.cornell.edu/listings/5125/DSC00533.JPG', 'SortOrder': 1}, {'PhotoId': 39129, 'PhotoName': 'DSC00572.JPG', 'IsDefault': False, 'AddedDateTime': '2025-02-05T17:23:35.799Z', 'listingId': 5125, 'PhotoUrl': 'https://images.listings.offcampusliving.cornell.edu/listings/5125/DSC00572.JPG', 'SortOrder': 3}, {'PhotoId': 39109, 'PhotoName': '396507513_845021247318092_7935763884314686797_n.jpg', 'IsDefault': False, 'AddedDateTime': '2025-02-05T16:34:24.175Z', 'listingId': 5125, 'PhotoUrl': 'https://images.listings.offcampusliving.cornell.edu/listings/5125/396507513_845021247318092_7935763884314686797_n.jpg', 'SortOrder': 4}, {'PhotoId': 39107, 'PhotoName': '395573241_306617708977586_4666331656637398663_n.jpg', 'IsDefault': False, 'AddedDateTime': '2025-02-05T16:34:11.751Z', 'listingId': 5125, 'PhotoUrl': 'https://images.listings.offcampusliving.cornell.edu/listings/5125/395573241_306617708977586_4666331656637398663_n.jpg', 'SortOrder': 5}, {'PhotoId': 39104, 'PhotoName': '384545904_855279442715069_9000916510134295415_n.jpg', 'IsDefault': False, 'AddedDateTime': '2025-02-05T16:33:51.613Z', 'listingId': 5125, 'PhotoUrl': 'https://images.listings.offcampusliving.cornell.edu/listings/5125/384545904_855279442715069_9000916510134295415_n.jpg', 'SortOrder': 6}, {'PhotoId': 39110, 'PhotoName': '396566010_633159852320824_7035255168999157439_n.jpg', 'IsDefault': False, 'AddedDateTime': '2025-02-05T16:34:32.708Z', 'listingId': 5125, 'PhotoUrl': 'https://images.listings.offcampusliving.cornell.edu/listings/5125/396566010_633159852320824_7035255168999157439_n.jpg', 'SortOrder': 7}, {'PhotoId': 39112, 'PhotoName': 'A19kitchen.jpeg', 'IsDefault': False, 'AddedDateTime': '2025-02-05T16:34:46.599Z', 'listingId': 5125, 'PhotoUrl': 'https://images.listings.offcampusliving.cornell.edu/listings/5125/A19kitchen.jpeg', 'SortOrder': 8}, {'PhotoId': 39103, 'PhotoName': '335016762_6136557376406633_2875376455508195411_n.jpg', 'IsDefault': False, 'AddedDateTime': '2025-02-05T16:33:45.016Z', 'listingId': 5125, 'PhotoUrl': 'https://images.listings.offcampusliving.cornell.edu/listings/5125/335016762_6136557376406633_2875376455508195411_n.jpg', 'SortOrder': 9}, {'PhotoId': 39106, 'PhotoName': '394227702_339303698454883_3420605721686141849_n.jpg', 'IsDefault': False, 'AddedDateTime': '2025-02-05T16:34:01.670Z', 'listingId': 5125, 'PhotoUrl': 'https://images.listings.offcampusliving.cornell.edu/listings/5125/394227702_339303698454883_3420605721686141849_n.jpg', 'SortOrder': 10}, {'PhotoId': 39108, 'PhotoName': '396428834_1404123273499561_2249440514650910788_n.jpg', 'IsDefault': False, 'AddedDateTime': '2025-02-05T16:34:17.770Z', 'listingId': 5125, 'PhotoUrl': 'https://images.listings.offcampusliving.cornell.edu/listings/5125/396428834_1404123273499561_2249440514650910788_n.jpg', 'SortOrder': 11}, {'PhotoId': 39111, 'PhotoName': 'A19Bedroom2.jpeg', 'IsDefault': False, 'AddedDateTime': '2025-02-05T16:34:40.741Z', 'listingId': 5125, 'PhotoUrl': 'https://images.listings.offcampusliving.cornell.edu/listings/5125/A19Bedroom2.jpeg', 'SortOrder': 12}, {'PhotoId': 39113, 'PhotoName': 'A19NEW.jpeg', 'IsDefault': False, 'AddedDateTime': '2025-02-05T16:34:51.732Z', 'listingId': 5125, 'PhotoUrl': 'https://images.listings.offcampusliving.cornell.edu/listings/5125/A19NEW.jpeg', 'SortOrder': 13}, {'PhotoId': 39114, 'PhotoName': 'bedroom1.jpg', 'IsDefault': False, 'AddedDateTime': '2025-02-05T16:35:02.086Z', 'listingId': 5125, 'PhotoUrl': 'https://images.listings.offcampusliving.cornell.edu/listings/5125/bedroom1.jpg', 'SortOrder': 14}, {'PhotoId': 39105, 'PhotoName': '385531785_679370780793517_5245680048471060995_n.jpg', 'IsDefault': False, 'AddedDateTime': '2025-02-05T16:33:56.442Z', 'listingId': 5125, 'PhotoUrl': 'https://images.listings.offcampusliving.cornell.edu/listings/5125/385531785_679370780793517_5245680048471060995_n.jpg', 'SortOrder': 15}]","{""BuildingAddress"": ""709 STEWART AVENUE"", ""OverallSafetyRating"": 8, ""CategoryScores"": [{""Fire Protection"": 0}, {""Notification Systems"": 0}, {""Emergency Egress"": 0}, {""Applicable Code"": 0}, {""Fire Extinguishers"": 0}, {""Construction Type"": 0}, {""Valid Certificate of Compliance"": 8}], ""OverallSafetyRatingAsPercentage"": 17, ""CategoryScoresAsPercentage"": [{""Fire Protection"": 0}, {""Notification Systems"": 0}, {""Emergency Egress"": 0}, {""Applicable Code"": 0}, {""Fire Extinguishers"": 0}, {""Construction Type"": 0}, {""Valid Certificate of Compliance"": 100}], ""SprinklerType"": [], ""FireExtinguisherCertificateExpiration"": ""2025-02-20T00:00:00.000Z"", ""NotificationSystem"": [{""subCategory"": ""Single Station Smoke Alarm"", ""notificationType"": ""Single Station Smoke Alarm"", ""notificationSystemCertificateExpiration"": ""2025-01-30""}], ""HasValidCertificateOfOccupancy"": true, ""MeetsMinimumRequirements"": false, ""ExceedsRequirements"": false, ""HasFireResistantConstructionType"": false, ""SatisfiesApplicableCode"": false, ""CertificateExpirationDate"": ""2027-04-09T00:00:00.000Z"", ""DateLastUpdated"": ""2025-10-19T07:02:07.000Z""}"
5126,3083,2026-06-01T00:00:00.000Z,12,126 Westbourne Lane,,Ithaca,14850,"Westbourne Apartments - Three Bedroom Apartments - 2026-2027 - Price Ranges From $2,250.00 to $2,625.00","1224 - Move In: 1/14/26 - $2,250; 
1203 - Move In: 6/1/26 - $2,295; 
1222 - Move In: 6/1/26 - $2,400; 
1223 - Move In: 6/1/26 - $2,250; 
1244 - Move In: 6/1/26 - $2,250; 
1225 - Move In: 6/14/26 - $2,325; 
126-1 - Move In: 8/25/26 - $2,625; 
126-9 - Move In: 8/14/26 - $2,400; 

Included: WiFi/Cable, Garbage, Furniture, Water/Sewer. 

Website: https://kimballresidents.managebuilding.com/Resident/public/rentals.",2250,Price Per Unit,No,"['Electronic Payments Accepted', 'Furnished', 'Internet Included', 'Kitchen', 'Laundry Facilities', 'Near Bus Route', 'Off-Street Parking Available', 'Water Included']",No Preference,3,1,"['Graduate', 'Undergraduate']",Rent,42.45658824840388,-76.48777439834646,"{'lat': 42.45658824840388, 'lng': -76.48777439834646}",True,2026-02-01T00:00:00.000Z,True,Yes,2025-02-05T17:03:54.886Z,2025-10-01T19:09:58.874Z,,"[{'PhotoId': 39124, 'PhotoName': 'DSC00340.JPG', 'IsDefault': True, 'AddedDateTime': '2025-02-05T17:16:59.686Z', 'listingId': 5126, 'PhotoUrl': 'https://images.listings.offcampusliving.cornell.edu/listings/5126/DSC00340.JPG', 'SortOrder': 1}, {'PhotoId': 39125, 'PhotoName': 'DSC00352.JPG', 'IsDefault': False, 'AddedDateTime': '2025-02-05T17:17:07.862Z', 'listingId': 5126, 'PhotoUrl': 'https://images.listings.offcampusliving.cornell.edu/listings/5126/DSC00352.JPG', 'SortOrder': 2}, {'PhotoId': 39126, 'PhotoName': 'DSC00371.JPG', 'IsDefault': False, 'AddedDateTime': '2025-02-05T17:17:15.484Z', 'listingId': 5126, 'PhotoUrl': 'https://images.listings.offcampusliving.cornell.edu/listings/5126/DSC00371.JPG', 'SortOrder': 3}, {'PhotoId': 39115, 'PhotoName': '309952894_885919859045023_3895506117934191864_n.jpg', 'IsDefault': False, 'AddedDateTime': '2025-02-05T17:15:58.879Z', 'listingId': 5126, 'PhotoUrl': 'https://images.listings.offcampusliving.cornell.edu/listings/5126/309952894_885919859045023_3895506117934191864_n.jpg', 'SortOrder': 4}, {'PhotoId': 39116, 'PhotoName': '350371990_971703990923276_72657741302606775_n.jpg', 'IsDefault': False, 'AddedDateTime': '2025-02-05T17:16:05.109Z', 'listingId': 5126, 'PhotoUrl': 'https://images.listings.offcampusliving.cornell.edu/listings/5126/350371990_971703990923276_72657741302606775_n.jpg', 'SortOrder': 5}, {'PhotoId': 39121, 'PhotoName': '462549284_855150796605318_8276754955937473442_n.jpg', 'IsDefault': False, 'AddedDateTime': '2025-02-05T17:16:39.282Z', 'listingId': 5126, 'PhotoUrl': 'https://images.listings.offcampusliving.cornell.edu/listings/5126/462549284_855150796605318_8276754955937473442_n.jpg', 'SortOrder': 6}, {'PhotoId': 39119, 'PhotoName': '350764531_1257815715128840_4156069516911038773_n.jpg', 'IsDefault': False, 'AddedDateTime': '2025-02-05T17:16:25.820Z', 'listingId': 5126, 'PhotoUrl': 'https://images.listings.offcampusliving.cornell.edu/listings/5126/350764531_1257815715128840_4156069516911038773_n.jpg', 'SortOrder': 7}, {'PhotoId': 39120, 'PhotoName': '462544358_850416213582697_5840102467336639035_n.jpg', 'IsDefault': False, 'AddedDateTime': '2025-02-05T17:16:32.605Z', 'listingId': 5126, 'PhotoUrl': 'https://images.listings.offcampusliving.cornell.edu/listings/5126/462544358_850416213582697_5840102467336639035_n.jpg', 'SortOrder': 8}, {'PhotoId': 39117, 'PhotoName': '350385850_785903209662969_5457291114657166532_n.jpg', 'IsDefault': False, 'AddedDateTime': '2025-02-05T17:16:09.702Z', 'listingId': 5126, 'PhotoUrl': 'https://images.listings.offcampusliving.cornell.edu/listings/5126/350385850_785903209662969_5457291114657166532_n.jpg', 'SortOrder': 9}, {'PhotoId': 39122, 'PhotoName': '462553889_552328314006800_5876991844819566673_n.jpg', 'IsDefault': False, 'AddedDateTime': '2025-02-05T17:16:45.120Z', 'listingId': 5126, 'PhotoUrl': 'https://images.listings.offcampusliving.cornell.edu/listings/5126/462553889_552328314006800_5876991844819566673_n.jpg', 'SortOrder': 10}, {'PhotoId': 39123, 'PhotoName': '462582438_1060427115567436_2688606315602041955_n.jpg', 'IsDefault': False, 'AddedDateTime': '2025-02-05T17:16:52.714Z', 'listingId': 5126, 'PhotoUrl': 'https://images.listings.offcampusliving.cornell.edu/listings/5126/462582438_1060427115567436_2688606315602041955_n.jpg', 'SortOrder': 11}]",
5127,3083,2026-06-14T00:00:00.000Z,12,709 Stewart Avenue,,Ithaca,14850,"Campus Hill Apartments - 709 Stewart Avenue – Three Bedroom Apartments for 2026-2027 - Price Ranges From $2,400.00 to $2,730.00","We have the following three bedrooms for rent for 26-27:
 
B06 - Move In: 1/14/26 - $2,730
B05 - Move In: 6/14/26 - $2,700
B10 - Move In: 6/14/26 - $2,600
A08 - Move In: 7/14/26 - $2,445
A28 - Move In: 7/29/26 - $2,400
B04 - Move In: 8/14/26 - $2,400
B07 - Move In: 8/14/26 - $2,700
B02 - Move In: 8/17/26 - $2,550


Included: WiFi/Cable, Garbage/Recycling, Furniture Package, water/sewer.

AC in select apartments!

Website: https://kimballresidents.managebuilding.com/Resident/public/rentals.
",2400,Price Per Unit,No,"['Electronic Payments Accepted', 'Furnished', 'Kitchen', 'Internet Included', 'Laundry Facilities', 'Near Bus Route', 'Off-Street Parking Available', 'Water Included']",No Preference,3,1,"['Graduate', 'Undergraduate']",Rent,42.45078482751633,-76.49024850089077,"{'lat': 42.45078482751633, 'lng': -76.49024850089077}",True,2026-02-01T00:00:00.000Z,True,Yes,2025-02-05T18:52:09.184Z,2025-10-01T18:49:28.870Z,709 STEWART AVENUE,"[{'PhotoId': 39146, 'PhotoName': 'DSC00572.JPG', 'IsDefault': True, 'AddedDateTime': '2025-02-05T19:02:29.252Z', 'listingId': 5127, 'PhotoUrl': 'https://images.listings.offcampusliving.cornell.edu/listings/5127/DSC00572.JPG', 'SortOrder': 1}, {'PhotoId': 39145, 'PhotoName': 'DSC00533.JPG', 'IsDefault': False, 'AddedDateTime': '2025-02-05T19:02:24.480Z', 'listingId': 5127, 'PhotoUrl': 'https://images.listings.offcampusliving.cornell.edu/listings/5127/DSC00533.JPG', 'SortOrder': 2}, {'PhotoId': 39144, 'PhotoName': 'DSC00532.JPG', 'IsDefault': False, 'AddedDateTime': '2025-02-05T19:02:17.764Z', 'listingId': 5127, 'PhotoUrl': 'https://images.listings.offcampusliving.cornell.edu/listings/5127/DSC00532.JPG', 'SortOrder': 3}, {'PhotoId': 39138, 'PhotoName': '448351306_1131464847912016_5362312481556642029_n.jpg', 'IsDefault': False, 'AddedDateTime': '2025-02-05T19:01:42.054Z', 'listingId': 5127, 'PhotoUrl': 'https://images.listings.offcampusliving.cornell.edu/listings/5127/448351306_1131464847912016_5362312481556642029_n.jpg', 'SortOrder': 4}, {'PhotoId': 39137, 'PhotoName': '448252788_814355737315817_466835439511264719_n.jpg', 'IsDefault': False, 'AddedDateTime': '2025-02-05T19:01:34.954Z', 'listingId': 5127, 'PhotoUrl': 'https://images.listings.offcampusliving.cornell.edu/listings/5127/448252788_814355737315817_466835439511264719_n.jpg', 'SortOrder': 5}, {'PhotoId': 39133, 'PhotoName': '360042153_2672786566230660_8061880778215993005_n.jpg', 'IsDefault': False, 'AddedDateTime': '2025-02-05T19:01:08.351Z', 'listingId': 5127, 'PhotoUrl': 'https://images.listings.offcampusliving.cornell.edu/listings/5127/360042153_2672786566230660_8061880778215993005_n.jpg', 'SortOrder': 6}, {'PhotoId': 39139, 'PhotoName': '462559859_1083002119852641_7277048500391384106_n.jpg', 'IsDefault': False, 'AddedDateTime': '2025-02-05T19:01:48.571Z', 'listingId': 5127, 'PhotoUrl': 'https://images.listings.offcampusliving.cornell.edu/listings/5127/462559859_1083002119852641_7277048500391384106_n.jpg', 'SortOrder': 8}, {'PhotoId': 39140, 'PhotoName': '462573422_335736116284928_1834212917758528772_n.jpg', 'IsDefault': False, 'AddedDateTime': '2025-02-05T19:01:53.673Z', 'listingId': 5127, 'PhotoUrl': 'https://images.listings.offcampusliving.cornell.edu/listings/5127/462573422_335736116284928_1834212917758528772_n.jpg', 'SortOrder': 9}, {'PhotoId': 39135, 'PhotoName': '448240687_1537645180165657_4598605975454762981_n.jpg', 'IsDefault': False, 'AddedDateTime': '2025-02-05T19:01:19.116Z', 'listingId': 5127, 'PhotoUrl': 'https://images.listings.offcampusliving.cornell.edu/listings/5127/448240687_1537645180165657_4598605975454762981_n.jpg', 'SortOrder': 10}, {'PhotoId': 39134, 'PhotoName': '448156387_869060985055840_6737347061386625788_n.jpg', 'IsDefault': False, 'AddedDateTime': '2025-02-05T19:01:12.828Z', 'listingId': 5127, 'PhotoUrl': 'https://images.listings.offcampusliving.cornell.edu/listings/5127/448156387_869060985055840_6737347061386625788_n.jpg', 'SortOrder': 11}, {'PhotoId': 39130, 'PhotoName': '358196209_953725622576725_496082986469909736_n.jpg', 'IsDefault': False, 'AddedDateTime': '2025-02-05T19:00:53.509Z', 'listingId': 5127, 'PhotoUrl': 'https://images.listings.offcampusliving.cornell.edu/listings/5127/358196209_953725622576725_496082986469909736_n.jpg', 'SortOrder': 12}, {'PhotoId': 39143, 'PhotoName': 'bedroom2.jpg', 'IsDefault': False, 'AddedDateTime': '2025-02-05T19:02:10.131Z', 'listingId': 5127, 'PhotoUrl': 'https://images.listings.offcampusliving.cornell.edu/listings/5127/bedroom2.jpg', 'SortOrder': 13}, {'PhotoId': 39142, 'PhotoName': 'bedroom.jpg', 'IsDefault': False, 'AddedDateTime': '2025-02-05T19:02:03.815Z', 'listingId': 5127, 'PhotoUrl': 'https://images.listings.offcampusliving.cornell.edu/listings/5127/bedroom.jpg', 'SortOrder': 14}, {'PhotoId': 39132, 'PhotoName': '359798831_744020574161286_3561919332102886124_n.jpg', 'IsDefault': False, 'AddedDateTime': '2025-02-05T19:01:03.375Z', 'listingId': 5127, 'PhotoUrl': 'https://images.listings.offcampusliving.cornell.edu/listings/5127/359798831_744020574161286_3561919332102886124_n.jpg', 'SortOrder': 15}, {'PhotoId': 39131, 'PhotoName': '358300361_1436168367237226_8497301116069083327_n.jpg', 'IsDefault': False, 'AddedDateTime': '2025-02-05T19:00:58.716Z', 'listingId': 5127, 'PhotoUrl': 'https://images.listings.offcampusliving.cornell.edu/listings/5127/358300361_1436168367237226_8497301116069083327_n.jpg', 'SortOrder': 16}, {'PhotoId': 39136, 'PhotoName': '448251377_1113487646376898_93256439148169283_n.jpg', 'IsDefault': False, 'AddedDateTime': '2025-02-05T19:01:28.170Z', 'listingId': 5127, 'PhotoUrl': 'https://images.listings.offcampusliving.cornell.edu/listings/5127/448251377_1113487646376898_93256439148169283_n.jpg', 'SortOrder': 17}, {'PhotoId': 39141, 'PhotoName': 'bathroom.jpg', 'IsDefault': False, 'AddedDateTime': '2025-02-05T19:01:58.891Z', 'listingId': 5127, 'PhotoUrl': 'https://images.listings.offcampusliving.cornell.edu/listings/5127/bathroom.jpg', 'SortOrder': 18}]","{""BuildingAddress"": ""709 STEWART AVENUE"", ""OverallSafetyRating"": 8, ""CategoryScores"": [{""Fire Protection"": 0}, {""Notification Systems"": 0}, {""Emergency Egress"": 0}, {""Applicable Code"": 0}, {""Fire Extinguishers"": 0}, {""Construction Type"": 0}, {""Valid Certificate of Compliance"": 8}], ""OverallSafetyRatingAsPercentage"": 17, ""CategoryScoresAsPercentage"": [{""Fire Protection"": 0}, {""Notification Systems"": 0}, {""Emergency Egress"": 0}, {""Applicable Code"": 0}, {""Fire Extinguishers"": 0}, {""Construction Type"": 0}, {""Valid Certificate of Compliance"": 100}], ""SprinklerType"": [], ""FireExtinguisherCertificateExpiration"": ""2025-02-20T00:00:00.000Z"", ""NotificationSystem"": [{""subCategory"": ""Single Station Smoke Alarm"", ""notificationType"": ""Single Station Smoke Alarm"", ""notificationSystemCertificateExpiration"": ""2025-01-30""}], ""HasValidCertificateOfOccupancy"": true, ""MeetsMinimumRequirements"": false, ""ExceedsRequirements"": false, ""HasFireResistantConstructionType"": false, ""SatisfiesApplicableCode"": false, ""CertificateExpirationDate"": ""2027-04-09T00:00:00.000Z"", ""DateLastUpdated"": ""2025-10-19T07:02:07.000Z""}"
5128,3083,2026-06-01T00:00:00.000Z,12,709 Stewart Avenue,,Ithaca,14850," Campus Hill Apartments – Four Bedroom Apartments for 2026-2027 - Price Ranges From $3,100.00 to $3,500.00 Per Month!","We have the following four bedrooms for rent for 26-27:

A31 - Move In: 6/1/26 - $3,300
A29 - Move In: 6/1/26 - $3,200
A07 - Move In: 6/1/26 - $3,500
B08 - Move In: 6/1/26 - $3,200
A27 - Move In: 6/14/26 - $3,100
A12 - Move In: 6/21/26 - $3,200
A09 - Move In: 7/14/26 - $3,300
A32 - Move In: 8/9/26 - $3,400

Included in the rent: WiFi/Cable, Garbage/Recycling, Furniture Package, water/sewer. AC in select apartments! 


Website: https://kimballresidents.managebuilding.com/Resident/public/rentals.
",3100,Price Per Unit,No,"['Electronic Payments Accepted', 'Furnished', 'Internet Included', 'Kitchen', 'Laundry Facilities', 'Near Bus Route', 'Off-Street Parking Available', 'Water Included']",No Preference,4,1,"['Graduate', 'Undergraduate']",Rent,42.45022929844117,-76.49047076152875,"{'lat': 42.45022929844117, 'lng': -76.49047076152875}",True,2026-02-01T00:00:00.000Z,True,Yes,2025-02-05T19:13:49.890Z,2025-10-01T18:54:07.897Z,709 STEWART AVENUE,"[{'PhotoId': 39153, 'PhotoName': 'DSC00532.JPG', 'IsDefault': True, 'AddedDateTime': '2025-02-05T19:26:27.959Z', 'listingId': 5128, 'PhotoUrl': 'https://images.listings.offcampusliving.cornell.edu/listings/5128/DSC00532.JPG', 'SortOrder': 1}, {'PhotoId': 39154, 'PhotoName': 'DSC00533.JPG', 'IsDefault': False, 'AddedDateTime': '2025-02-05T19:26:33.287Z', 'listingId': 5128, 'PhotoUrl': 'https://images.listings.offcampusliving.cornell.edu/listings/5128/DSC00533.JPG', 'SortOrder': 2}, {'PhotoId': 39155, 'PhotoName': 'DSC00572.JPG', 'IsDefault': False, 'AddedDateTime': '2025-02-05T19:26:40.545Z', 'listingId': 5128, 'PhotoUrl': 'https://images.listings.offcampusliving.cornell.edu/listings/5128/DSC00572.JPG', 'SortOrder': 3}, {'PhotoId': 39149, 'PhotoName': '370296810_1060019058524624_1735599346594680633_n.jpg', 'IsDefault': False, 'AddedDateTime': '2025-02-05T19:26:05.814Z', 'listingId': 5128, 'PhotoUrl': 'https://images.listings.offcampusliving.cornell.edu/listings/5128/370296810_1060019058524624_1735599346594680633_n.jpg', 'SortOrder': 4}, {'PhotoId': 39156, 'PhotoName': 'DSC02458.JPG', 'IsDefault': False, 'AddedDateTime': '2025-02-05T19:26:48.627Z', 'listingId': 5128, 'PhotoUrl': 'https://images.listings.offcampusliving.cornell.edu/listings/5128/DSC02458.JPG', 'SortOrder': 5}, {'PhotoId': 39152, 'PhotoName': '406127725_900942438363996_6576075568313206815_n.jpg', 'IsDefault': False, 'AddedDateTime': '2025-02-05T19:26:21.783Z', 'listingId': 5128, 'PhotoUrl': 'https://images.listings.offcampusliving.cornell.edu/listings/5128/406127725_900942438363996_6576075568313206815_n.jpg', 'SortOrder': 6}, {'PhotoId': 39151, 'PhotoName': '386814163_669147448674041_4089189881849844842_n (1).jpg', 'IsDefault': False, 'AddedDateTime': '2025-02-05T19:26:15.539Z', 'listingId': 5128, 'PhotoUrl': 'https://images.listings.offcampusliving.cornell.edu/listings/5128/386814163_669147448674041_4089189881849844842_n (1).jpg', 'SortOrder': 7}, {'PhotoId': 39161, 'PhotoName': 'IMG_7754.jpg', 'IsDefault': False, 'AddedDateTime': '2025-02-05T19:27:28.957Z', 'listingId': 5128, 'PhotoUrl': 'https://images.listings.offcampusliving.cornell.edu/listings/5128/IMG_7754.jpg', 'SortOrder': 8}, {'PhotoId': 39157, 'PhotoName': 'DSC02461.JPG', 'IsDefault': False, 'AddedDateTime': '2025-02-05T19:26:56.983Z', 'listingId': 5128, 'PhotoUrl': 'https://images.listings.offcampusliving.cornell.edu/listings/5128/DSC02461.JPG', 'SortOrder': 9}, {'PhotoId': 39160, 'PhotoName': 'IMG_7751.jpg', 'IsDefault': False, 'AddedDateTime': '2025-02-05T19:27:20.700Z', 'listingId': 5128, 'PhotoUrl': 'https://images.listings.offcampusliving.cornell.edu/listings/5128/IMG_7751.jpg', 'SortOrder': 10}, {'PhotoId': 39162, 'PhotoName': 'IMG_7755.jpg', 'IsDefault': False, 'AddedDateTime': '2025-02-05T19:27:34.940Z', 'listingId': 5128, 'PhotoUrl': 'https://images.listings.offcampusliving.cornell.edu/listings/5128/IMG_7755.jpg', 'SortOrder': 11}, {'PhotoId': 39148, 'PhotoName': '370296810_903084047873759_3931058068148847290_n.jpg', 'IsDefault': False, 'AddedDateTime': '2025-02-05T19:26:00.700Z', 'listingId': 5128, 'PhotoUrl': 'https://images.listings.offcampusliving.cornell.edu/listings/5128/370296810_903084047873759_3931058068148847290_n.jpg', 'SortOrder': 12}, {'PhotoId': 39150, 'PhotoName': '385559855_1079692363473513_3065051625770955976_n.jpg', 'IsDefault': False, 'AddedDateTime': '2025-02-05T19:26:10.837Z', 'listingId': 5128, 'PhotoUrl': 'https://images.listings.offcampusliving.cornell.edu/listings/5128/385559855_1079692363473513_3065051625770955976_n.jpg', 'SortOrder': 13}, {'PhotoId': 39158, 'PhotoName': 'IMG_7736.jpg', 'IsDefault': False, 'AddedDateTime': '2025-02-05T19:27:04.075Z', 'listingId': 5128, 'PhotoUrl': 'https://images.listings.offcampusliving.cornell.edu/listings/5128/IMG_7736.jpg', 'SortOrder': 14}, {'PhotoId': 39159, 'PhotoName': 'IMG_7738.jpg', 'IsDefault': False, 'AddedDateTime': '2025-02-05T19:27:14.626Z', 'listingId': 5128, 'PhotoUrl': 'https://images.listings.offcampusliving.cornell.edu/listings/5128/IMG_7738.jpg', 'SortOrder': 15}]","{""BuildingAddress"": ""709 STEWART AVENUE"", ""OverallSafetyRating"": 8, ""CategoryScores"": [{""Fire Protection"": 0}, {""Notification Systems"": 0}, {""Emergency Egress"": 0}, {""Applicable Code"": 0}, {""Fire Extinguishers"": 0}, {""Construction Type"": 0}, {""Valid Certificate of Compliance"": 8}], ""OverallSafetyRatingAsPercentage"": 17, ""CategoryScoresAsPercentage"": [{""Fire Protection"": 0}, {""Notification Systems"": 0}, {""Emergency Egress"": 0}, {""Applicable Code"": 0}, {""Fire Extinguishers"": 0}, {""Construction Type"": 0}, {""Valid Certificate of Compliance"": 100}], ""SprinklerType"": [], ""FireExtinguisherCertificateExpiration"": ""2025-02-20T00:00:00.000Z"", ""NotificationSystem"": [{""subCategory"": ""Single Station Smoke Alarm"", ""notificationType"": ""Single Station Smoke Alarm"", ""notificationSystemCertificateExpiration"": ""2025-01-30""}], ""HasValidCertificateOfOccupancy"": true, ""MeetsMinimumRequirements"": false, ""ExceedsRequirements"": false, ""HasFireResistantConstructionType"": false, ""SatisfiesApplicableCode"": false, ""CertificateExpirationDate"": ""2027-04-09T00:00:00.000Z"", ""DateLastUpdated"": ""2025-10-19T07:02:07.000Z""}"
5129,3083,2026-06-01T00:00:00.000Z,12,126 Westbourne Lane,,Ithaca,14850," Westbourne Apartments – Four Bedroom Apartments for 2026-2027 - Price Ranges From $2,600.00 to $2,900.00","We have the following four bedrooms for rent for 26-27:

126-8 - Move In: 1/14/2026 - $2,900.00; 
126-12 - Move In: 6/1/2026 - $2,700.00; 
126-10 - Move In: 6/1/2026 - $2,700.00; 
126-7 - Move In: 6/1/2026 - $2,600.00; 

Included: WiFi/Cable, Garbage, Furniture, Water/Sewer. 

Website: https://kimballresidents.managebuilding.com/Resident/public/rentals.
",2600,Price Per Unit,No,"['Electronic Payments Accepted', 'Furnished', 'Internet Included', 'Kitchen', 'Laundry Facilities', 'Near Bus Route', 'Off-Street Parking Available', 'Water Included']",No Preference,4,2,"['Graduate', 'Undergraduate']",Rent,42.4564202575453,-76.48787813425966,"{'lat': 42.4564202575453, 'lng': -76.48787813425966}",True,2026-02-01T00:00:00.000Z,True,No,2025-02-05T19:48:01.992Z,2025-10-01T19:13:45.401Z,,"[{'PhotoId': 39164, 'PhotoName': 'DSC00352.JPG', 'IsDefault': True, 'AddedDateTime': '2025-02-05T20:00:38.070Z', 'listingId': 5129, 'PhotoUrl': 'https://images.listings.offcampusliving.cornell.edu/listings/5129/DSC00352.JPG', 'SortOrder': 1}, {'PhotoId': 39163, 'PhotoName': 'DSC00340.JPG', 'IsDefault': False, 'AddedDateTime': '2025-02-05T20:00:32.122Z', 'listingId': 5129, 'PhotoUrl': 'https://images.listings.offcampusliving.cornell.edu/listings/5129/DSC00340.JPG', 'SortOrder': 2}, {'PhotoId': 39165, 'PhotoName': 'DSC00371.JPG', 'IsDefault': False, 'AddedDateTime': '2025-02-05T20:00:42.725Z', 'listingId': 5129, 'PhotoUrl': 'https://images.listings.offcampusliving.cornell.edu/listings/5129/DSC00371.JPG', 'SortOrder': 3}, {'PhotoId': 39166, 'PhotoName': '364199255_601107801922872_3213789928735189835_n.jpg', 'IsDefault': False, 'AddedDateTime': '2025-02-05T20:17:19.780Z', 'listingId': 5129, 'PhotoUrl': 'https://images.listings.offcampusliving.cornell.edu/listings/5129/364199255_601107801922872_3213789928735189835_n.jpg', 'SortOrder': 4}, {'PhotoId': 39172, 'PhotoName': '385535572_1517571679006548_6625692154689238112_n.jpg', 'IsDefault': False, 'AddedDateTime': '2025-02-05T20:18:13.802Z', 'listingId': 5129, 'PhotoUrl': 'https://images.listings.offcampusliving.cornell.edu/listings/5129/385535572_1517571679006548_6625692154689238112_n.jpg', 'SortOrder': 5}, {'PhotoId': 39170, 'PhotoName': '364209588_1296369211251815_5237784434995912759_n.jpg', 'IsDefault': False, 'AddedDateTime': '2025-02-05T20:17:46.943Z', 'listingId': 5129, 'PhotoUrl': 'https://images.listings.offcampusliving.cornell.edu/listings/5129/364209588_1296369211251815_5237784434995912759_n.jpg', 'SortOrder': 6}, {'PhotoId': 39168, 'PhotoName': '364204432_608811184695122_7329463924056344004_n.jpg', 'IsDefault': False, 'AddedDateTime': '2025-02-05T20:17:30.292Z', 'listingId': 5129, 'PhotoUrl': 'https://images.listings.offcampusliving.cornell.edu/listings/5129/364204432_608811184695122_7329463924056344004_n.jpg', 'SortOrder': 7}, {'PhotoId': 39171, 'PhotoName': '368683743_900252078375800_4928378122332137822_n.jpg', 'IsDefault': False, 'AddedDateTime': '2025-02-05T20:18:00.805Z', 'listingId': 5129, 'PhotoUrl': 'https://images.listings.offcampusliving.cornell.edu/listings/5129/368683743_900252078375800_4928378122332137822_n.jpg', 'SortOrder': 8}, {'PhotoId': 39169, 'PhotoName': '364209143_649218513836780_3470402432916012914_n.jpg', 'IsDefault': False, 'AddedDateTime': '2025-02-05T20:17:37.802Z', 'listingId': 5129, 'PhotoUrl': 'https://images.listings.offcampusliving.cornell.edu/listings/5129/364209143_649218513836780_3470402432916012914_n.jpg', 'SortOrder': 9}, {'PhotoId': 39167, 'PhotoName': '364201435_622294420046396_1582597250744406805_n.jpg', 'IsDefault': False, 'AddedDateTime': '2025-02-05T20:17:25.280Z', 'listingId': 5129, 'PhotoUrl': 'https://images.listings.offcampusliving.cornell.edu/listings/5129/364201435_622294420046396_1582597250744406805_n.jpg', 'SortOrder': 10}, {'PhotoId': 39174, 'PhotoName': '404636811_1037764314123525_6735060329111076106_n (1).jpg', 'IsDefault': False, 'AddedDateTime': '2025-02-05T20:18:35.102Z', 'listingId': 5129, 'PhotoUrl': 'https://images.listings.offcampusliving.cornell.edu/listings/5129/404636811_1037764314123525_6735060329111076106_n (1).jpg', 'SortOrder': 11}, {'PhotoId': 39173, 'PhotoName': '404597045_1485025455389713_3100382341881486715_n (1).jpg', 'IsDefault': False, 'AddedDateTime': '2025-02-05T20:18:25.514Z', 'listingId': 5129, 'PhotoUrl': 'https://images.listings.offcampusliving.cornell.edu/listings/5129/404597045_1485025455389713_3100382341881486715_n (1).jpg', 'SortOrder': 12}]",
5130,3083,2026-06-14T00:00:00.000Z,12,126 Westbourne Lane,126-6,Ithaca,14850," Westbourne Apartments - 5 Bedroom - Available June 2026 - $3,500.00 ","This 5 bedrooms& two-bathroom apartment is newly remodeled! 126-6 has a move in date of 6/14/2026 and is priced at $3,500.00 for 5 occupants.

Included: Wi-Fi/Cable, Garbage, Furniture, Water/Sewer. 

Website: https://kimballresidents.managebuilding.com/Resident/public/rentals.
",3500,Price Per Unit,No,"['Electronic Payments Accepted', 'Furnished', 'Internet Available', 'Kitchen', 'Laundry Facilities', 'Near Bus Route', 'Off-Street Parking Available', 'Water Included']",No Preference,5,2,"['Undergraduate', 'Graduate']",Rent,42.45656671656527,-76.4876349804124,"{'lat': 42.45656671656527, 'lng': -76.4876349804124}",True,2026-02-01T00:00:00.000Z,True,No,2025-02-05T20:28:00.551Z,2025-10-01T19:03:35.750Z,,"[{'PhotoId': 39183, 'PhotoName': '344105378_959911201860156_2683534968113789232_n.jpg', 'IsDefault': True, 'AddedDateTime': '2025-02-05T20:34:20.132Z', 'listingId': 5130, 'PhotoUrl': 'https://images.listings.offcampusliving.cornell.edu/listings/5130/344105378_959911201860156_2683534968113789232_n.jpg', 'SortOrder': 1}, {'PhotoId': 39180, 'PhotoName': '342712495_170775539260224_3820390181734380120_n.jpg', 'IsDefault': False, 'AddedDateTime': '2025-02-05T20:33:58.908Z', 'listingId': 5130, 'PhotoUrl': 'https://images.listings.offcampusliving.cornell.edu/listings/5130/342712495_170775539260224_3820390181734380120_n.jpg', 'SortOrder': 2}, {'PhotoId': 39175, 'PhotoName': '342675867_784096756316794_7565113012754121525_n.jpg', 'IsDefault': False, 'AddedDateTime': '2025-02-05T20:33:28.176Z', 'listingId': 5130, 'PhotoUrl': 'https://images.listings.offcampusliving.cornell.edu/listings/5130/342675867_784096756316794_7565113012754121525_n.jpg', 'SortOrder': 3}, {'PhotoId': 39184, 'PhotoName': '344289364_982151909452957_2676137075779645764_n.jpg', 'IsDefault': False, 'AddedDateTime': '2025-02-05T20:34:28.629Z', 'listingId': 5130, 'PhotoUrl': 'https://images.listings.offcampusliving.cornell.edu/listings/5130/344289364_982151909452957_2676137075779645764_n.jpg', 'SortOrder': 4}, {'PhotoId': 39177, 'PhotoName': '342682888_786157169483795_1442293556140888074_n.jpg', 'IsDefault': False, 'AddedDateTime': '2025-02-05T20:33:38.669Z', 'listingId': 5130, 'PhotoUrl': 'https://images.listings.offcampusliving.cornell.edu/listings/5130/342682888_786157169483795_1442293556140888074_n.jpg', 'SortOrder': 5}, {'PhotoId': 39179, 'PhotoName': '342706620_993657825336741_1779304031555986942_n.jpg', 'IsDefault': False, 'AddedDateTime': '2025-02-05T20:33:50.707Z', 'listingId': 5130, 'PhotoUrl': 'https://images.listings.offcampusliving.cornell.edu/listings/5130/342706620_993657825336741_1779304031555986942_n.jpg', 'SortOrder': 6}, {'PhotoId': 39181, 'PhotoName': '342713898_249541387644926_3849910041845086823_n.jpg', 'IsDefault': False, 'AddedDateTime': '2025-02-05T20:34:05.903Z', 'listingId': 5130, 'PhotoUrl': 'https://images.listings.offcampusliving.cornell.edu/listings/5130/342713898_249541387644926_3849910041845086823_n.jpg', 'SortOrder': 7}, {'PhotoId': 39176, 'PhotoName': '342680789_630021408552158_6674382109096150778_n.jpg', 'IsDefault': False, 'AddedDateTime': '2025-02-05T20:33:33.821Z', 'listingId': 5130, 'PhotoUrl': 'https://images.listings.offcampusliving.cornell.edu/listings/5130/342680789_630021408552158_6674382109096150778_n.jpg', 'SortOrder': 8}, {'PhotoId': 39178, 'PhotoName': '342696984_779167187159072_1236809878823536675_n.jpg', 'IsDefault': False, 'AddedDateTime': '2025-02-05T20:33:43.246Z', 'listingId': 5130, 'PhotoUrl': 'https://images.listings.offcampusliving.cornell.edu/listings/5130/342696984_779167187159072_1236809878823536675_n.jpg', 'SortOrder': 9}, {'PhotoId': 39182, 'PhotoName': '343984700_232081022749599_3711164148707884136_n.jpg', 'IsDefault': False, 'AddedDateTime': '2025-02-05T20:34:13.898Z', 'listingId': 5130, 'PhotoUrl': 'https://images.listings.offcampusliving.cornell.edu/listings/5130/343984700_232081022749599_3711164148707884136_n.jpg', 'SortOrder': 10}, {'PhotoId': 39185, 'PhotoName': 'DSC00340.JPG', 'IsDefault': False, 'AddedDateTime': '2025-02-05T20:34:35.472Z', 'listingId': 5130, 'PhotoUrl': 'https://images.listings.offcampusliving.cornell.edu/listings/5130/DSC00340.JPG', 'SortOrder': 11}, {'PhotoId': 39186, 'PhotoName': 'DSC00352.JPG', 'IsDefault': False, 'AddedDateTime': '2025-02-05T20:34:41.702Z', 'listingId': 5130, 'PhotoUrl': 'https://images.listings.offcampusliving.cornell.edu/listings/5130/DSC00352.JPG', 'SortOrder': 12}, {'PhotoId': 39187, 'PhotoName': 'DSC00371.JPG', 'IsDefault': False, 'AddedDateTime': '2025-02-05T20:34:45.896Z', 'listingId': 5130, 'PhotoUrl': 'https://images.listings.offcampusliving.cornell.edu/listings/5130/DSC00371.JPG', 'SortOrder': 13}]",
5158,4337,2026-05-25T00:00:00.000Z,3,221 Tareyton Drive,,Ithaca,14850,"221 Tareyton Single family home in quiet neighborhood. ICSD school district. Close to Cornell University. On a bus line. Adjacent to Sapsucker Woods. Tareyton Park at end of street.
Fully furnished.  ","Summer 2026 Furnished Rental. Walking path to Northeast Elementary School Dewitt Middle School Large yard in friendly neighborhood. Biking distance to Cornell University.   Lovely home perfect for graduate students, visiting faculty and families.
",2300,Price Per Unit,No,"['Air Conditioning', 'Electricity Included', 'Electronic Payments Accepted', 'Furnished', 'Heat Included', 'Internet Available', 'Kitchen', 'Laundry Facilities', 'Near Bus Route', 'Off-Street Parking Available', 'Off-Street Parking Included', 'Water Included', 'Internet Included']",No Preference,3,1,"['Graduate', 'Sabbatic Housing', 'Short-Term Housing', 'Staff/Faculty']",Rent,42.46413871706331,-76.48224182413327,"{'lat': 42.46413871706331, 'lng': -76.48224182413327}",True,2026-02-24T00:00:00.000Z,True,No,2025-02-22T20:32:33.983Z,2025-10-13T14:55:07.841Z,,"[{'PhotoId': 39446, 'PhotoName': 'house photo.jpg', 'IsDefault': True, 'AddedDateTime': '2025-02-24T23:16:03.636Z', 'listingId': 5158, 'PhotoUrl': 'https://images.listings.offcampusliving.cornell.edu/listings/5158/house photo.jpg', 'SortOrder': 1}, {'PhotoId': 39447, 'PhotoName': 'living dining room.jpg', 'IsDefault': False, 'AddedDateTime': '2025-02-24T23:46:24.921Z', 'listingId': 5158, 'PhotoUrl': 'https://images.listings.offcampusliving.cornell.edu/listings/5158/living dining room.jpg', 'SortOrder': 2}, {'PhotoId': 39448, 'PhotoName': 'family rooom.jpg', 'IsDefault': False, 'AddedDateTime': '2025-02-24T23:46:28.001Z', 'listingId': 5158, 'PhotoUrl': 'https://images.listings.offcampusliving.cornell.edu/listings/5158/family rooom.jpg', 'SortOrder': 3}, {'PhotoId': 39449, 'PhotoName': 'kitchen table.jpg', 'IsDefault': False, 'AddedDateTime': '2025-02-24T23:46:28.237Z', 'listingId': 5158, 'PhotoUrl': 'https://images.listings.offcampusliving.cornell.edu/listings/5158/kitchen table.jpg', 'SortOrder': 4}, {'PhotoId': 39450, 'PhotoName': 'guest room.jpg', 'IsDefault': False, 'AddedDateTime': '2025-02-24T23:46:29.585Z', 'listingId': 5158, 'PhotoUrl': 'https://images.listings.offcampusliving.cornell.edu/listings/5158/guest room.jpg', 'SortOrder': 5}, {'PhotoId': 39451, 'PhotoName': 'office.jpg', 'IsDefault': False, 'AddedDateTime': '2025-02-24T23:46:29.817Z', 'listingId': 5158, 'PhotoUrl': 'https://images.listings.offcampusliving.cornell.edu/listings/5158/office.jpg', 'SortOrder': 6}, {'PhotoId': 39452, 'PhotoName': 'Front yard.jpg', 'IsDefault': False, 'AddedDateTime': '2025-02-24T23:46:33.068Z', 'listingId': 5158, 'PhotoUrl': 'https://images.listings.offcampusliving.cornell.edu/listings/5158/Front yard.jpg', 'SortOrder': 7}, {'PhotoId': 39453, 'PhotoName': 'nearby trails.jpg', 'IsDefault': False, 'AddedDateTime': '2025-02-24T23:46:35.514Z', 'listingId': 5158, 'PhotoUrl': 'https://images.listings.offcampusliving.cornell.edu/listings/5158/nearby trails.jpg', 'SortOrder': 8}, {'PhotoId': 39454, 'PhotoName': 'dining table.jpg', 'IsDefault': False, 'AddedDateTime': '2025-02-24T23:47:24.388Z', 'listingId': 5158, 'PhotoUrl': 'https://images.listings.offcampusliving.cornell.edu/listings/5158/dining table.jpg', 'SortOrder': 9}, {'PhotoId': 39468, 'PhotoName': 'Kitchen.jpg', 'IsDefault': False, 'AddedDateTime': '2025-02-25T20:33:41.628Z', 'listingId': 5158, 'PhotoUrl': 'https://images.listings.offcampusliving.cornell.edu/listings/5158/Kitchen.jpg', 'SortOrder': 10}, {'PhotoId': 39469, 'PhotoName': 'Enjoy the fall.jpg', 'IsDefault': False, 'AddedDateTime': '2025-02-25T20:35:01.118Z', 'listingId': 5158, 'PhotoUrl': 'https://images.listings.offcampusliving.cornell.edu/listings/5158/Enjoy the fall.jpg', 'SortOrder': 11}, {'PhotoId': 39576, 'PhotoName': '6E4209A8-1DBC-4DE1-A0D5-1A5BEE857353.jpeg', 'IsDefault': False, 'AddedDateTime': '2025-03-03T22:15:24.501Z', 'listingId': 5158, 'PhotoUrl': 'https://images.listings.offcampusliving.cornell.edu/listings/5158/6E4209A8-1DBC-4DE1-A0D5-1A5BEE857353.jpeg', 'SortOrder': 12}, {'PhotoId': 39577, 'PhotoName': '6F5410BD-9F23-4BDF-8CAB-A296D9A9BB92.jpeg', 'IsDefault': False, 'AddedDateTime': '2025-03-03T22:15:45.704Z', 'listingId': 5158, 'PhotoUrl': 'https://images.listings.offcampusliving.cornell.edu/listings/5158/6F5410BD-9F23-4BDF-8CAB-A296D9A9BB92.jpeg', 'SortOrder': 13}, {'PhotoId': 39578, 'PhotoName': 'E79A4F14-179B-40CB-AED6-D4B650799BE8.jpeg', 'IsDefault': False, 'AddedDateTime': '2025-03-03T22:16:49.770Z', 'listingId': 5158, 'PhotoUrl': 'https://images.listings.offcampusliving.cornell.edu/listings/5158/E79A4F14-179B-40CB-AED6-D4B650799BE8.jpeg', 'SortOrder': 14}]",
5182,4358,2026-01-01T00:00:00.000Z,5,403 College Avenue,Floor 3,Ithaca,14850,8 bedroom apartment available in the heart of collegetown with all amenities in apartment,"Walk-up apartment in heart of collegetown right across from CTB and above Dos Amigos. 8 bedrooms, 2 full bathrooms with queen mattresses and bed frame included in each room. Comes with kitchen/necessary appliances, in-unit washer/dryer, and fully furnished living spaces.",1340,Price Per Person,No,"['Air Conditioning', 'Electricity Included', 'Electronic Payments Accepted', 'Furnished', 'Heat Included', 'Internet Available', 'Internet Included', 'Kitchen', 'Laundry Facilities', 'Near Bus Route', 'Off-Street Parking Available', 'Permitted Street Parking Available', 'Water Included']",No Preference,8,2,"['Spring Sublet', 'Summer Sublet', 'Undergraduate', 'Short-Term Housing', 'Graduate', 'Staff/Faculty']",Rent,42.44181253324678,-76.48542563841795,"{'lat': 42.44181253324678, 'lng': -76.48542563841795}",True,2026-11-10T00:00:00.000Z,True,Yes,2025-03-10T23:30:12.622Z,2025-07-21T14:20:33.604Z,403 COLLEGE AVENUE,"[{'PhotoId': 42212, 'PhotoName': '403_unit5_floor.jpg', 'IsDefault': True, 'AddedDateTime': '2025-07-21T14:21:09.497Z', 'listingId': 5182, 'PhotoUrl': 'https://images.listings.offcampusliving.cornell.edu/listings/5182/403_unit5_floor.jpg', 'SortOrder': 1}, {'PhotoId': 39675, 'PhotoName': '403-college-ave-ithaca-ny-primary-photo.jpg', 'IsDefault': False, 'AddedDateTime': '2025-03-10T23:37:43.098Z', 'listingId': 5182, 'PhotoUrl': 'https://images.listings.offcampusliving.cornell.edu/listings/5182/403-college-ave-ithaca-ny-primary-photo.jpg', 'SortOrder': 2}, {'PhotoId': 40820, 'PhotoName': 'IMG_4676.PNG', 'IsDefault': False, 'AddedDateTime': '2025-05-05T15:27:39.779Z', 'listingId': 5182, 'PhotoUrl': 'https://images.listings.offcampusliving.cornell.edu/listings/5182/IMG_4676.PNG', 'SortOrder': 3}, {'PhotoId': 40821, 'PhotoName': 'IMG_4675.PNG', 'IsDefault': False, 'AddedDateTime': '2025-05-05T15:27:44.263Z', 'listingId': 5182, 'PhotoUrl': 'https://images.listings.offcampusliving.cornell.edu/listings/5182/IMG_4675.PNG', 'SortOrder': 4}]","{""BuildingAddress"": ""403 COLLEGE AVENUE"", ""OverallSafetyRating"": 15, ""CategoryScores"": [{""Fire Protection"": 0}, {""Notification Systems"": 2}, {""Emergency Egress"": 0}, {""Applicable Code"": 0}, {""Fire Extinguishers"": 0}, {""Construction Type"": 5}, {""Valid Certificate of Compliance"": 8}], ""OverallSafetyRatingAsPercentage"": 32, ""CategoryScoresAsPercentage"": [{""Fire Protection"": 0}, {""Notification Systems"": 33}, {""Emergency Egress"": 0}, {""Applicable Code"": 0}, {""Fire Extinguishers"": 0}, {""Construction Type"": 41}, {""Valid Certificate of Compliance"": 100}], ""SprinklerType"": [{""sprinklerType"": ""NFPA 13 Sprinkler System"", ""sprinklerCertificateExpiration"": ""2025-03-17""}], ""FireExtinguisherCertificateExpiration"": ""2025-02-28T00:00:00.000Z"", ""NotificationSystem"": [{""subCategory"": ""Single Station Smoke Alarm"", ""notificationType"": ""Single Station Smoke Alarm"", ""notificationSystemCertificateExpiration"": ""2025-03-26""}, {""subCategory"": ""Fire Alarm System"", ""notificationType"": ""Fire Alarm System"", ""notificationSystemCertificateExpiration"": ""2025-11-18""}], ""HasValidCertificateOfOccupancy"": true, ""MeetsMinimumRequirements"": false, ""ExceedsRequirements"": false, ""HasFireResistantConstructionType"": false, ""SatisfiesApplicableCode"": false, ""CertificateExpirationDate"": ""2027-12-05T00:00:00.000Z"", ""DateLastUpdated"": ""2025-10-19T07:01:53.000Z""}"
5185,4354,2026-06-01T00:00:00.000Z,12,10 Hudson Place (Units 80-98-F),,Ithaca,14850,"Quiet Student Studios, All utilities and parking included, 10 & 12 month leases available, personal out door patio or balcony for every unit, on call maintenance staff","Hudson Heights Studios 10 minute walk downtown, just under 10 minutes to Cornell and located on a main bus line with easy access all over Ithaca.  Our first floor rent for $1,000 and our second for $1,050 a month for a 12 month lease.  Rent includes all utilities (water, heat & electric), garbage, off street parking and snow removal. The internet is the responsibility of the tenant. June, July & August. ALL FIRE IS UP TO DATE, the city has the correct information, Cornell has not updated. ",1100,Price Per Unit,No,"['Air Conditioning', 'Electricity Included', 'Electronic Payments Accepted', 'Furnished', 'Heat Included', 'Internet Available', 'Kitchen', 'Laundry Facilities', 'Near Bus Route', 'Off-Street Parking Available', 'Off-Street Parking Included', 'Water Included']",No Preference,studio,1,"['Graduate', 'Staff/Faculty', 'Undergraduate']",Rent,42.4296676435345,-76.49414959070425,"{'lat': 42.4296676435345, 'lng': -76.49414959070425}",True,2025-11-15T00:00:00.000Z,True,Yes,2025-03-12T12:28:10.782Z,2025-10-16T15:16:19.120Z,10 HUDSON PLACE (UNITS 80-98-F),"[{'PhotoId': 39755, 'PhotoName': 'IMG_8075.jpg', 'IsDefault': True, 'AddedDateTime': '2025-03-12T12:41:52.285Z', 'listingId': 5185, 'PhotoUrl': 'https://images.listings.offcampusliving.cornell.edu/listings/5185/IMG_8075.jpg', 'SortOrder': 1}, {'PhotoId': 39754, 'PhotoName': 'IMG_8091.jpg', 'IsDefault': False, 'AddedDateTime': '2025-03-12T12:40:56.739Z', 'listingId': 5185, 'PhotoUrl': 'https://images.listings.offcampusliving.cornell.edu/listings/5185/IMG_8091.jpg', 'SortOrder': 2}, {'PhotoId': 39753, 'PhotoName': 'IMG_8096.jpg', 'IsDefault': False, 'AddedDateTime': '2025-03-12T12:40:56.537Z', 'listingId': 5185, 'PhotoUrl': 'https://images.listings.offcampusliving.cornell.edu/listings/5185/IMG_8096.jpg', 'SortOrder': 3}, {'PhotoId': 39752, 'PhotoName': 'IMG_8097.jpg', 'IsDefault': False, 'AddedDateTime': '2025-03-12T12:40:56.356Z', 'listingId': 5185, 'PhotoUrl': 'https://images.listings.offcampusliving.cornell.edu/listings/5185/IMG_8097.jpg', 'SortOrder': 4}, {'PhotoId': 39749, 'PhotoName': 'IMG_8084.jpg', 'IsDefault': False, 'AddedDateTime': '2025-03-12T12:40:55.634Z', 'listingId': 5185, 'PhotoUrl': 'https://images.listings.offcampusliving.cornell.edu/listings/5185/IMG_8084.jpg', 'SortOrder': 5}, {'PhotoId': 39722, 'PhotoName': 'IMG_0733.jpg', 'IsDefault': False, 'AddedDateTime': '2025-03-12T12:34:14.996Z', 'listingId': 5185, 'PhotoUrl': 'https://images.listings.offcampusliving.cornell.edu/listings/5185/IMG_0733.jpg', 'SortOrder': 6}, {'PhotoId': 39748, 'PhotoName': 'IMG_8082.jpg', 'IsDefault': False, 'AddedDateTime': '2025-03-12T12:40:55.447Z', 'listingId': 5185, 'PhotoUrl': 'https://images.listings.offcampusliving.cornell.edu/listings/5185/IMG_8082.jpg', 'SortOrder': 7}, {'PhotoId': 39741, 'PhotoName': 'IMG_8065.jpg', 'IsDefault': False, 'AddedDateTime': '2025-03-12T12:40:53.729Z', 'listingId': 5185, 'PhotoUrl': 'https://images.listings.offcampusliving.cornell.edu/listings/5185/IMG_8065.jpg', 'SortOrder': 8}, {'PhotoId': 39742, 'PhotoName': 'IMG_8070.jpg', 'IsDefault': False, 'AddedDateTime': '2025-03-12T12:40:53.945Z', 'listingId': 5185, 'PhotoUrl': 'https://images.listings.offcampusliving.cornell.edu/listings/5185/IMG_8070.jpg', 'SortOrder': 9}, {'PhotoId': 39743, 'PhotoName': 'IMG_8067.jpg', 'IsDefault': False, 'AddedDateTime': '2025-03-12T12:40:54.165Z', 'listingId': 5185, 'PhotoUrl': 'https://images.listings.offcampusliving.cornell.edu/listings/5185/IMG_8067.jpg', 'SortOrder': 10}, {'PhotoId': 39744, 'PhotoName': 'IMG_8071.jpg', 'IsDefault': False, 'AddedDateTime': '2025-03-12T12:40:54.391Z', 'listingId': 5185, 'PhotoUrl': 'https://images.listings.offcampusliving.cornell.edu/listings/5185/IMG_8071.jpg', 'SortOrder': 11}, {'PhotoId': 39745, 'PhotoName': 'IMG_8074.jpg', 'IsDefault': False, 'AddedDateTime': '2025-03-12T12:40:54.630Z', 'listingId': 5185, 'PhotoUrl': 'https://images.listings.offcampusliving.cornell.edu/listings/5185/IMG_8074.jpg', 'SortOrder': 12}, {'PhotoId': 39746, 'PhotoName': 'IMG_8075.jpg', 'IsDefault': False, 'AddedDateTime': '2025-03-12T12:40:54.957Z', 'listingId': 5185, 'PhotoUrl': 'https://images.listings.offcampusliving.cornell.edu/listings/5185/IMG_8075.jpg', 'SortOrder': 13}, {'PhotoId': 39747, 'PhotoName': 'IMG_8078.jpg', 'IsDefault': False, 'AddedDateTime': '2025-03-12T12:40:55.216Z', 'listingId': 5185, 'PhotoUrl': 'https://images.listings.offcampusliving.cornell.edu/listings/5185/IMG_8078.jpg', 'SortOrder': 14}, {'PhotoId': 39750, 'PhotoName': 'IMG_8087.jpg', 'IsDefault': False, 'AddedDateTime': '2025-03-12T12:40:55.890Z', 'listingId': 5185, 'PhotoUrl': 'https://images.listings.offcampusliving.cornell.edu/listings/5185/IMG_8087.jpg', 'SortOrder': 15}, {'PhotoId': 39751, 'PhotoName': 'IMG_8088.jpg', 'IsDefault': False, 'AddedDateTime': '2025-03-12T12:40:56.106Z', 'listingId': 5185, 'PhotoUrl': 'https://images.listings.offcampusliving.cornell.edu/listings/5185/IMG_8088.jpg', 'SortOrder': 16}, {'PhotoId': 39756, 'PhotoName': '63371313339__CEC5E26E-11AA-45D0-89D9-75CFE1F9A614.jpg', 'IsDefault': False, 'AddedDateTime': '2025-03-12T12:41:52.763Z', 'listingId': 5185, 'PhotoUrl': 'https://images.listings.offcampusliving.cornell.edu/listings/5185/63371313339__CEC5E26E-11AA-45D0-89D9-75CFE1F9A614.jpg', 'SortOrder': 17}, {'PhotoId': 39740, 'PhotoName': 'IMG_8045.jpg', 'IsDefault': False, 'AddedDateTime': '2025-03-12T12:40:53.514Z', 'listingId': 5185, 'PhotoUrl': 'https://images.listings.offcampusliving.cornell.edu/listings/5185/IMG_8045.jpg', 'SortOrder': 18}, {'PhotoId': 39739, 'PhotoName': '63371313339__CEC5E26E-11AA-45D0-89D9-75CFE1F9A614.jpg', 'IsDefault': False, 'AddedDateTime': '2025-03-12T12:40:53.236Z', 'listingId': 5185, 'PhotoUrl': 'https://images.listings.offcampusliving.cornell.edu/listings/5185/63371313339__CEC5E26E-11AA-45D0-89D9-75CFE1F9A614.jpg', 'SortOrder': 19}, {'PhotoId': 39737, 'PhotoName': 'IMG_0745-1.jpg', 'IsDefault': False, 'AddedDateTime': '2025-03-12T12:34:19.022Z', 'listingId': 5185, 'PhotoUrl': 'https://images.listings.offcampusliving.cornell.edu/listings/5185/IMG_0745-1.jpg', 'SortOrder': 20}, {'PhotoId': 39735, 'PhotoName': 'IMG_0741-1.jpg', 'IsDefault': False, 'AddedDateTime': '2025-03-12T12:34:18.573Z', 'listingId': 5185, 'PhotoUrl': 'https://images.listings.offcampusliving.cornell.edu/listings/5185/IMG_0741-1.jpg', 'SortOrder': 21}, {'PhotoId': 39729, 'PhotoName': 'IMG_0740-1.jpg', 'IsDefault': False, 'AddedDateTime': '2025-03-12T12:34:17.065Z', 'listingId': 5185, 'PhotoUrl': 'https://images.listings.offcampusliving.cornell.edu/listings/5185/IMG_0740-1.jpg', 'SortOrder': 22}, {'PhotoId': 39730, 'PhotoName': 'IMG_0739-1.jpg', 'IsDefault': False, 'AddedDateTime': '2025-03-12T12:34:17.287Z', 'listingId': 5185, 'PhotoUrl': 'https://images.listings.offcampusliving.cornell.edu/listings/5185/IMG_0739-1.jpg', 'SortOrder': 23}, {'PhotoId': 39736, 'PhotoName': 'IMG_0744-1.jpg', 'IsDefault': False, 'AddedDateTime': '2025-03-12T12:34:18.763Z', 'listingId': 5185, 'PhotoUrl': 'https://images.listings.offcampusliving.cornell.edu/listings/5185/IMG_0744-1.jpg', 'SortOrder': 24}, {'PhotoId': 39723, 'PhotoName': 'IMG_0735-1.jpg', 'IsDefault': False, 'AddedDateTime': '2025-03-12T12:34:15.219Z', 'listingId': 5185, 'PhotoUrl': 'https://images.listings.offcampusliving.cornell.edu/listings/5185/IMG_0735-1.jpg', 'SortOrder': 25}, {'PhotoId': 39727, 'PhotoName': 'IMG_0737.jpg', 'IsDefault': False, 'AddedDateTime': '2025-03-12T12:34:16.513Z', 'listingId': 5185, 'PhotoUrl': 'https://images.listings.offcampusliving.cornell.edu/listings/5185/IMG_0737.jpg', 'SortOrder': 26}, {'PhotoId': 39731, 'PhotoName': 'IMG_0750 (1).jpg', 'IsDefault': False, 'AddedDateTime': '2025-03-12T12:34:17.668Z', 'listingId': 5185, 'PhotoUrl': 'https://images.listings.offcampusliving.cornell.edu/listings/5185/IMG_0750 (1).jpg', 'SortOrder': 27}, {'PhotoId': 39724, 'PhotoName': 'IMG_0735.jpg', 'IsDefault': False, 'AddedDateTime': '2025-03-12T12:34:15.635Z', 'listingId': 5185, 'PhotoUrl': 'https://images.listings.offcampusliving.cornell.edu/listings/5185/IMG_0735.jpg', 'SortOrder': 28}, {'PhotoId': 39738, 'PhotoName': 'IMG_0746-1.jpg', 'IsDefault': False, 'AddedDateTime': '2025-03-12T12:34:19.269Z', 'listingId': 5185, 'PhotoUrl': 'https://images.listings.offcampusliving.cornell.edu/listings/5185/IMG_0746-1.jpg', 'SortOrder': 29}, {'PhotoId': 39733, 'PhotoName': 'IMG_0747-1.jpg', 'IsDefault': False, 'AddedDateTime': '2025-03-12T12:34:18.057Z', 'listingId': 5185, 'PhotoUrl': 'https://images.listings.offcampusliving.cornell.edu/listings/5185/IMG_0747-1.jpg', 'SortOrder': 30}, {'PhotoId': 39734, 'PhotoName': 'IMG_0748.jpg', 'IsDefault': False, 'AddedDateTime': '2025-03-12T12:34:18.324Z', 'listingId': 5185, 'PhotoUrl': 'https://images.listings.offcampusliving.cornell.edu/listings/5185/IMG_0748.jpg', 'SortOrder': 31}, {'PhotoId': 39732, 'PhotoName': 'IMG_0749.jpg', 'IsDefault': False, 'AddedDateTime': '2025-03-12T12:34:17.867Z', 'listingId': 5185, 'PhotoUrl': 'https://images.listings.offcampusliving.cornell.edu/listings/5185/IMG_0749.jpg', 'SortOrder': 32}]","{""BuildingAddress"": ""10 HUDSON PLACE (UNITS 80-98-F)"", ""OverallSafetyRating"": 8, ""CategoryScores"": [{""Fire Protection"": 0}, {""Notification Systems"": 0}, {""Emergency Egress"": 0}, {""Applicable Code"": 0}, {""Fire Extinguishers"": 0}, {""Construction Type"": 0}, {""Valid Certificate of Compliance"": 8}], ""OverallSafetyRatingAsPercentage"": 17, ""CategoryScoresAsPercentage"": [{""Fire Protection"": 0}, {""Notification Systems"": 0}, {""Emergency Egress"": 0}, {""Applicable Code"": 0}, {""Fire Extinguishers"": 0}, {""Construction Type"": 0}, {""Valid Certificate of Compliance"": 100}], ""SprinklerType"": [], ""FireExtinguisherCertificateExpiration"": ""2023-12-12T00:00:00.000Z"", ""NotificationSystem"": [{""subCategory"": ""Single Station Smoke Alarm"", ""notificationType"": ""Single Station Smoke Alarm"", ""notificationSystemCertificateExpiration"": ""2023-11-29""}], ""HasValidCertificateOfOccupancy"": true, ""MeetsMinimumRequirements"": false, ""ExceedsRequirements"": false, ""HasFireResistantConstructionType"": false, ""SatisfiesApplicableCode"": false, ""CertificateExpirationDate"": ""2026-01-04T00:00:00.000Z"", ""DateLastUpdated"": ""2025-10-19T07:01:27.000Z""}"
5208,1693,2025-08-01T00:00:00.000Z,12,409 Geneva Street N,Apt-2,Ithaca,14850,Old House with high ceilings. Graduate Students preferred.  3 bedrooms for 3 unrelated tenants. Two off-street parking. Quiet location. hardwood floors. Tad (text) 607-227-5572 to see. 10M possible," The apartment has 3 bedrooms for 3 unrelated tenants. It has two off-street parking space. Laundry (washer and dryer) on site in basement for usage by tenants of the house only.  It is a rather rare unit in downtown, the same block with Gimme Coffee! Landlord lives in Florida but accessible via e-mail, internet. Apt-2 tenants can use huge attic space for storage. APT2 has an attic, contributed to many masters and PhDs. pets negotiable. Contact Tad (text) 607-227-5572 10M lease negotiable. ",1770,Price Per Unit,No,"['Kitchen', 'Laundry Facilities', 'Off-Street Parking Available', 'Off-Street Parking Included', 'Permitted Street Parking Available', 'Water Included']",No Preference,3,1,"['Graduate', 'Sabbatic Housing', 'Staff/Faculty']",Rent,42.44315275573535,-76.50073542124728,"{'lat': 42.44315275573535, 'lng': -76.50073542124728}",True,2025-10-31T00:00:00.000Z,True,Yes,2025-04-01T23:08:54.582Z,2025-07-31T04:05:46.132Z,409 GENEVA STREET N,"[{'PhotoId': 40018, 'PhotoName': '409NGenevaOutside from SW.jpg', 'IsDefault': True, 'AddedDateTime': '2025-04-01T23:14:06.193Z', 'listingId': 5208, 'PhotoUrl': 'https://images.listings.offcampusliving.cornell.edu/listings/5208/409NGenevaOutside from SW.jpg', 'SortOrder': None}, {'PhotoId': 40019, 'PhotoName': '_Apt2_NorthMiddleBR.jpg', 'IsDefault': False, 'AddedDateTime': '2025-04-01T23:15:00.781Z', 'listingId': 5208, 'PhotoUrl': 'https://images.listings.offcampusliving.cornell.edu/listings/5208/_Apt2_NorthMiddleBR.jpg', 'SortOrder': None}, {'PhotoId': 40020, 'PhotoName': '_Apt2_WestBR.jpg', 'IsDefault': False, 'AddedDateTime': '2025-04-01T23:15:07.613Z', 'listingId': 5208, 'PhotoUrl': 'https://images.listings.offcampusliving.cornell.edu/listings/5208/_Apt2_WestBR.jpg', 'SortOrder': None}, {'PhotoId': 40021, 'PhotoName': '409NGenevaParking2cars.jpg', 'IsDefault': False, 'AddedDateTime': '2025-04-01T23:15:19.329Z', 'listingId': 5208, 'PhotoUrl': 'https://images.listings.offcampusliving.cornell.edu/listings/5208/409NGenevaParking2cars.jpg', 'SortOrder': None}, {'PhotoId': 40022, 'PhotoName': 'Apt2_All 3BR.jpg', 'IsDefault': False, 'AddedDateTime': '2025-04-01T23:15:27.754Z', 'listingId': 5208, 'PhotoUrl': 'https://images.listings.offcampusliving.cornell.edu/listings/5208/Apt2_All 3BR.jpg', 'SortOrder': None}, {'PhotoId': 40023, 'PhotoName': 'Apt2_bathroom_faucet.jpg', 'IsDefault': False, 'AddedDateTime': '2025-04-01T23:15:35.184Z', 'listingId': 5208, 'PhotoUrl': 'https://images.listings.offcampusliving.cornell.edu/listings/5208/Apt2_bathroom_faucet.jpg', 'SortOrder': None}, {'PhotoId': 40024, 'PhotoName': 'Apt2_EastBR.jpg', 'IsDefault': False, 'AddedDateTime': '2025-04-01T23:15:44.285Z', 'listingId': 5208, 'PhotoUrl': 'https://images.listings.offcampusliving.cornell.edu/listings/5208/Apt2_EastBR.jpg', 'SortOrder': None}, {'PhotoId': 40025, 'PhotoName': 'Apt2_EastBR2.jpg', 'IsDefault': False, 'AddedDateTime': '2025-04-01T23:15:55.817Z', 'listingId': 5208, 'PhotoUrl': 'https://images.listings.offcampusliving.cornell.edu/listings/5208/Apt2_EastBR2.jpg', 'SortOrder': None}, {'PhotoId': 40026, 'PhotoName': 'Apt2_FaucetNeedsReplacement.jpg', 'IsDefault': False, 'AddedDateTime': '2025-04-01T23:16:04.554Z', 'listingId': 5208, 'PhotoUrl': 'https://images.listings.offcampusliving.cornell.edu/listings/5208/Apt2_FaucetNeedsReplacement.jpg', 'SortOrder': None}, {'PhotoId': 40027, 'PhotoName': 'Apt2_KitchenDining.jpg', 'IsDefault': False, 'AddedDateTime': '2025-04-01T23:16:15.803Z', 'listingId': 5208, 'PhotoUrl': 'https://images.listings.offcampusliving.cornell.edu/listings/5208/Apt2_KitchenDining.jpg', 'SortOrder': None}, {'PhotoId': 40028, 'PhotoName': 'Apt2_KitchenView.jpg', 'IsDefault': False, 'AddedDateTime': '2025-04-01T23:16:24.093Z', 'listingId': 5208, 'PhotoUrl': 'https://images.listings.offcampusliving.cornell.edu/listings/5208/Apt2_KitchenView.jpg', 'SortOrder': None}, {'PhotoId': 40029, 'PhotoName': 'Apt2_KitchenView2.jpg', 'IsDefault': False, 'AddedDateTime': '2025-04-01T23:16:58.498Z', 'listingId': 5208, 'PhotoUrl': 'https://images.listings.offcampusliving.cornell.edu/listings/5208/Apt2_KitchenView2.jpg', 'SortOrder': None}, {'PhotoId': 40030, 'PhotoName': 'Apt2_WestBR2andStudySpace.jpg', 'IsDefault': False, 'AddedDateTime': '2025-04-01T23:17:05.784Z', 'listingId': 5208, 'PhotoUrl': 'https://images.listings.offcampusliving.cornell.edu/listings/5208/Apt2_WestBR2andStudySpace.jpg', 'SortOrder': None}, {'PhotoId': 40031, 'PhotoName': 'exterior.jpg', 'IsDefault': False, 'AddedDateTime': '2025-04-01T23:17:37.518Z', 'listingId': 5208, 'PhotoUrl': 'https://images.listings.offcampusliving.cornell.edu/listings/5208/exterior.jpg', 'SortOrder': None}, {'PhotoId': 42455, 'PhotoName': 'IMG_1229-APT2AtticDenAFTERhauling-2.jpg', 'IsDefault': False, 'AddedDateTime': '2025-07-31T04:07:17.139Z', 'listingId': 5208, 'PhotoUrl': 'https://images.listings.offcampusliving.cornell.edu/listings/5208/IMG_1229-APT2AtticDenAFTERhauling-2.jpg', 'SortOrder': None}]","{""BuildingAddress"": ""409 GENEVA STREET N"", ""OverallSafetyRating"": 8, ""CategoryScores"": [{""Fire Protection"": 0}, {""Notification Systems"": 0}, {""Emergency Egress"": 0}, {""Applicable Code"": 0}, {""Fire Extinguishers"": 0}, {""Construction Type"": 0}, {""Valid Certificate of Compliance"": 8}], ""OverallSafetyRatingAsPercentage"": 17, ""CategoryScoresAsPercentage"": [{""Fire Protection"": 0}, {""Notification Systems"": 0}, {""Emergency Egress"": 0}, {""Applicable Code"": 0}, {""Fire Extinguishers"": 0}, {""Construction Type"": 0}, {""Valid Certificate of Compliance"": 100}], ""SprinklerType"": [], ""FireExtinguisherCertificateExpiration"": null, ""NotificationSystem"": [{""subCategory"": ""Single Station Smoke Alarm"", ""notificationType"": ""Single Station Smoke Alarm"", ""notificationSystemCertificateExpiration"": ""2023-08-07""}], ""HasValidCertificateOfOccupancy"": true, ""MeetsMinimumRequirements"": true, ""ExceedsRequirements"": false, ""HasFireResistantConstructionType"": false, ""SatisfiesApplicableCode"": false, ""CertificateExpirationDate"": ""2027-08-07T00:00:00.000Z"", ""DateLastUpdated"": ""2025-10-19T07:01:54.000Z""}"
5211,4391,2025-04-02T00:00:00.000Z,6,217 Columbia Street (Bldg. # 1),Unit A,Ithaca,14850,"Female Only in 3Br 2Bth 
Price: $835/month (Utilities + parking + ALL furniture included!) (Bidets!) (Flat screen 60inch TV + full kitchen cabinets!) (In-unit laundry)
Duration: ASAP until 10/01/2025.","Near Cornell & IC. Fully furnished duplex with high-end finishes (granite counters, stainless steel appliances, custom tiled bathrooms). Renovated in 2018. 4 blocks from Ithaca Commons. 7-min drive to Cornell (free parking at unit), 2-min walk to bus stop. All utilities included except Wi-Fi ($20/mo) & trash tags ($10/mo). Tons of high-end furniture & decor & all essentials included. Subletting while I travel. Email nhm45@cornell.edu for details.
Price and duration is negotiable if needed.",835,Price Per Person,Yes,"['Electricity Included', 'Electronic Payments Accepted', 'Furnished', 'Heat Included', 'Internet Available', 'Kitchen', 'Laundry Facilities', 'Near Bus Route', 'Off-Street Parking Available', 'Off-Street Parking Included', 'Permitted Street Parking Available', 'Water Included', 'Wheelchair Accessible']",Female,1,1,"['Fall Sublet', 'Short-Term Housing', 'Spring Sublet', 'Summer Sublet', 'Commencement', 'Graduate', 'Staff/Faculty', 'Undergraduate']",Room to Rent,42.43592609934799,-76.49363416632545,"{'lat': 42.43592609934799, 'lng': -76.49363416632545}",True,2026-04-02T00:00:00.000Z,True,Yes,2025-04-02T18:39:18.894Z,2025-04-02T18:43:49.010Z,217 COLUMBIA STREET (BLDG. # 1),"[{'PhotoId': 40052, 'PhotoName': 'Screenshot 2025-04-02 at 1.22.11â\x80¯PM.png', 'IsDefault': True, 'AddedDateTime': '2025-04-02T18:42:20.252Z', 'listingId': 5211, 'PhotoUrl': 'https://images.listings.offcampusliving.cornell.edu/listings/5211/Screenshot 2025-04-02 at 1.22.11â\x80¯PM.png', 'SortOrder': None}, {'PhotoId': 40050, 'PhotoName': 'Screenshot 2025-04-02 at 1.22.01â\x80¯PM.png', 'IsDefault': False, 'AddedDateTime': '2025-04-02T18:42:18.900Z', 'listingId': 5211, 'PhotoUrl': 'https://images.listings.offcampusliving.cornell.edu/listings/5211/Screenshot 2025-04-02 at 1.22.01â\x80¯PM.png', 'SortOrder': None}, {'PhotoId': 40051, 'PhotoName': 'Screenshot 2025-04-02 at 1.22.05â\x80¯PM.png', 'IsDefault': False, 'AddedDateTime': '2025-04-02T18:42:19.655Z', 'listingId': 5211, 'PhotoUrl': 'https://images.listings.offcampusliving.cornell.edu/listings/5211/Screenshot 2025-04-02 at 1.22.05â\x80¯PM.png', 'SortOrder': None}, {'PhotoId': 40053, 'PhotoName': 'Screenshot 2025-04-02 at 1.22.14â\x80¯PM.png', 'IsDefault': False, 'AddedDateTime': '2025-04-02T18:42:20.973Z', 'listingId': 5211, 'PhotoUrl': 'https://images.listings.offcampusliving.cornell.edu/listings/5211/Screenshot 2025-04-02 at 1.22.14â\x80¯PM.png', 'SortOrder': None}, {'PhotoId': 40054, 'PhotoName': 'Screenshot 2025-04-02 at 1.22.17â\x80¯PM.png', 'IsDefault': False, 'AddedDateTime': '2025-04-02T18:42:21.567Z', 'listingId': 5211, 'PhotoUrl': 'https://images.listings.offcampusliving.cornell.edu/listings/5211/Screenshot 2025-04-02 at 1.22.17â\x80¯PM.png', 'SortOrder': None}, {'PhotoId': 40055, 'PhotoName': 'Screenshot 2025-04-02 at 1.22.22â\x80¯PM.png', 'IsDefault': False, 'AddedDateTime': '2025-04-02T18:42:22.313Z', 'listingId': 5211, 'PhotoUrl': 'https://images.listings.offcampusliving.cornell.edu/listings/5211/Screenshot 2025-04-02 at 1.22.22â\x80¯PM.png', 'SortOrder': None}, {'PhotoId': 40056, 'PhotoName': 'Screenshot 2025-04-02 at 1.22.25â\x80¯PM.png', 'IsDefault': False, 'AddedDateTime': '2025-04-02T18:42:22.866Z', 'listingId': 5211, 'PhotoUrl': 'https://images.listings.offcampusliving.cornell.edu/listings/5211/Screenshot 2025-04-02 at 1.22.25â\x80¯PM.png', 'SortOrder': None}, {'PhotoId': 40057, 'PhotoName': 'Screenshot 2025-04-02 at 1.22.29â\x80¯PM.png', 'IsDefault': False, 'AddedDateTime': '2025-04-02T18:42:23.450Z', 'listingId': 5211, 'PhotoUrl': 'https://images.listings.offcampusliving.cornell.edu/listings/5211/Screenshot 2025-04-02 at 1.22.29â\x80¯PM.png', 'SortOrder': None}, {'PhotoId': 40058, 'PhotoName': 'Screenshot 2025-04-02 at 1.22.34â\x80¯PM.png', 'IsDefault': False, 'AddedDateTime': '2025-04-02T18:42:24.261Z', 'listingId': 5211, 'PhotoUrl': 'https://images.listings.offcampusliving.cornell.edu/listings/5211/Screenshot 2025-04-02 at 1.22.34â\x80¯PM.png', 'SortOrder': None}, {'PhotoId': 40059, 'PhotoName': 'Screenshot 2025-04-02 at 1.22.41â\x80¯PM.png', 'IsDefault': False, 'AddedDateTime': '2025-04-02T18:42:24.761Z', 'listingId': 5211, 'PhotoUrl': 'https://images.listings.offcampusliving.cornell.edu/listings/5211/Screenshot 2025-04-02 at 1.22.41â\x80¯PM.png', 'SortOrder': None}, {'PhotoId': 40060, 'PhotoName': 'Screenshot 2025-04-02 at 1.22.43â\x80¯PM.png', 'IsDefault': False, 'AddedDateTime': '2025-04-02T18:42:25.275Z', 'listingId': 5211, 'PhotoUrl': 'https://images.listings.offcampusliving.cornell.edu/listings/5211/Screenshot 2025-04-02 at 1.22.43â\x80¯PM.png', 'SortOrder': None}, {'PhotoId': 40061, 'PhotoName': 'Screenshot 2025-04-02 at 1.22.51â\x80¯PM.png', 'IsDefault': False, 'AddedDateTime': '2025-04-02T18:42:25.831Z', 'listingId': 5211, 'PhotoUrl': 'https://images.listings.offcampusliving.cornell.edu/listings/5211/Screenshot 2025-04-02 at 1.22.51â\x80¯PM.png', 'SortOrder': None}, {'PhotoId': 40062, 'PhotoName': 'Screenshot 2025-04-02 at 1.22.14â\x80¯PM.png', 'IsDefault': False, 'AddedDateTime': '2025-04-02T18:42:26.415Z', 'listingId': 5211, 'PhotoUrl': 'https://images.listings.offcampusliving.cornell.edu/listings/5211/Screenshot 2025-04-02 at 1.22.14â\x80¯PM.png', 'SortOrder': None}]","{""BuildingAddress"": ""217 COLUMBIA STREET (BLDG. # 1)"", ""OverallSafetyRating"": 8, ""CategoryScores"": [{""Fire Protection"": 0}, {""Notification Systems"": 0}, {""Emergency Egress"": 0}, {""Applicable Code"": 0}, {""Fire Extinguishers"": 0}, {""Construction Type"": 0}, {""Valid Certificate of Compliance"": 8}], ""OverallSafetyRatingAsPercentage"": 17, ""CategoryScoresAsPercentage"": [{""Fire Protection"": 0}, {""Notification Systems"": 0}, {""Emergency Egress"": 0}, {""Applicable Code"": 0}, {""Fire Extinguishers"": 0}, {""Construction Type"": 0}, {""Valid Certificate of Compliance"": 100}], ""SprinklerType"": [], ""FireExtinguisherCertificateExpiration"": null, ""NotificationSystem"": [{""subCategory"": ""Single Station Smoke Alarm"", ""notificationType"": ""Single Station Smoke Alarm"", ""notificationSystemCertificateExpiration"": ""2025-03-27""}], ""HasValidCertificateOfOccupancy"": true, ""MeetsMinimumRequirements"": false, ""ExceedsRequirements"": false, ""HasFireResistantConstructionType"": false, ""SatisfiesApplicableCode"": false, ""CertificateExpirationDate"": ""2029-04-18T00:00:00.000Z"", ""DateLastUpdated"": ""2025-10-19T07:01:44.000Z""}"
5220,3233,2025-07-02T00:00:00.000Z,12,215 Snyder Hill Rd,,Ithaca,14850,Family or grad student(s) housing    ,"Pristine, updated 2 BR/2 bath with nursery room, deck, yard, and TCAT bus stop in front, just 2.2 miles from Cornell Vet School",3000,Price Per Unit,No,"['Air Conditioning', 'Electronic Payments Accepted', 'Furnished', 'Internet Available', 'Kitchen', 'Laundry Facilities', 'Near Bus Route', 'Off-Street Parking Included']",No Preference,2,2,"['Graduate', 'Sabbatic Housing', 'Short-Term Housing', 'Staff/Faculty']",Rent,42.42351592380204,-76.45089687171858,"{'lat': 42.42351592380204, 'lng': -76.45089687171858}",True,2026-01-06T00:00:00.000Z,True,No,2025-04-06T11:25:58.850Z,2025-04-29T01:31:01.425Z,,"[{'PhotoId': 40158, 'PhotoName': 'forCornelllisting Snyder Hill Rd 2bed_2bath for rent (3).jpg', 'IsDefault': True, 'AddedDateTime': '2025-04-06T11:52:43.818Z', 'listingId': 5220, 'PhotoUrl': 'https://images.listings.offcampusliving.cornell.edu/listings/5220/forCornelllisting Snyder Hill Rd 2bed_2bath for rent (3).jpg', 'SortOrder': 1}, {'PhotoId': 40156, 'PhotoName': 'forCornelllisting Snyder Hill Rd 2bed_2bath for rent (1).jpg', 'IsDefault': False, 'AddedDateTime': '2025-04-06T11:52:43.351Z', 'listingId': 5220, 'PhotoUrl': 'https://images.listings.offcampusliving.cornell.edu/listings/5220/forCornelllisting Snyder Hill Rd 2bed_2bath for rent (1).jpg', 'SortOrder': 2}, {'PhotoId': 40166, 'PhotoName': 'forCornelllisting Snyder Hill Rd 2bed_2bath for rent (11).jpg', 'IsDefault': False, 'AddedDateTime': '2025-04-06T11:52:45.741Z', 'listingId': 5220, 'PhotoUrl': 'https://images.listings.offcampusliving.cornell.edu/listings/5220/forCornelllisting Snyder Hill Rd 2bed_2bath for rent (11).jpg', 'SortOrder': 3}, {'PhotoId': 40155, 'PhotoName': 'forCornelllisting Snyder Hill Rd 2bed_2bath for rent.jpg', 'IsDefault': False, 'AddedDateTime': '2025-04-06T11:52:43.090Z', 'listingId': 5220, 'PhotoUrl': 'https://images.listings.offcampusliving.cornell.edu/listings/5220/forCornelllisting Snyder Hill Rd 2bed_2bath for rent.jpg', 'SortOrder': 4}, {'PhotoId': 40167, 'PhotoName': 'forCornelllisting Snyder Hill Rd 2bed_2bath for rent (12).jpg', 'IsDefault': False, 'AddedDateTime': '2025-04-06T11:52:45.949Z', 'listingId': 5220, 'PhotoUrl': 'https://images.listings.offcampusliving.cornell.edu/listings/5220/forCornelllisting Snyder Hill Rd 2bed_2bath for rent (12).jpg', 'SortOrder': 5}, {'PhotoId': 40157, 'PhotoName': 'forCornelllisting Snyder Hill Rd 2bed_2bath for rent (2).jpg', 'IsDefault': False, 'AddedDateTime': '2025-04-06T11:52:43.572Z', 'listingId': 5220, 'PhotoUrl': 'https://images.listings.offcampusliving.cornell.edu/listings/5220/forCornelllisting Snyder Hill Rd 2bed_2bath for rent (2).jpg', 'SortOrder': 6}, {'PhotoId': 40159, 'PhotoName': 'forCornelllisting Snyder Hill Rd 2bed_2bath for rent (4).jpg', 'IsDefault': False, 'AddedDateTime': '2025-04-06T11:52:44.050Z', 'listingId': 5220, 'PhotoUrl': 'https://images.listings.offcampusliving.cornell.edu/listings/5220/forCornelllisting Snyder Hill Rd 2bed_2bath for rent (4).jpg', 'SortOrder': 7}, {'PhotoId': 40160, 'PhotoName': 'forCornelllisting Snyder Hill Rd 2bed_2bath for rent (5).jpg', 'IsDefault': False, 'AddedDateTime': '2025-04-06T11:52:44.323Z', 'listingId': 5220, 'PhotoUrl': 'https://images.listings.offcampusliving.cornell.edu/listings/5220/forCornelllisting Snyder Hill Rd 2bed_2bath for rent (5).jpg', 'SortOrder': 8}, {'PhotoId': 40161, 'PhotoName': 'forCornelllisting Snyder Hill Rd 2bed_2bath for rent (6).jpg', 'IsDefault': False, 'AddedDateTime': '2025-04-06T11:52:44.535Z', 'listingId': 5220, 'PhotoUrl': 'https://images.listings.offcampusliving.cornell.edu/listings/5220/forCornelllisting Snyder Hill Rd 2bed_2bath for rent (6).jpg', 'SortOrder': 9}, {'PhotoId': 40162, 'PhotoName': 'forCornelllisting Snyder Hill Rd 2bed_2bath for rent (9).jpg', 'IsDefault': False, 'AddedDateTime': '2025-04-06T11:52:44.785Z', 'listingId': 5220, 'PhotoUrl': 'https://images.listings.offcampusliving.cornell.edu/listings/5220/forCornelllisting Snyder Hill Rd 2bed_2bath for rent (9).jpg', 'SortOrder': 10}, {'PhotoId': 40163, 'PhotoName': 'forCornelllisting Snyder Hill Rd 2bed_2bath for rent (7).jpg', 'IsDefault': False, 'AddedDateTime': '2025-04-06T11:52:44.997Z', 'listingId': 5220, 'PhotoUrl': 'https://images.listings.offcampusliving.cornell.edu/listings/5220/forCornelllisting Snyder Hill Rd 2bed_2bath for rent (7).jpg', 'SortOrder': 11}, {'PhotoId': 40164, 'PhotoName': 'forCornelllisting Snyder Hill Rd 2bed_2bath for rent (8).jpg', 'IsDefault': False, 'AddedDateTime': '2025-04-06T11:52:45.239Z', 'listingId': 5220, 'PhotoUrl': 'https://images.listings.offcampusliving.cornell.edu/listings/5220/forCornelllisting Snyder Hill Rd 2bed_2bath for rent (8).jpg', 'SortOrder': 12}, {'PhotoId': 40165, 'PhotoName': 'forCornelllisting Snyder Hill Rd 2bed_2bath for rent (10).jpg', 'IsDefault': False, 'AddedDateTime': '2025-04-06T11:52:45.473Z', 'listingId': 5220, 'PhotoUrl': 'https://images.listings.offcampusliving.cornell.edu/listings/5220/forCornelllisting Snyder Hill Rd 2bed_2bath for rent (10).jpg', 'SortOrder': 13}, {'PhotoId': 40168, 'PhotoName': 'forCornelllisting Snyder Hill Rd 2bed_2bath for rent (13).jpg', 'IsDefault': False, 'AddedDateTime': '2025-04-06T11:52:46.158Z', 'listingId': 5220, 'PhotoUrl': 'https://images.listings.offcampusliving.cornell.edu/listings/5220/forCornelllisting Snyder Hill Rd 2bed_2bath for rent (13).jpg', 'SortOrder': 14}]",
5244,4428,2025-06-01T00:00:00.000Z,12,120 Linden Avenue,3,Ithaca,14850,"This house is located in the heart of Collegetown, a 5 min walk to campus. One bedroom available. Plenty of room for study, sleep, and storage plus two full ceramic bathrooms and two open kitchens.","This room is a part of a 7-person house, with 2 floors--each having its own kitchen, bathroom, and common living area with multiple couches. You'll be living with 6 seniors at Cornell (male) who are clean, laidback, and friendly. The room, which is located on the first floor along with 3 other rooms, comes furnished with a bed, desk, chair, and dresser. There are also laundry machines and a dishwasher located within the house. Rent is $965/month for a 12-month lease.",965,Price Per Person,No,"['Electronic Payments Accepted', 'Furnished', 'Heat Included', 'Internet Available', 'Kitchen', 'Laundry Facilities', 'Near Bus Route', 'Off-Street Parking Available', 'Wheelchair Accessible', 'Permitted Street Parking Available']",No Preference,1,1,"['Undergraduate', 'Graduate', 'Short-Term Housing']",Rent,42.4384724251897,-76.4841900821743,"{'lat': 42.4384724251897, 'lng': -76.4841900821743}",True,2026-05-22T00:00:00.000Z,True,Yes,2025-04-21T23:15:05.000Z,2025-04-22T00:08:13.955Z,120 LINDEN AVENUE,"[{'PhotoId': 40413, 'PhotoName': 'IMG_9511.PNG', 'IsDefault': True, 'AddedDateTime': '2025-04-21T23:56:05.155Z', 'listingId': 5244, 'PhotoUrl': 'https://images.listings.offcampusliving.cornell.edu/listings/5244/IMG_9511.PNG', 'SortOrder': None}, {'PhotoId': 40414, 'PhotoName': 'IMG_9510.PNG', 'IsDefault': False, 'AddedDateTime': '2025-04-21T23:56:50.183Z', 'listingId': 5244, 'PhotoUrl': 'https://images.listings.offcampusliving.cornell.edu/listings/5244/IMG_9510.PNG', 'SortOrder': None}, {'PhotoId': 40415, 'PhotoName': 'matoula120linden3-300x225.jpeg', 'IsDefault': False, 'AddedDateTime': '2025-04-22T00:03:12.500Z', 'listingId': 5244, 'PhotoUrl': 'https://images.listings.offcampusliving.cornell.edu/listings/5244/matoula120linden3-300x225.jpeg', 'SortOrder': None}, {'PhotoId': 40416, 'PhotoName': 'matoula120linden4-300x225.jpeg', 'IsDefault': False, 'AddedDateTime': '2025-04-22T00:03:18.450Z', 'listingId': 5244, 'PhotoUrl': 'https://images.listings.offcampusliving.cornell.edu/listings/5244/matoula120linden4-300x225.jpeg', 'SortOrder': None}]","{""BuildingAddress"": ""120 LINDEN AVENUE"", ""OverallSafetyRating"": 8, ""CategoryScores"": [{""Fire Protection"": 0}, {""Notification Systems"": 0}, {""Emergency Egress"": 0}, {""Applicable Code"": 0}, {""Fire Extinguishers"": 0}, {""Construction Type"": 0}, {""Valid Certificate of Compliance"": 8}], ""OverallSafetyRatingAsPercentage"": 17, ""CategoryScoresAsPercentage"": [{""Fire Protection"": 0}, {""Notification Systems"": 0}, {""Emergency Egress"": 0}, {""Applicable Code"": 0}, {""Fire Extinguishers"": 0}, {""Construction Type"": 0}, {""Valid Certificate of Compliance"": 100}], ""SprinklerType"": [], ""FireExtinguisherCertificateExpiration"": null, ""NotificationSystem"": [{""subCategory"": ""Single Station Smoke Alarm"", ""notificationType"": ""Single Station Smoke Alarm"", ""notificationSystemCertificateExpiration"": ""2024-07-02""}], ""HasValidCertificateOfOccupancy"": true, ""MeetsMinimumRequirements"": false, ""ExceedsRequirements"": false, ""HasFireResistantConstructionType"": false, ""SatisfiesApplicableCode"": false, ""CertificateExpirationDate"": ""2028-07-02T00:00:00.000Z"", ""DateLastUpdated"": ""2025-10-19T07:01:35.000Z""}"
5245,4429,2026-01-01T00:00:00.000Z,6,114 Summit Avenue,207A,Ithaca,14850,"1 bedroom rental in a 5 bedroom shared LUX & LOFT apartment in the heart of Collegetown. It is the closest convenience for off-campus housing to the Cornell Campus. Start Date: January 1,2026","The bedroom is fully furnished with a private bathroom. The shared space has a large, fully equipped kitchen (refrigerator, dishwasher, microwave) adjacent to a nice-size living room with a smart TV (Roku). There is an In-unit Washer/Dryer. There are elevated amenities including a rooftop terrace, media room, fitness center, and study rooms. The building has an elevator and has controlled access for safety.   ",1525,Price Per Person,Yes,"['Air Conditioning', 'Electronic Payments Accepted', 'Furnished', 'Heat Included', 'Internet Included', 'Kitchen', 'Laundry Facilities', 'Near Bus Route', 'Off-Street Parking Available', 'Permitted Street Parking Available']",Male,1,1,"['Spring Sublet', 'Undergraduate', 'Short-Term Housing', 'Staff/Faculty', 'Graduate']",Rent,42.44218382765803,-76.48359350369131,"{'lat': 42.44218382765803, 'lng': -76.48359350369131}",True,2025-12-22T00:00:00.000Z,True,Yes,2025-04-21T23:52:59.284Z,2025-04-22T01:19:13.100Z,114 SUMMIT AVENUE,"[{'PhotoId': 40436, 'PhotoName': 'LUX-Floorplan.jpg', 'IsDefault': True, 'AddedDateTime': '2025-04-22T01:12:20.345Z', 'listingId': 5245, 'PhotoUrl': 'https://images.listings.offcampusliving.cornell.edu/listings/5245/LUX-Floorplan.jpg', 'SortOrder': None}, {'PhotoId': 40421, 'PhotoName': 'Lux-Pic2-room.png', 'IsDefault': False, 'AddedDateTime': '2025-04-22T00:28:00.490Z', 'listingId': 5245, 'PhotoUrl': 'https://images.listings.offcampusliving.cornell.edu/listings/5245/Lux-Pic2-room.png', 'SortOrder': 3}, {'PhotoId': 40418, 'PhotoName': 'Lux-Pic3-LR.jpg', 'IsDefault': False, 'AddedDateTime': '2025-04-22T00:23:14.975Z', 'listingId': 5245, 'PhotoUrl': 'https://images.listings.offcampusliving.cornell.edu/listings/5245/Lux-Pic3-LR.jpg', 'SortOrder': 4}, {'PhotoId': 40419, 'PhotoName': 'Lux-Pic4-fitness.jpg', 'IsDefault': False, 'AddedDateTime': '2025-04-22T00:23:28.871Z', 'listingId': 5245, 'PhotoUrl': 'https://images.listings.offcampusliving.cornell.edu/listings/5245/Lux-Pic4-fitness.jpg', 'SortOrder': 5}, {'PhotoId': 40420, 'PhotoName': 'Lux-Pic4-rooftop.jpg', 'IsDefault': False, 'AddedDateTime': '2025-04-22T00:23:29.256Z', 'listingId': 5245, 'PhotoUrl': 'https://images.listings.offcampusliving.cornell.edu/listings/5245/Lux-Pic4-rooftop.jpg', 'SortOrder': 6}]","{""BuildingAddress"": ""114 SUMMIT AVENUE"", ""OverallSafetyRating"": 19, ""CategoryScores"": [{""Fire Protection"": 0}, {""Notification Systems"": 2}, {""Emergency Egress"": 0}, {""Applicable Code"": 6}, {""Fire Extinguishers"": 0}, {""Construction Type"": 3}, {""Valid Certificate of Compliance"": 8}], ""OverallSafetyRatingAsPercentage"": 41, ""CategoryScoresAsPercentage"": [{""Fire Protection"": 0}, {""Notification Systems"": 33}, {""Emergency Egress"": 0}, {""Applicable Code"": 100}, {""Fire Extinguishers"": 0}, {""Construction Type"": 25}, {""Valid Certificate of Compliance"": 100}], ""SprinklerType"": [{""sprinklerType"": ""NFPA 13R Sprinkler System"", ""sprinklerCertificateExpiration"": ""2023-05-18""}], ""FireExtinguisherCertificateExpiration"": ""2023-05-18T00:00:00.000Z"", ""NotificationSystem"": [{""subCategory"": ""Fire Alarm System"", ""notificationType"": ""Fire Alarm System"", ""notificationSystemCertificateExpiration"": ""2024-06-11""}, {""subCategory"": ""Single Station Smoke Alarm"", ""notificationType"": ""Single Station Smoke Alarm"", ""notificationSystemCertificateExpiration"": ""2024-01-11""}, {""subCategory"": ""CO Detector"", ""notificationType"": ""CO Detector"", ""notificationSystemCertificateExpiration"": ""auto""}], ""HasValidCertificateOfOccupancy"": true, ""MeetsMinimumRequirements"": false, ""ExceedsRequirements"": false, ""HasFireResistantConstructionType"": false, ""SatisfiesApplicableCode"": true, ""CertificateExpirationDate"": ""2025-12-14T00:00:00.000Z"", ""DateLastUpdated"": ""2025-10-19T07:01:33.000Z""}"
5246,4430,2025-06-15T00:00:00.000Z,2,211 Linden Avenue,13,Ithaca,14850,3 bedroom apartment located on Linden Avenue in Collegetown. Contains 1.5 bathrooms. ,"3 bedroom apartment on Linden Avenue in Collegetown, located near by Cornell University. Available for subletting from June 15th to August 15th with 3 available rooms and 1.5 bathrooms. Price is negotiable! ",800,Price Per Person,No,"['Kitchen', 'Heat Included', 'Air Conditioning', 'Laundry Facilities', 'Permitted Street Parking Available', 'Water Included', 'Near Bus Route', 'Off-Street Parking Available']",No Preference,3,1.5,['Summer Sublet'],Rent,42.45111946207675,-76.48299660456628,"{'lat': 42.45111946207675, 'lng': -76.48299660456628}",True,2025-12-22T00:00:00.000Z,True,No,2025-04-22T00:22:22.370Z,2025-05-08T01:29:01.612Z,,"[{'PhotoId': 40422, 'PhotoName': 'Screenshot 2025-04-21 at 8.27.29 PM.png', 'IsDefault': True, 'AddedDateTime': '2025-04-22T00:30:33.752Z', 'listingId': 5246, 'PhotoUrl': 'https://images.listings.offcampusliving.cornell.edu/listings/5246/Screenshot 2025-04-21 at 8.27.29 PM.png', 'SortOrder': None}, {'PhotoId': 40423, 'PhotoName': 'Screenshot 2025-04-21 at 8.27.58 PM.png', 'IsDefault': False, 'AddedDateTime': '2025-04-22T00:30:34.243Z', 'listingId': 5246, 'PhotoUrl': 'https://images.listings.offcampusliving.cornell.edu/listings/5246/Screenshot 2025-04-21 at 8.27.58 PM.png', 'SortOrder': None}, {'PhotoId': 40424, 'PhotoName': 'Screenshot 2025-04-21 at 8.28.08 PM.png', 'IsDefault': False, 'AddedDateTime': '2025-04-22T00:30:34.766Z', 'listingId': 5246, 'PhotoUrl': 'https://images.listings.offcampusliving.cornell.edu/listings/5246/Screenshot 2025-04-21 at 8.28.08 PM.png', 'SortOrder': None}, {'PhotoId': 40425, 'PhotoName': 'Screenshot 2025-04-21 at 8.28.14 PM.png', 'IsDefault': False, 'AddedDateTime': '2025-04-22T00:30:35.508Z', 'listingId': 5246, 'PhotoUrl': 'https://images.listings.offcampusliving.cornell.edu/listings/5246/Screenshot 2025-04-21 at 8.28.14 PM.png', 'SortOrder': None}, {'PhotoId': 40426, 'PhotoName': 'Screenshot 2025-04-21 at 8.28.22 PM.png', 'IsDefault': False, 'AddedDateTime': '2025-04-22T00:30:36.291Z', 'listingId': 5246, 'PhotoUrl': 'https://images.listings.offcampusliving.cornell.edu/listings/5246/Screenshot 2025-04-21 at 8.28.22 PM.png', 'SortOrder': None}, {'PhotoId': 40427, 'PhotoName': 'Screenshot 2025-04-21 at 8.28.34 PM.png', 'IsDefault': False, 'AddedDateTime': '2025-04-22T00:30:36.743Z', 'listingId': 5246, 'PhotoUrl': 'https://images.listings.offcampusliving.cornell.edu/listings/5246/Screenshot 2025-04-21 at 8.28.34 PM.png', 'SortOrder': None}, {'PhotoId': 40428, 'PhotoName': 'Screenshot 2025-04-21 at 8.28.39 PM.png', 'IsDefault': False, 'AddedDateTime': '2025-04-22T00:30:37.439Z', 'listingId': 5246, 'PhotoUrl': 'https://images.listings.offcampusliving.cornell.edu/listings/5246/Screenshot 2025-04-21 at 8.28.39 PM.png', 'SortOrder': None}]",
5247,4431,2025-08-11T00:00:00.000Z,12,210 E Green St,Available,Ithaca,14850,The Ithacan Residences ,"At The Ithacan Residences, you aren’t just living in the heart of Ithaca, you’re part of it. Located at The Commons, take a step outside to find your choice of popular restaurants, shopping options, and more, all within walking distance. Our living spaces feature hardwood floors, stainless steel appliances, and are available in multiple floor plans. The Ithacan Residences provides a living experience that is simply unmatched.",2459,Price Per Person,Yes,"['Air Conditioning', 'Near Bus Route', 'Off-Street Parking Available', 'Kitchen', 'Internet Available', 'Wheelchair Accessible']",No Preference,2,2,"['Short-Term Housing', 'Fall Sublet', 'Spring Sublet', 'Summer Sublet', 'Undergraduate']",Rent,42.43893036127823,-76.4961427202434,"{'lat': 42.43893036127823, 'lng': -76.4961427202434}",True,2026-04-22T00:00:00.000Z,True,Yes,2025-04-22T20:11:19.378Z,2025-04-22T22:00:21.066Z,,"[{'PhotoId': 40438, 'PhotoName': 'Ithacan 1.jpg', 'IsDefault': True, 'AddedDateTime': '2025-04-22T21:58:12.132Z', 'listingId': 5247, 'PhotoUrl': 'https://images.listings.offcampusliving.cornell.edu/listings/5247/Ithacan 1.jpg', 'SortOrder': None}, {'PhotoId': 40439, 'PhotoName': 'Ithacan 2.jpg', 'IsDefault': False, 'AddedDateTime': '2025-04-22T21:58:16.821Z', 'listingId': 5247, 'PhotoUrl': 'https://images.listings.offcampusliving.cornell.edu/listings/5247/Ithacan 2.jpg', 'SortOrder': None}, {'PhotoId': 40440, 'PhotoName': 'Ithacan 3.jpg', 'IsDefault': False, 'AddedDateTime': '2025-04-22T21:58:21.337Z', 'listingId': 5247, 'PhotoUrl': 'https://images.listings.offcampusliving.cornell.edu/listings/5247/Ithacan 3.jpg', 'SortOrder': None}, {'PhotoId': 40441, 'PhotoName': 'Ithacan 4.jpg', 'IsDefault': False, 'AddedDateTime': '2025-04-22T21:58:25.207Z', 'listingId': 5247, 'PhotoUrl': 'https://images.listings.offcampusliving.cornell.edu/listings/5247/Ithacan 4.jpg', 'SortOrder': None}, {'PhotoId': 40442, 'PhotoName': 'IThacan 5.jpg', 'IsDefault': False, 'AddedDateTime': '2025-04-22T21:58:30.771Z', 'listingId': 5247, 'PhotoUrl': 'https://images.listings.offcampusliving.cornell.edu/listings/5247/IThacan 5.jpg', 'SortOrder': None}, {'PhotoId': 40443, 'PhotoName': 'Ithacan 6.jpg', 'IsDefault': False, 'AddedDateTime': '2025-04-22T21:58:35.590Z', 'listingId': 5247, 'PhotoUrl': 'https://images.listings.offcampusliving.cornell.edu/listings/5247/Ithacan 6.jpg', 'SortOrder': None}, {'PhotoId': 40444, 'PhotoName': 'Ithacan 7.jpg', 'IsDefault': False, 'AddedDateTime': '2025-04-22T21:58:42.085Z', 'listingId': 5247, 'PhotoUrl': 'https://images.listings.offcampusliving.cornell.edu/listings/5247/Ithacan 7.jpg', 'SortOrder': None}, {'PhotoId': 40445, 'PhotoName': 'Ithacan 8.jpg', 'IsDefault': False, 'AddedDateTime': '2025-04-22T21:58:46.028Z', 'listingId': 5247, 'PhotoUrl': 'https://images.listings.offcampusliving.cornell.edu/listings/5247/Ithacan 8.jpg', 'SortOrder': None}, {'PhotoId': 40446, 'PhotoName': 'Ithacan 9.jpg', 'IsDefault': False, 'AddedDateTime': '2025-04-22T21:58:49.902Z', 'listingId': 5247, 'PhotoUrl': 'https://images.listings.offcampusliving.cornell.edu/listings/5247/Ithacan 9.jpg', 'SortOrder': None}, {'PhotoId': 40447, 'PhotoName': 'Ithacan 10.jpg', 'IsDefault': False, 'AddedDateTime': '2025-04-22T21:58:53.359Z', 'listingId': 5247, 'PhotoUrl': 'https://images.listings.offcampusliving.cornell.edu/listings/5247/Ithacan 10.jpg', 'SortOrder': None}, {'PhotoId': 40448, 'PhotoName': 'Ithacan 11.jpg', 'IsDefault': False, 'AddedDateTime': '2025-04-22T21:58:56.889Z', 'listingId': 5247, 'PhotoUrl': 'https://images.listings.offcampusliving.cornell.edu/listings/5247/Ithacan 11.jpg', 'SortOrder': None}, {'PhotoId': 40449, 'PhotoName': 'ithacan 12.jpg', 'IsDefault': False, 'AddedDateTime': '2025-04-22T21:59:02.160Z', 'listingId': 5247, 'PhotoUrl': 'https://images.listings.offcampusliving.cornell.edu/listings/5247/ithacan 12.jpg', 'SortOrder': None}, {'PhotoId': 40450, 'PhotoName': 'Ithacan 13.jpg', 'IsDefault': False, 'AddedDateTime': '2025-04-22T21:59:06.045Z', 'listingId': 5247, 'PhotoUrl': 'https://images.listings.offcampusliving.cornell.edu/listings/5247/Ithacan 13.jpg', 'SortOrder': None}, {'PhotoId': 40451, 'PhotoName': 'Ithacan 14.jpg', 'IsDefault': False, 'AddedDateTime': '2025-04-22T21:59:10.067Z', 'listingId': 5247, 'PhotoUrl': 'https://images.listings.offcampusliving.cornell.edu/listings/5247/Ithacan 14.jpg', 'SortOrder': None}]",
5250,192,2025-10-06T00:00:00.000Z,10,21 Village Circle,,Ithaca,14850,Studio Apartments available in the Village Solars,"50% off Security deposit! Free washer/dryer with first lease! 2nd full month free! Online Tours & Virtual Viewings Available!  
Sign a Lease Today!

Secure a new rental from the convenience of your current residence via Facetime or Skype!!!
From start to finish, you can do it all online!

The nicest and newest apartments in Ithaca, these Lawrence Fabroni II designs feature passive solar construction built to be the brightest day lit apartments we can possibly create at an affordable price",1154,Price Per Unit,Yes,"['Air Conditioning', 'Electronic Payments Accepted', 'Internet Available', 'Kitchen', 'Laundry Facilities', 'Off-Street Parking Available', 'Near Bus Route']",No Preference,studio,1,"['Commencement', 'Graduate', 'Sabbatic Housing', 'Short-Term Housing', 'Staff/Faculty', 'Undergraduate']",Rent,42.44837046775416,-76.48426123840574,"{'lat': 42.44837046775416, 'lng': -76.48426123840574}",True,2025-10-30T00:00:00.000Z,True,No,2025-04-24T17:46:54.118Z,2025-10-06T17:25:24.347Z,,"[{'PhotoId': 40470, 'PhotoName': 'VS1.jpg', 'IsDefault': True, 'AddedDateTime': '2025-04-24T17:49:01.125Z', 'listingId': 5250, 'PhotoUrl': 'https://images.listings.offcampusliving.cornell.edu/listings/5250/VS1.jpg', 'SortOrder': None}, {'PhotoId': 40471, 'PhotoName': 'VS2.jpg', 'IsDefault': False, 'AddedDateTime': '2025-04-24T17:49:01.328Z', 'listingId': 5250, 'PhotoUrl': 'https://images.listings.offcampusliving.cornell.edu/listings/5250/VS2.jpg', 'SortOrder': None}, {'PhotoId': 40472, 'PhotoName': 'VS3.jpg', 'IsDefault': False, 'AddedDateTime': '2025-04-24T17:49:01.623Z', 'listingId': 5250, 'PhotoUrl': 'https://images.listings.offcampusliving.cornell.edu/listings/5250/VS3.jpg', 'SortOrder': None}, {'PhotoId': 40473, 'PhotoName': 'VS4.jpg', 'IsDefault': False, 'AddedDateTime': '2025-04-24T17:49:02.041Z', 'listingId': 5250, 'PhotoUrl': 'https://images.listings.offcampusliving.cornell.edu/listings/5250/VS4.jpg', 'SortOrder': None}]",
5251,192,2025-10-06T00:00:00.000Z,10,40 Village Circle,,Ithaca,14850,Jr. 1 bed apartment available at the Village Solars,"Free washer/dryer with 1st lease. 50% off Security deposit! 2nd full month free! Online Tours & Virtual Viewings Available!
Sign a Lease Today!

Secure a new rental from the convenience of your current residence via Facetime or Skype!
The nicest and newest apartments in Ithaca, these Lawrence Fabroni II designs feature passive solar construction built to be the brightest day lit apartments we can possibly create at an affordable price",1421,Price Per Unit,Yes,"['Air Conditioning', 'Electronic Payments Accepted', 'Internet Available', 'Kitchen', 'Laundry Facilities', 'Near Bus Route', 'Off-Street Parking Available']",No Preference,1,1,"['Graduate', 'Sabbatic Housing', 'Short-Term Housing', 'Staff/Faculty', 'Undergraduate']",Rent,42.44804544984224,-76.48410757716391,"{'lat': 42.44804544984224, 'lng': -76.48410757716391}",True,2025-10-30T00:00:00.000Z,True,No,2025-04-24T17:53:15.715Z,2025-10-06T17:23:50.405Z,,"[{'PhotoId': 40474, 'PhotoName': 'VS3.jpg', 'IsDefault': True, 'AddedDateTime': '2025-04-24T17:55:11.284Z', 'listingId': 5251, 'PhotoUrl': 'https://images.listings.offcampusliving.cornell.edu/listings/5251/VS3.jpg', 'SortOrder': None}, {'PhotoId': 40475, 'PhotoName': 'VS4.jpg', 'IsDefault': False, 'AddedDateTime': '2025-04-24T17:55:11.506Z', 'listingId': 5251, 'PhotoUrl': 'https://images.listings.offcampusliving.cornell.edu/listings/5251/VS4.jpg', 'SortOrder': None}, {'PhotoId': 40476, 'PhotoName': 'VS1.jpg', 'IsDefault': False, 'AddedDateTime': '2025-04-24T17:55:11.719Z', 'listingId': 5251, 'PhotoUrl': 'https://images.listings.offcampusliving.cornell.edu/listings/5251/VS1.jpg', 'SortOrder': None}, {'PhotoId': 40477, 'PhotoName': 'VS2.jpg', 'IsDefault': False, 'AddedDateTime': '2025-04-24T17:55:11.897Z', 'listingId': 5251, 'PhotoUrl': 'https://images.listings.offcampusliving.cornell.edu/listings/5251/VS2.jpg', 'SortOrder': None}]",
5252,192,2025-10-06T00:00:00.000Z,10,40 Village Circle,T,Ithaca,14850,Large 1 bedroom available in the Village Solars,"50% off Security deposit! Free washer/dryer with 1st lease! 2nd full month free! Online Tours & Virtual Viewings Available! 
Sign a Lease Today!

Secure a new rental from the convenience of your current residence via Facetime or Skype!!!
From start to finish, you can do it all online!

The nicest and newest apartments in Ithaca, these Lawrence Fabroni II designs feature passive solar construction built to be the brightest day lit apartments we can possibly create at an affordable price",1636,Price Per Unit,Yes,"['Air Conditioning', 'Electronic Payments Accepted', 'Internet Available', 'Kitchen', 'Laundry Facilities', 'Near Bus Route', 'Off-Street Parking Available']",No Preference,1,1,"['Graduate', 'Sabbatic Housing', 'Short-Term Housing', 'Staff/Faculty', 'Undergraduate']",Rent,42.44860231125224,-76.48422798941559,"{'lat': 42.44860231125224, 'lng': -76.48422798941559}",True,2025-10-30T00:00:00.000Z,True,No,2025-04-24T18:01:38.654Z,2025-10-06T17:21:52.769Z,,"[{'PhotoId': 40478, 'PhotoName': 'VS1.jpg', 'IsDefault': True, 'AddedDateTime': '2025-04-24T18:03:35.309Z', 'listingId': 5252, 'PhotoUrl': 'https://images.listings.offcampusliving.cornell.edu/listings/5252/VS1.jpg', 'SortOrder': None}, {'PhotoId': 40479, 'PhotoName': 'VS2.jpg', 'IsDefault': False, 'AddedDateTime': '2025-04-24T18:03:35.617Z', 'listingId': 5252, 'PhotoUrl': 'https://images.listings.offcampusliving.cornell.edu/listings/5252/VS2.jpg', 'SortOrder': None}, {'PhotoId': 40480, 'PhotoName': 'VS3.jpg', 'IsDefault': False, 'AddedDateTime': '2025-04-24T18:03:35.880Z', 'listingId': 5252, 'PhotoUrl': 'https://images.listings.offcampusliving.cornell.edu/listings/5252/VS3.jpg', 'SortOrder': None}, {'PhotoId': 40481, 'PhotoName': 'VS4.jpg', 'IsDefault': False, 'AddedDateTime': '2025-04-24T18:03:36.227Z', 'listingId': 5252, 'PhotoUrl': 'https://images.listings.offcampusliving.cornell.edu/listings/5252/VS4.jpg', 'SortOrder': None}, {'PhotoId': 40482, 'PhotoName': 'VS5.jpg', 'IsDefault': False, 'AddedDateTime': '2025-04-24T18:03:36.459Z', 'listingId': 5252, 'PhotoUrl': 'https://images.listings.offcampusliving.cornell.edu/listings/5252/VS5.jpg', 'SortOrder': None}]",
5253,192,2025-10-06T00:00:00.000Z,10,36 Village Circle,V,Ithaca,14850,2bed/2bath apartments available at Village Solars,"Free washer/dryer with 1st lease. 50% off security, 2nd full month free! Security deposit! Tours & Virtual Viewings Available! Brand New Units, Ready to Lease Now!
Sign a Lease Today!

Secure a new rental from the convenience of your current residence via Facetime or Skype!
The nicest and newest apartments in Ithaca, these Lawrence Fabroni II designs feature passive solar construction built to be the brightest day lit apartments we can possibly create at an affordable price",1685,Price Per Unit,Yes,"['Air Conditioning', 'Electronic Payments Accepted', 'Internet Available', 'Kitchen', 'Laundry Facilities', 'Near Bus Route', 'Off-Street Parking Available']",No Preference,2,2,"['Graduate', 'Sabbatic Housing', 'Short-Term Housing', 'Staff/Faculty', 'Undergraduate']",Rent,42.44986880226893,-76.4838745381706,"{'lat': 42.44986880226893, 'lng': -76.4838745381706}",True,2025-10-30T00:00:00.000Z,True,No,2025-04-24T18:06:37.868Z,2025-10-06T17:20:09.136Z,,"[{'PhotoId': 40483, 'PhotoName': 'VS4.jpg', 'IsDefault': True, 'AddedDateTime': '2025-04-24T18:08:23.086Z', 'listingId': 5253, 'PhotoUrl': 'https://images.listings.offcampusliving.cornell.edu/listings/5253/VS4.jpg', 'SortOrder': None}, {'PhotoId': 40484, 'PhotoName': 'VS5.jpg', 'IsDefault': False, 'AddedDateTime': '2025-04-24T18:08:23.341Z', 'listingId': 5253, 'PhotoUrl': 'https://images.listings.offcampusliving.cornell.edu/listings/5253/VS5.jpg', 'SortOrder': None}, {'PhotoId': 40485, 'PhotoName': 'VS1.jpg', 'IsDefault': False, 'AddedDateTime': '2025-04-24T18:08:23.603Z', 'listingId': 5253, 'PhotoUrl': 'https://images.listings.offcampusliving.cornell.edu/listings/5253/VS1.jpg', 'SortOrder': None}, {'PhotoId': 40486, 'PhotoName': 'VS2.jpg', 'IsDefault': False, 'AddedDateTime': '2025-04-24T18:08:23.879Z', 'listingId': 5253, 'PhotoUrl': 'https://images.listings.offcampusliving.cornell.edu/listings/5253/VS2.jpg', 'SortOrder': None}, {'PhotoId': 40487, 'PhotoName': 'VS3.jpg', 'IsDefault': False, 'AddedDateTime': '2025-04-24T18:08:24.143Z', 'listingId': 5253, 'PhotoUrl': 'https://images.listings.offcampusliving.cornell.edu/listings/5253/VS3.jpg', 'SortOrder': None}]",
5254,192,2025-10-06T00:00:00.000Z,10,36 Village Circle,M,Ithaca,14850,3bed/2bath available at Village Solars,"Free washer/dryer with 1st lease. 50% off security deposit, 2nd full month free! Online Tours & Virtual Viewings Available! Brand New Units,Ready to Lease Now!
Sign a Lease Today!

Secure a new rental from the convenience of your current residence via Facetime or Skype!
The nicest and newest apartments in Ithaca, these Lawrence Fabroni II designs feature passive solar construction built to be the brightest day lit apartments we can possibly create at an affordable price",1925,Price Per Unit,Yes,"['Air Conditioning', 'Electronic Payments Accepted', 'Internet Available', 'Kitchen', 'Laundry Facilities', 'Near Bus Route', 'Off-Street Parking Available']",No Preference,3,2,"['Graduate', 'Sabbatic Housing', 'Short-Term Housing', 'Staff/Faculty', 'Undergraduate']",Rent,42.44948076893523,-76.48404869977759,"{'lat': 42.44948076893523, 'lng': -76.48404869977759}",True,2025-10-30T00:00:00.000Z,True,No,2025-04-24T18:11:06.429Z,2025-10-06T17:19:03.368Z,,"[{'PhotoId': 40488, 'PhotoName': 'VS2.jpg', 'IsDefault': True, 'AddedDateTime': '2025-04-24T18:12:43.870Z', 'listingId': 5254, 'PhotoUrl': 'https://images.listings.offcampusliving.cornell.edu/listings/5254/VS2.jpg', 'SortOrder': None}, {'PhotoId': 40489, 'PhotoName': 'VS1.jpg', 'IsDefault': False, 'AddedDateTime': '2025-04-24T18:12:44.098Z', 'listingId': 5254, 'PhotoUrl': 'https://images.listings.offcampusliving.cornell.edu/listings/5254/VS1.jpg', 'SortOrder': None}, {'PhotoId': 40490, 'PhotoName': 'VS5.jpg', 'IsDefault': False, 'AddedDateTime': '2025-04-24T18:12:44.334Z', 'listingId': 5254, 'PhotoUrl': 'https://images.listings.offcampusliving.cornell.edu/listings/5254/VS5.jpg', 'SortOrder': None}, {'PhotoId': 40491, 'PhotoName': 'VS4.jpg', 'IsDefault': False, 'AddedDateTime': '2025-04-24T18:12:44.685Z', 'listingId': 5254, 'PhotoUrl': 'https://images.listings.offcampusliving.cornell.edu/listings/5254/VS4.jpg', 'SortOrder': None}, {'PhotoId': 40492, 'PhotoName': 'VS3.jpg', 'IsDefault': False, 'AddedDateTime': '2025-04-24T18:12:44.948Z', 'listingId': 5254, 'PhotoUrl': 'https://images.listings.offcampusliving.cornell.edu/listings/5254/VS3.jpg', 'SortOrder': None}]",
5260,4443,2025-12-31T00:00:00.000Z,5,403 College Avenue,,Ithaca,14850,"Comfortable, spacious bedroom available for spring sublease, just a short walk to Cornell's campus in the heart of Collegetown!","- Two full bathrooms – no more morning wait times!
- A huge kitchen with plenty of counter space for cooking and meal prep with two fridges, oven and stovetop, microwave, large kitchen sink, and dishwasher
- A spacious dining room – ideal for hosting friends or enjoying meals together
- A large living room – the perfect hangout spot after class with TV
- In Unit laundry room with industrial sized machines
- High speed Wifi
",900,Price Per Unit,No,"['Heat Included', 'Kitchen', 'Laundry Facilities', 'Near Bus Route', 'Furnished', 'Permitted Street Parking Available', 'Water Included', 'Internet Available', 'Internet Included', 'Electronic Payments Accepted']",No Preference,1,2,"['Spring Sublet', 'Undergraduate', 'Graduate', 'Short-Term Housing', 'Staff/Faculty']",Room to Rent,42.44166118443621,-76.4853425701089,"{'lat': 42.44166118443621, 'lng': -76.4853425701089}",True,2027-10-28T00:00:00.000Z,True,Yes,2025-04-29T13:42:36.294Z,2025-09-02T18:49:49.505Z,403 COLLEGE AVENUE,"[{'PhotoId': 42866, 'PhotoName': 'IMG_4347.jpeg', 'IsDefault': True, 'AddedDateTime': '2025-08-26T15:24:25.812Z', 'listingId': 5260, 'PhotoUrl': 'https://images.listings.offcampusliving.cornell.edu/listings/5260/IMG_4347.jpeg', 'SortOrder': 1}, {'PhotoId': 42867, 'PhotoName': 'IMG_4345.jpeg', 'IsDefault': False, 'AddedDateTime': '2025-08-26T15:24:27.512Z', 'listingId': 5260, 'PhotoUrl': 'https://images.listings.offcampusliving.cornell.edu/listings/5260/IMG_4345.jpeg', 'SortOrder': 2}, {'PhotoId': 42868, 'PhotoName': 'IMG_4309.jpeg', 'IsDefault': False, 'AddedDateTime': '2025-08-26T15:24:31.624Z', 'listingId': 5260, 'PhotoUrl': 'https://images.listings.offcampusliving.cornell.edu/listings/5260/IMG_4309.jpeg', 'SortOrder': 3}, {'PhotoId': 42870, 'PhotoName': 'Screenshot 2025-08-26 at 10.56.45â\x80¯AM.png', 'IsDefault': False, 'AddedDateTime': '2025-08-26T15:26:25.253Z', 'listingId': 5260, 'PhotoUrl': 'https://images.listings.offcampusliving.cornell.edu/listings/5260/Screenshot 2025-08-26 at 10.56.45â\x80¯AM.png', 'SortOrder': 4}, {'PhotoId': 42869, 'PhotoName': 'Screenshot 2025-08-26 at 11.25.05â\x80¯AM.png', 'IsDefault': False, 'AddedDateTime': '2025-08-26T15:26:22.690Z', 'listingId': 5260, 'PhotoUrl': 'https://images.listings.offcampusliving.cornell.edu/listings/5260/Screenshot 2025-08-26 at 11.25.05â\x80¯AM.png', 'SortOrder': 5}, {'PhotoId': 42871, 'PhotoName': 'Screenshot 2025-08-26 at 11.25.28â\x80¯AM.png', 'IsDefault': False, 'AddedDateTime': '2025-08-26T15:26:29.398Z', 'listingId': 5260, 'PhotoUrl': 'https://images.listings.offcampusliving.cornell.edu/listings/5260/Screenshot 2025-08-26 at 11.25.28â\x80¯AM.png', 'SortOrder': 6}, {'PhotoId': 42873, 'PhotoName': 'Screenshot 2025-08-26 at 11.27.08â\x80¯AM.png', 'IsDefault': False, 'AddedDateTime': '2025-08-26T15:27:20.611Z', 'listingId': 5260, 'PhotoUrl': 'https://images.listings.offcampusliving.cornell.edu/listings/5260/Screenshot 2025-08-26 at 11.27.08â\x80¯AM.png', 'SortOrder': 7}, {'PhotoId': 42872, 'PhotoName': 'Screenshot 2025-08-26 at 11.25.44â\x80¯AM.png', 'IsDefault': False, 'AddedDateTime': '2025-08-26T15:26:32.622Z', 'listingId': 5260, 'PhotoUrl': 'https://images.listings.offcampusliving.cornell.edu/listings/5260/Screenshot 2025-08-26 at 11.25.44â\x80¯AM.png', 'SortOrder': 8}]","{""BuildingAddress"": ""403 COLLEGE AVENUE"", ""OverallSafetyRating"": 15, ""CategoryScores"": [{""Fire Protection"": 0}, {""Notification Systems"": 2}, {""Emergency Egress"": 0}, {""Applicable Code"": 0}, {""Fire Extinguishers"": 0}, {""Construction Type"": 5}, {""Valid Certificate of Compliance"": 8}], ""OverallSafetyRatingAsPercentage"": 32, ""CategoryScoresAsPercentage"": [{""Fire Protection"": 0}, {""Notification Systems"": 33}, {""Emergency Egress"": 0}, {""Applicable Code"": 0}, {""Fire Extinguishers"": 0}, {""Construction Type"": 41}, {""Valid Certificate of Compliance"": 100}], ""SprinklerType"": [{""sprinklerType"": ""NFPA 13 Sprinkler System"", ""sprinklerCertificateExpiration"": ""2025-03-17""}], ""FireExtinguisherCertificateExpiration"": ""2025-02-28T00:00:00.000Z"", ""NotificationSystem"": [{""subCategory"": ""Single Station Smoke Alarm"", ""notificationType"": ""Single Station Smoke Alarm"", ""notificationSystemCertificateExpiration"": ""2025-03-26""}, {""subCategory"": ""Fire Alarm System"", ""notificationType"": ""Fire Alarm System"", ""notificationSystemCertificateExpiration"": ""2025-11-18""}], ""HasValidCertificateOfOccupancy"": true, ""MeetsMinimumRequirements"": false, ""ExceedsRequirements"": false, ""HasFireResistantConstructionType"": false, ""SatisfiesApplicableCode"": false, ""CertificateExpirationDate"": ""2027-12-05T00:00:00.000Z"", ""DateLastUpdated"": ""2025-10-19T07:01:53.000Z""}"
5262,4446,2025-05-15T00:00:00.000Z,3,125 College Avenue,115,Ithaca,14850,"Large 1 Bedroom apartment (504 sqft.) available for a May - June -July sublease (move-in date flexible). It is a 5 minutes walk both to Cornell campus and Downtown, plus several bus routes nearby.","Large 1 Bedroom apartment (504 sqft.) available for a May - June -July sublease (move-in date is flexible). It is a 5 minutes walk both to Cornell campus and Downtown Ithaca, plus several bus routes have stops within a 100 meters radius.

The unit comes with: 
- FURNITURE
- UTILITIES (EXCEPT ELECTRICITY)
- WASHER/DRYER 
- DISHWASHER
- AIR CONDITIONER
- INTERNET (350mbps)
- MICROWAVE, OVEN, 

Please contact me at mt876@cornell.edu or +1 (607)-663-0036 to further inquire!
Price is negotiable",2000,Price Per Unit,Yes,"['Air Conditioning', 'Electronic Payments Accepted', 'Furnished', 'Internet Available', 'Internet Included', 'Near Bus Route', 'Kitchen', 'Laundry Facilities', 'Permitted Street Parking Available', 'Water Included']",No Preference,1,1,['Summer Sublet'],Rent,42.43872560960339,-76.48524496398707,"{'lat': 42.43872560960339, 'lng': -76.48524496398707}",True,2025-10-29T00:00:00.000Z,True,Yes,2025-04-29T23:04:12.414Z,2025-05-04T17:28:38.497Z,125 COLLEGE AVENUE,"[{'PhotoId': 40638, 'PhotoName': 'one.jpg', 'IsDefault': True, 'AddedDateTime': '2025-04-29T23:10:48.178Z', 'listingId': 5262, 'PhotoUrl': 'https://images.listings.offcampusliving.cornell.edu/listings/5262/one.jpg', 'SortOrder': 3}, {'PhotoId': 40639, 'PhotoName': 'two.jpg', 'IsDefault': False, 'AddedDateTime': '2025-04-29T23:10:54.759Z', 'listingId': 5262, 'PhotoUrl': 'https://images.listings.offcampusliving.cornell.edu/listings/5262/two.jpg', 'SortOrder': 1}, {'PhotoId': 40642, 'PhotoName': 'five.jpg', 'IsDefault': False, 'AddedDateTime': '2025-04-29T23:11:17.487Z', 'listingId': 5262, 'PhotoUrl': 'https://images.listings.offcampusliving.cornell.edu/listings/5262/five.jpg', 'SortOrder': 2}, {'PhotoId': 40643, 'PhotoName': 'six.jpg', 'IsDefault': False, 'AddedDateTime': '2025-04-29T23:11:23.317Z', 'listingId': 5262, 'PhotoUrl': 'https://images.listings.offcampusliving.cornell.edu/listings/5262/six.jpg', 'SortOrder': 4}, {'PhotoId': 40644, 'PhotoName': 'seven.jpg', 'IsDefault': False, 'AddedDateTime': '2025-04-29T23:11:27.665Z', 'listingId': 5262, 'PhotoUrl': 'https://images.listings.offcampusliving.cornell.edu/listings/5262/seven.jpg', 'SortOrder': 5}, {'PhotoId': 40640, 'PhotoName': 'three.jpg', 'IsDefault': False, 'AddedDateTime': '2025-04-29T23:11:00.295Z', 'listingId': 5262, 'PhotoUrl': 'https://images.listings.offcampusliving.cornell.edu/listings/5262/three.jpg', 'SortOrder': 6}, {'PhotoId': 40641, 'PhotoName': 'four.jpg', 'IsDefault': False, 'AddedDateTime': '2025-04-29T23:11:09.985Z', 'listingId': 5262, 'PhotoUrl': 'https://images.listings.offcampusliving.cornell.edu/listings/5262/four.jpg', 'SortOrder': 7}]","{""BuildingAddress"": ""125 COLLEGE AVENUE"", ""OverallSafetyRating"": 22, ""CategoryScores"": [{""Fire Protection"": 0}, {""Notification Systems"": 0}, {""Emergency Egress"": 0}, {""Applicable Code"": 6}, {""Fire Extinguishers"": 0}, {""Construction Type"": 8}, {""Valid Certificate of Compliance"": 8}], ""OverallSafetyRatingAsPercentage"": 47, ""CategoryScoresAsPercentage"": [{""Fire Protection"": 0}, {""Notification Systems"": 0}, {""Emergency Egress"": 0}, {""Applicable Code"": 100}, {""Fire Extinguishers"": 0}, {""Construction Type"": 66}, {""Valid Certificate of Compliance"": 100}], ""SprinklerType"": [{""sprinklerType"": ""NFPA 13 Sprinkler System"", ""sprinklerCertificateExpiration"": ""2023-11-16""}], ""FireExtinguisherCertificateExpiration"": null, ""NotificationSystem"": [{""subCategory"": ""Fire Alarm System"", ""notificationType"": ""Fire Alarm System"", ""notificationSystemCertificateExpiration"": ""2023-08-17""}], ""HasValidCertificateOfOccupancy"": true, ""MeetsMinimumRequirements"": false, ""ExceedsRequirements"": false, ""HasFireResistantConstructionType"": true, ""SatisfiesApplicableCode"": true, ""CertificateExpirationDate"": ""2026-01-05T00:00:00.000Z"", ""DateLastUpdated"": ""2025-10-19T07:01:36.000Z""}"
5283,4458,2026-01-01T00:00:00.000Z,5,111 Harvard Place,,Ithaca,14850,"A well sized room in a larger house, which will be free through Spring and likely the Summer (lease extendable). Complete with a desk, matress, and a full kitchen at your disposal.","The property is a 5 minute walk from Collegetown center, and the Engineering quad. It is spacious with a patio, backyard, basement (for storage), and a three kitchens. This summer there will only be three people staying there of the original tenents so it will provide a quiet space to live and work near to campus. The room will only require sheets and has a closet, desk, and matress. Should you have friends that also need housing for the spring, please feel free to reach out as I can coordinate.",850,Price Per Person,Yes,"['Air Conditioning', 'Electricity Included', 'Furnished', 'Electronic Payments Accepted', 'Heat Included', 'Internet Included', 'Kitchen', 'Near Bus Route', 'Laundry Facilities', 'Off-Street Parking Included', 'Permitted Street Parking Available', 'Water Included']",No Preference,1,3,"['Summer Sublet', 'Spring Sublet']",Room to Rent,42.44059959396098,-76.48196950496865,"{'lat': 42.44059959396098, 'lng': -76.48196950496865}",True,2026-03-30T00:00:00.000Z,True,Yes,2025-05-10T16:42:54.839Z,2025-09-30T15:58:42.839Z,111 HARVARD PLACE,"[{'PhotoId': 40958, 'PhotoName': '111harvard2.png', 'IsDefault': True, 'AddedDateTime': '2025-05-10T16:51:31.721Z', 'listingId': 5283, 'PhotoUrl': 'https://images.listings.offcampusliving.cornell.edu/listings/5283/111harvard2.png', 'SortOrder': 1}, {'PhotoId': 40959, 'PhotoName': '111harvard3.png', 'IsDefault': False, 'AddedDateTime': '2025-05-10T16:51:31.979Z', 'listingId': 5283, 'PhotoUrl': 'https://images.listings.offcampusliving.cornell.edu/listings/5283/111harvard3.png', 'SortOrder': 2}, {'PhotoId': 40957, 'PhotoName': '111harvard1.png', 'IsDefault': False, 'AddedDateTime': '2025-05-10T16:51:31.437Z', 'listingId': 5283, 'PhotoUrl': 'https://images.listings.offcampusliving.cornell.edu/listings/5283/111harvard1.png', 'SortOrder': 3}, {'PhotoId': 40960, 'PhotoName': '111harvard4.png', 'IsDefault': False, 'AddedDateTime': '2025-05-10T16:51:32.285Z', 'listingId': 5283, 'PhotoUrl': 'https://images.listings.offcampusliving.cornell.edu/listings/5283/111harvard4.png', 'SortOrder': 4}]","{""BuildingAddress"": ""111 HARVARD PLACE"", ""OverallSafetyRating"": 8, ""CategoryScores"": [{""Fire Protection"": 0}, {""Notification Systems"": 0}, {""Emergency Egress"": 0}, {""Applicable Code"": 0}, {""Fire Extinguishers"": 0}, {""Construction Type"": 0}, {""Valid Certificate of Compliance"": 8}], ""OverallSafetyRatingAsPercentage"": 17, ""CategoryScoresAsPercentage"": [{""Fire Protection"": 0}, {""Notification Systems"": 0}, {""Emergency Egress"": 0}, {""Applicable Code"": 0}, {""Fire Extinguishers"": 0}, {""Construction Type"": 0}, {""Valid Certificate of Compliance"": 100}], ""SprinklerType"": [], ""FireExtinguisherCertificateExpiration"": null, ""NotificationSystem"": [{""subCategory"": ""Fire Alarm System"", ""notificationType"": ""Fire Alarm System"", ""notificationSystemCertificateExpiration"": ""2024-07-12""}, {""subCategory"": ""Single Station Smoke Alarm"", ""notificationType"": ""Single Station Smoke Alarm"", ""notificationSystemCertificateExpiration"": ""2024-01-18""}], ""HasValidCertificateOfOccupancy"": true, ""MeetsMinimumRequirements"": true, ""ExceedsRequirements"": false, ""HasFireResistantConstructionType"": false, ""SatisfiesApplicableCode"": false, ""CertificateExpirationDate"": ""2026-03-19T00:00:00.000Z"", ""DateLastUpdated"": ""2025-10-19T07:01:32.000Z""}"
5288,4463,2026-06-06T00:00:00.000Z,12,309 Oak Avenue,1,Ithaca,14850,Looking for a fantastic 2 bedroom or 3 bedroom furnished apartment in the heart of Collegetown?  Available for rent for 2 or 3 tenants. Parking and laundry available on site.,"309 Oak Avenue I & II is a two-story duplex, offering two separate three-bedroom, one-bathroom units. Each unit is furnished and is available for the 2026-27 school year.
The rent is just $990 per person. This property is ideally located just steps away from the Engineering campus via the scenic Cascadilla Gorge walking trail and the convenient Collegetown location is only a  5 to 7 minute walk to the Cornell campus.Laundry available on premises. Please call/text (203) 921-7727 with questions. ",990,Price Per Person,Yes,"['Furnished', 'Kitchen', 'Laundry Facilities', 'Near Bus Route', 'Off-Street Parking Available', 'Permitted Street Parking Available', 'Water Included', 'Wheelchair Accessible']",No Preference,3,1,"['Undergraduate', 'Graduate']",Share,42.44129083021793,-76.48112007668263,"{'lat': 42.44129083021793, 'lng': -76.48112007668263}",True,2026-05-13T00:00:00.000Z,True,Yes,2025-05-13T19:13:42.826Z,2025-09-24T11:35:27.572Z,309 OAK AVENUE,"[{'PhotoId': 40987, 'PhotoName': 'IMG_4062.png', 'IsDefault': True, 'AddedDateTime': '2025-05-13T19:24:31.914Z', 'listingId': 5288, 'PhotoUrl': 'https://images.listings.offcampusliving.cornell.edu/listings/5288/IMG_4062.png', 'SortOrder': None}, {'PhotoId': 40988, 'PhotoName': 'IMG_4063.png', 'IsDefault': False, 'AddedDateTime': '2025-05-13T19:24:33.144Z', 'listingId': 5288, 'PhotoUrl': 'https://images.listings.offcampusliving.cornell.edu/listings/5288/IMG_4063.png', 'SortOrder': None}, {'PhotoId': 40989, 'PhotoName': 'IMG_4064.png', 'IsDefault': False, 'AddedDateTime': '2025-05-13T19:24:34.880Z', 'listingId': 5288, 'PhotoUrl': 'https://images.listings.offcampusliving.cornell.edu/listings/5288/IMG_4064.png', 'SortOrder': None}, {'PhotoId': 40990, 'PhotoName': 'IMG_4065.png', 'IsDefault': False, 'AddedDateTime': '2025-05-13T19:24:35.742Z', 'listingId': 5288, 'PhotoUrl': 'https://images.listings.offcampusliving.cornell.edu/listings/5288/IMG_4065.png', 'SortOrder': None}, {'PhotoId': 40991, 'PhotoName': 'IMG_4066.png', 'IsDefault': False, 'AddedDateTime': '2025-05-13T19:24:36.632Z', 'listingId': 5288, 'PhotoUrl': 'https://images.listings.offcampusliving.cornell.edu/listings/5288/IMG_4066.png', 'SortOrder': None}, {'PhotoId': 40992, 'PhotoName': 'IMG_4067.png', 'IsDefault': False, 'AddedDateTime': '2025-05-13T19:24:37.493Z', 'listingId': 5288, 'PhotoUrl': 'https://images.listings.offcampusliving.cornell.edu/listings/5288/IMG_4067.png', 'SortOrder': None}, {'PhotoId': 40993, 'PhotoName': 'IMG_4064.png', 'IsDefault': False, 'AddedDateTime': '2025-05-13T19:24:39.521Z', 'listingId': 5288, 'PhotoUrl': 'https://images.listings.offcampusliving.cornell.edu/listings/5288/IMG_4064.png', 'SortOrder': None}, {'PhotoId': 41383, 'PhotoName': 'IMG_5950.jpeg', 'IsDefault': False, 'AddedDateTime': '2025-06-01T15:57:20.905Z', 'listingId': 5288, 'PhotoUrl': 'https://images.listings.offcampusliving.cornell.edu/listings/5288/IMG_5950.jpeg', 'SortOrder': None}, {'PhotoId': 41384, 'PhotoName': 'IMG_5949.jpeg', 'IsDefault': False, 'AddedDateTime': '2025-06-01T15:57:40.198Z', 'listingId': 5288, 'PhotoUrl': 'https://images.listings.offcampusliving.cornell.edu/listings/5288/IMG_5949.jpeg', 'SortOrder': None}, {'PhotoId': 41385, 'PhotoName': 'IMG_5948.jpeg', 'IsDefault': False, 'AddedDateTime': '2025-06-01T15:57:56.500Z', 'listingId': 5288, 'PhotoUrl': 'https://images.listings.offcampusliving.cornell.edu/listings/5288/IMG_5948.jpeg', 'SortOrder': None}, {'PhotoId': 41386, 'PhotoName': 'IMG_5947.jpeg', 'IsDefault': False, 'AddedDateTime': '2025-06-01T15:58:22.046Z', 'listingId': 5288, 'PhotoUrl': 'https://images.listings.offcampusliving.cornell.edu/listings/5288/IMG_5947.jpeg', 'SortOrder': None}, {'PhotoId': 41387, 'PhotoName': 'IMG_5946.jpeg', 'IsDefault': False, 'AddedDateTime': '2025-06-01T15:58:38.505Z', 'listingId': 5288, 'PhotoUrl': 'https://images.listings.offcampusliving.cornell.edu/listings/5288/IMG_5946.jpeg', 'SortOrder': None}, {'PhotoId': 41388, 'PhotoName': 'IMG_5959.jpeg', 'IsDefault': False, 'AddedDateTime': '2025-06-01T15:59:37.658Z', 'listingId': 5288, 'PhotoUrl': 'https://images.listings.offcampusliving.cornell.edu/listings/5288/IMG_5959.jpeg', 'SortOrder': None}, {'PhotoId': 41389, 'PhotoName': 'IMG_5963.jpeg', 'IsDefault': False, 'AddedDateTime': '2025-06-01T15:59:59.195Z', 'listingId': 5288, 'PhotoUrl': 'https://images.listings.offcampusliving.cornell.edu/listings/5288/IMG_5963.jpeg', 'SortOrder': None}, {'PhotoId': 41390, 'PhotoName': 'IMG_5962.jpeg', 'IsDefault': False, 'AddedDateTime': '2025-06-01T16:00:14.703Z', 'listingId': 5288, 'PhotoUrl': 'https://images.listings.offcampusliving.cornell.edu/listings/5288/IMG_5962.jpeg', 'SortOrder': None}]","{""BuildingAddress"": ""309 OAK AVENUE"", ""OverallSafetyRating"": 8, ""CategoryScores"": [{""Fire Protection"": 0}, {""Notification Systems"": 0}, {""Emergency Egress"": 0}, {""Applicable Code"": 0}, {""Fire Extinguishers"": 0}, {""Construction Type"": 0}, {""Valid Certificate of Compliance"": 8}], ""OverallSafetyRatingAsPercentage"": 17, ""CategoryScoresAsPercentage"": [{""Fire Protection"": 0}, {""Notification Systems"": 0}, {""Emergency Egress"": 0}, {""Applicable Code"": 0}, {""Fire Extinguishers"": 0}, {""Construction Type"": 0}, {""Valid Certificate of Compliance"": 100}], ""SprinklerType"": [], ""FireExtinguisherCertificateExpiration"": null, ""NotificationSystem"": [{""subCategory"": ""Single Station Smoke Alarm"", ""notificationType"": ""Single Station Smoke Alarm"", ""notificationSystemCertificateExpiration"": ""2023-11-13""}], ""HasValidCertificateOfOccupancy"": true, ""MeetsMinimumRequirements"": false, ""ExceedsRequirements"": false, ""HasFireResistantConstructionType"": false, ""SatisfiesApplicableCode"": false, ""CertificateExpirationDate"": ""2027-11-06T00:00:00.000Z"", ""DateLastUpdated"": ""2025-10-19T07:01:48.000Z""}"
5300,4471,2025-12-22T00:00:00.000Z,5,205 Dryden Road,501,Ithaca,14850,4 Bedroom/2 Bath Apartment in Collegetown Available for Sublets For Spring 2026 Semester ,"Willing to negotiate price. Dates are flexible. Please email ask278@cornell.edu or smw372@cornell.edu if you have any questions.   
More info and photos here: https://drydensouth.com   
Comes fully furnished with beds, mattresses, desks, dressers, couches, and chairs and includes heat/hot water. Other amenities: Fitness center, ATM, elevator, secure entrance, video intercom, separate AC/heat control, 10ft ceiling, indoor bike storage, onsite laundry, maximum soundproofing, built in 2016.",1100,Price Per Person,No,"['Air Conditioning', 'Wheelchair Accessible', 'Off-Street Parking Available', 'Near Bus Route', 'Laundry Facilities', 'Kitchen', 'Internet Available', 'Heat Included', 'Furnished', 'Electronic Payments Accepted', 'Water Included']",No Preference,4,2,"['Undergraduate', 'Staff/Faculty', 'Spring Sublet', 'Graduate']",Rent,42.44157787223234,-76.48490581296579,"{'lat': 42.44157787223234, 'lng': -76.48490581296579}",True,2027-05-25T00:00:00.000Z,True,Yes,2025-05-27T17:16:30.320Z,2025-10-20T01:56:24.263Z,205 DRYDEN ROAD,"[{'PhotoId': 41293, 'PhotoName': 'PNG image.png.jpeg', 'IsDefault': True, 'AddedDateTime': '2025-05-27T17:20:21.839Z', 'listingId': 5300, 'PhotoUrl': 'https://images.listings.offcampusliving.cornell.edu/listings/5300/PNG image.png.jpeg', 'SortOrder': 1}, {'PhotoId': 41294, 'PhotoName': 'Screenshot 2025-03-28 at 1.52.22â\x80¯PM.png.jpeg', 'IsDefault': False, 'AddedDateTime': '2025-05-27T17:20:35.018Z', 'listingId': 5300, 'PhotoUrl': 'https://images.listings.offcampusliving.cornell.edu/listings/5300/Screenshot 2025-03-28 at 1.52.22â\x80¯PM.png.jpeg', 'SortOrder': 2}, {'PhotoId': 41301, 'PhotoName': 'Screenshot 2025-03-28 at 1.52.43â\x80¯PM.png.jpeg', 'IsDefault': False, 'AddedDateTime': '2025-05-27T17:21:54.434Z', 'listingId': 5300, 'PhotoUrl': 'https://images.listings.offcampusliving.cornell.edu/listings/5300/Screenshot 2025-03-28 at 1.52.43â\x80¯PM.png.jpeg', 'SortOrder': 3}, {'PhotoId': 41298, 'PhotoName': 'Screenshot 2025-03-28 at 1.52.50â\x80¯PM.png.jpeg', 'IsDefault': False, 'AddedDateTime': '2025-05-27T17:21:30.158Z', 'listingId': 5300, 'PhotoUrl': 'https://images.listings.offcampusliving.cornell.edu/listings/5300/Screenshot 2025-03-28 at 1.52.50â\x80¯PM.png.jpeg', 'SortOrder': 4}, {'PhotoId': 41300, 'PhotoName': 'Screenshot 2025-03-28 at 1.55.22â\x80¯PM.png.jpeg', 'IsDefault': False, 'AddedDateTime': '2025-05-27T17:21:49.503Z', 'listingId': 5300, 'PhotoUrl': 'https://images.listings.offcampusliving.cornell.edu/listings/5300/Screenshot 2025-03-28 at 1.55.22â\x80¯PM.png.jpeg', 'SortOrder': 5}, {'PhotoId': 41295, 'PhotoName': 'Screenshot 2025-03-28 at 1.56.43â\x80¯PM.png.jpeg', 'IsDefault': False, 'AddedDateTime': '2025-05-27T17:21:06.350Z', 'listingId': 5300, 'PhotoUrl': 'https://images.listings.offcampusliving.cornell.edu/listings/5300/Screenshot 2025-03-28 at 1.56.43â\x80¯PM.png.jpeg', 'SortOrder': 6}, {'PhotoId': 41299, 'PhotoName': 'Screenshot 2025-03-28 at 1.56.21â\x80¯PM.png.jpeg', 'IsDefault': False, 'AddedDateTime': '2025-05-27T17:21:38.506Z', 'listingId': 5300, 'PhotoUrl': 'https://images.listings.offcampusliving.cornell.edu/listings/5300/Screenshot 2025-03-28 at 1.56.21â\x80¯PM.png.jpeg', 'SortOrder': 7}, {'PhotoId': 41302, 'PhotoName': 'Screenshot 2025-03-28 at 1.56.09â\x80¯PM.png.jpeg', 'IsDefault': False, 'AddedDateTime': '2025-05-27T17:22:01.899Z', 'listingId': 5300, 'PhotoUrl': 'https://images.listings.offcampusliving.cornell.edu/listings/5300/Screenshot 2025-03-28 at 1.56.09â\x80¯PM.png.jpeg', 'SortOrder': 8}, {'PhotoId': 41297, 'PhotoName': 'Screenshot 2025-03-28 at 1.53.05â\x80¯PM.png.jpeg', 'IsDefault': False, 'AddedDateTime': '2025-05-27T17:21:17.548Z', 'listingId': 5300, 'PhotoUrl': 'https://images.listings.offcampusliving.cornell.edu/listings/5300/Screenshot 2025-03-28 at 1.53.05â\x80¯PM.png.jpeg', 'SortOrder': 9}, {'PhotoId': 41296, 'PhotoName': 'Screenshot 2025-03-28 at 1.55.05â\x80¯PM.png.jpeg', 'IsDefault': False, 'AddedDateTime': '2025-05-27T17:21:11.029Z', 'listingId': 5300, 'PhotoUrl': 'https://images.listings.offcampusliving.cornell.edu/listings/5300/Screenshot 2025-03-28 at 1.55.05â\x80¯PM.png.jpeg', 'SortOrder': 10}]","{""BuildingAddress"": ""205 DRYDEN ROAD"", ""OverallSafetyRating"": 24, ""CategoryScores"": [{""Fire Protection"": 0}, {""Notification Systems"": 0}, {""Emergency Egress"": 0}, {""Applicable Code"": 6}, {""Fire Extinguishers"": 0}, {""Construction Type"": 10}, {""Valid Certificate of Compliance"": 8}], ""OverallSafetyRatingAsPercentage"": 52, ""CategoryScoresAsPercentage"": [{""Fire Protection"": 0}, {""Notification Systems"": 0}, {""Emergency Egress"": 0}, {""Applicable Code"": 100}, {""Fire Extinguishers"": 0}, {""Construction Type"": 83}, {""Valid Certificate of Compliance"": 100}], ""SprinklerType"": [{""sprinklerType"": ""NFPA 13R Sprinkler System"", ""sprinklerCertificateExpiration"": ""2025-02-13""}], ""FireExtinguisherCertificateExpiration"": null, ""NotificationSystem"": [{""subCategory"": ""Fire Alarm System"", ""notificationType"": ""Fire Alarm System"", ""notificationSystemCertificateExpiration"": ""2025-01-02""}, {""subCategory"": ""Single Station Smoke Alarm"", ""notificationType"": ""Single Station Smoke Alarm"", ""notificationSystemCertificateExpiration"": ""2024-01-10""}], ""HasValidCertificateOfOccupancy"": true, ""MeetsMinimumRequirements"": false, ""ExceedsRequirements"": false, ""HasFireResistantConstructionType"": true, ""SatisfiesApplicableCode"": true, ""CertificateExpirationDate"": ""2026-02-09T00:00:00.000Z"", ""DateLastUpdated"": ""2025-10-19T07:01:40.000Z""}"
5304,4477,2025-12-21T00:00:00.000Z,6,516 University Avenue,A01,Ithaca,14850,Room for rent in 3-bedroom apt - Ravenwood / Queen Bed,"DATES FLEXIBLE, SPRING SUBLET. 
QUEEN BED

I am looking to sublet one room in a Ravenwood apartment with 3 rooms total. There will be 2 male roommates during the duration of the sublet. Please reach out with dates or questions  ",750,Price Per Person,No,"['Internet Included', 'Near Bus Route', 'Kitchen', 'Laundry Facilities', 'Electronic Payments Accepted', 'Water Included', 'Permitted Street Parking Available', 'Furnished', 'Internet Available', 'Off-Street Parking Available', 'Heat Included']",No Preference,3,1,"['Spring Sublet', 'Undergraduate', 'Graduate', 'Short-Term Housing']",Room to Rent,42.45012161668115,-76.4925647337055,"{'lat': 42.45012161668115, 'lng': -76.4925647337055}",True,2026-03-05T00:00:00.000Z,True,Yes,2025-06-05T17:40:47.498Z,2025-10-19T15:55:48.345Z,516 UNIVERSITY AVENUE,"[{'PhotoId': 43658, 'PhotoName': 'IMG_0010.jpeg', 'IsDefault': True, 'AddedDateTime': '2025-10-19T15:52:46.757Z', 'listingId': 5304, 'PhotoUrl': 'https://images.listings.offcampusliving.cornell.edu/listings/5304/IMG_0010.jpeg', 'SortOrder': 3}, {'PhotoId': 43659, 'PhotoName': 'IMG_0011.jpeg', 'IsDefault': False, 'AddedDateTime': '2025-10-19T15:53:04.016Z', 'listingId': 5304, 'PhotoUrl': 'https://images.listings.offcampusliving.cornell.edu/listings/5304/IMG_0011.jpeg', 'SortOrder': None}, {'PhotoId': 43660, 'PhotoName': 'IMG_0012.jpeg', 'IsDefault': False, 'AddedDateTime': '2025-10-19T15:53:09.871Z', 'listingId': 5304, 'PhotoUrl': 'https://images.listings.offcampusliving.cornell.edu/listings/5304/IMG_0012.jpeg', 'SortOrder': None}, {'PhotoId': 43661, 'PhotoName': 'IMG_0013.jpeg', 'IsDefault': False, 'AddedDateTime': '2025-10-19T15:53:13.188Z', 'listingId': 5304, 'PhotoUrl': 'https://images.listings.offcampusliving.cornell.edu/listings/5304/IMG_0013.jpeg', 'SortOrder': None}, {'PhotoId': 43662, 'PhotoName': 'IMG_0014.jpeg', 'IsDefault': False, 'AddedDateTime': '2025-10-19T15:53:17.093Z', 'listingId': 5304, 'PhotoUrl': 'https://images.listings.offcampusliving.cornell.edu/listings/5304/IMG_0014.jpeg', 'SortOrder': None}, {'PhotoId': 43663, 'PhotoName': 'IMG_0015.jpeg', 'IsDefault': False, 'AddedDateTime': '2025-10-19T15:53:21.040Z', 'listingId': 5304, 'PhotoUrl': 'https://images.listings.offcampusliving.cornell.edu/listings/5304/IMG_0015.jpeg', 'SortOrder': None}]","{""BuildingAddress"": ""516 UNIVERSITY AVENUE"", ""OverallSafetyRating"": 10, ""CategoryScores"": [{""Fire Protection"": 0}, {""Notification Systems"": 2}, {""Emergency Egress"": 0}, {""Applicable Code"": 0}, {""Fire Extinguishers"": 0}, {""Construction Type"": 0}, {""Valid Certificate of Compliance"": 8}], ""OverallSafetyRatingAsPercentage"": 21, ""CategoryScoresAsPercentage"": [{""Fire Protection"": 0}, {""Notification Systems"": 33}, {""Emergency Egress"": 0}, {""Applicable Code"": 0}, {""Fire Extinguishers"": 0}, {""Construction Type"": 0}, {""Valid Certificate of Compliance"": 100}], ""SprinklerType"": [], ""FireExtinguisherCertificateExpiration"": null, ""NotificationSystem"": [{""subCategory"": ""Single Station Smoke Alarm"", ""notificationType"": ""Single Station Smoke Alarm"", ""notificationSystemCertificateExpiration"": ""2024-03-15""}, {""subCategory"": ""CO Detector"", ""notificationType"": ""CO Detector"", ""notificationSystemCertificateExpiration"": ""auto""}], ""HasValidCertificateOfOccupancy"": true, ""MeetsMinimumRequirements"": false, ""ExceedsRequirements"": false, ""HasFireResistantConstructionType"": false, ""SatisfiesApplicableCode"": false, ""CertificateExpirationDate"": ""2026-03-15T00:00:00.000Z"", ""DateLastUpdated"": ""2025-10-19T07:02:00.000Z""}"
5314,4490,2025-07-17T00:00:00.000Z,10,40 Village PL,102-S,Ithaca,14850,"Modern and Spacious 2-Bed, 2-Bath Apartment!","Hi there! I'm an incoming psychology PhD student, and I’m looking for either (a) a roommate to share a 2B2B with me at Village Solar Apartments, or (b) two people to take over the entire lease. The apartment is 950 sq ft, modern and updated with in-unit laundry, new appliances, and a great layout. It's on the 37 and 77 bus lines, but it's probably ideal to also have a car as it's not walkable from campus. If you're interested, I'd love to zoom to see if we'd be a good fit! :)",1075,Price Per Person,No,"['Air Conditioning', 'Furnished', 'Laundry Facilities', 'Kitchen', 'Off-Street Parking Included', 'Water Included', 'Electronic Payments Accepted', 'Internet Available', 'Internet Included', 'Near Bus Route']",Female,2,2,"['Graduate', 'Spring Sublet', 'Fall Sublet']",Room to Rent,42.48397377432261,-76.48119564476008,"{'lat': 42.48397377432261, 'lng': -76.48119564476008}",True,2026-04-25T00:00:00.000Z,True,No,2025-06-25T17:58:16.964Z,2025-06-25T18:12:30.395Z,,"[{'PhotoId': 41637, 'PhotoName': 'village solar 5.jpg', 'IsDefault': True, 'AddedDateTime': '2025-06-25T18:08:13.951Z', 'listingId': 5314, 'PhotoUrl': 'https://images.listings.offcampusliving.cornell.edu/listings/5314/village solar 5.jpg', 'SortOrder': None}, {'PhotoId': 41635, 'PhotoName': 'village solar 3.jpg', 'IsDefault': False, 'AddedDateTime': '2025-06-25T18:08:12.795Z', 'listingId': 5314, 'PhotoUrl': 'https://images.listings.offcampusliving.cornell.edu/listings/5314/village solar 3.jpg', 'SortOrder': None}, {'PhotoId': 41636, 'PhotoName': 'village solar 4.jpg', 'IsDefault': False, 'AddedDateTime': '2025-06-25T18:08:13.382Z', 'listingId': 5314, 'PhotoUrl': 'https://images.listings.offcampusliving.cornell.edu/listings/5314/village solar 4.jpg', 'SortOrder': None}]",
5315,4491,2026-01-11T00:00:00.000Z,5,403 College Avenue,2,Ithaca,14850,"1 bedroom in the heart of collegetown 5 minute walk to campus (full-size bed, large closet, 2 windows)","This listing is 1 bedroom out of the 6 available in the unit. Located in the heart of collegetown, only a 5 minute walk from campus. Bedroom has 2 windows, a full-sized bed, and large closet. Willing to negotiate price. ",800,Price Per Unit,No,"['Air Conditioning', 'Electronic Payments Accepted', 'Furnished', 'Heat Included', 'Internet Included', 'Internet Available', 'Kitchen', 'Laundry Facilities', 'Off-Street Parking Available', 'Near Bus Route', 'Electricity Included', 'Permitted Street Parking Available', 'Water Included']",No Preference,6,2,"['Spring Sublet', 'Graduate', 'Undergraduate']",Room to Rent,42.44159454975298,-76.48412592919539,"{'lat': 42.44159454975298, 'lng': -76.48412592919539}",True,2026-05-27T00:00:00.000Z,True,Yes,2025-06-27T00:32:36.628Z,2025-09-05T18:21:40.473Z,403 COLLEGE AVENUE,"[{'PhotoId': 41945, 'PhotoName': 'IMG_1244.JPG', 'IsDefault': True, 'AddedDateTime': '2025-07-11T02:29:12.443Z', 'listingId': 5315, 'PhotoUrl': 'https://images.listings.offcampusliving.cornell.edu/listings/5315/IMG_1244.JPG', 'SortOrder': None}, {'PhotoId': 41943, 'PhotoName': 'IMG_1240.JPG', 'IsDefault': False, 'AddedDateTime': '2025-07-11T02:29:09.372Z', 'listingId': 5315, 'PhotoUrl': 'https://images.listings.offcampusliving.cornell.edu/listings/5315/IMG_1240.JPG', 'SortOrder': None}, {'PhotoId': 41944, 'PhotoName': 'IMG_1243.JPG', 'IsDefault': False, 'AddedDateTime': '2025-07-11T02:29:11.381Z', 'listingId': 5315, 'PhotoUrl': 'https://images.listings.offcampusliving.cornell.edu/listings/5315/IMG_1243.JPG', 'SortOrder': None}, {'PhotoId': 41946, 'PhotoName': 'IMG_1228.JPG', 'IsDefault': False, 'AddedDateTime': '2025-07-11T02:29:14.220Z', 'listingId': 5315, 'PhotoUrl': 'https://images.listings.offcampusliving.cornell.edu/listings/5315/IMG_1228.JPG', 'SortOrder': None}, {'PhotoId': 43014, 'PhotoName': 'Screenshot 2025-09-05 at 2.13.44â\x80¯PM.png', 'IsDefault': False, 'AddedDateTime': '2025-09-05T18:13:58.305Z', 'listingId': 5315, 'PhotoUrl': 'https://images.listings.offcampusliving.cornell.edu/listings/5315/Screenshot 2025-09-05 at 2.13.44â\x80¯PM.png', 'SortOrder': None}]","{""BuildingAddress"": ""403 COLLEGE AVENUE"", ""OverallSafetyRating"": 15, ""CategoryScores"": [{""Fire Protection"": 0}, {""Notification Systems"": 2}, {""Emergency Egress"": 0}, {""Applicable Code"": 0}, {""Fire Extinguishers"": 0}, {""Construction Type"": 5}, {""Valid Certificate of Compliance"": 8}], ""OverallSafetyRatingAsPercentage"": 32, ""CategoryScoresAsPercentage"": [{""Fire Protection"": 0}, {""Notification Systems"": 33}, {""Emergency Egress"": 0}, {""Applicable Code"": 0}, {""Fire Extinguishers"": 0}, {""Construction Type"": 41}, {""Valid Certificate of Compliance"": 100}], ""SprinklerType"": [{""sprinklerType"": ""NFPA 13 Sprinkler System"", ""sprinklerCertificateExpiration"": ""2025-03-17""}], ""FireExtinguisherCertificateExpiration"": ""2025-02-28T00:00:00.000Z"", ""NotificationSystem"": [{""subCategory"": ""Single Station Smoke Alarm"", ""notificationType"": ""Single Station Smoke Alarm"", ""notificationSystemCertificateExpiration"": ""2025-03-26""}, {""subCategory"": ""Fire Alarm System"", ""notificationType"": ""Fire Alarm System"", ""notificationSystemCertificateExpiration"": ""2025-11-18""}], ""HasValidCertificateOfOccupancy"": true, ""MeetsMinimumRequirements"": false, ""ExceedsRequirements"": false, ""HasFireResistantConstructionType"": false, ""SatisfiesApplicableCode"": false, ""CertificateExpirationDate"": ""2027-12-05T00:00:00.000Z"", ""DateLastUpdated"": ""2025-10-19T07:01:53.000Z""}"
5317,4350,2025-09-20T00:00:00.000Z,4,406 Elmwood Avenue,,Ithaca,14850,6 bedrooms 2.5 baths,"Boarding room house close to campus. Two available rooms with 2.5 baths. Access and use of kitchen, dining room, laundry on premises. Available for groups 26-27 academic year.",800,Price Per Person,No,"['Electricity Included', 'Furnished', 'Heat Included', 'Internet Available', 'Kitchen', 'Laundry Facilities', 'Near Bus Route', 'Water Included', 'Off-Street Parking Available', 'Off-Street Parking Included', 'Electronic Payments Accepted', 'Internet Included']",No Preference,6,2.5,"['Short-Term Housing', 'Undergraduate', 'Graduate', 'Summer Sublet', 'Spring Sublet', 'Fall Sublet', 'Commencement']",Room to Rent,42.44174914294176,-76.48225097225675,"{'lat': 42.44174914294176, 'lng': -76.48225097225675}",True,2026-01-06T00:00:00.000Z,True,Yes,2025-06-29T13:15:00.625Z,2025-09-20T14:00:56.926Z,406 ELMWOOD AVENUE,"[{'PhotoId': 41863, 'PhotoName': 'IMG_3217.jpg', 'IsDefault': True, 'AddedDateTime': '2025-07-08T14:03:43.967Z', 'listingId': 5317, 'PhotoUrl': 'https://images.listings.offcampusliving.cornell.edu/listings/5317/IMG_3217.jpg', 'SortOrder': None}, {'PhotoId': 41862, 'PhotoName': 'IMG_3216.jpg', 'IsDefault': False, 'AddedDateTime': '2025-07-08T13:57:22.173Z', 'listingId': 5317, 'PhotoUrl': 'https://images.listings.offcampusliving.cornell.edu/listings/5317/IMG_3216.jpg', 'SortOrder': None}, {'PhotoId': 41864, 'PhotoName': 'IMG_3218.jpg', 'IsDefault': False, 'AddedDateTime': '2025-07-08T14:03:45.875Z', 'listingId': 5317, 'PhotoUrl': 'https://images.listings.offcampusliving.cornell.edu/listings/5317/IMG_3218.jpg', 'SortOrder': None}, {'PhotoId': 41865, 'PhotoName': 'IMG_3219.jpg', 'IsDefault': False, 'AddedDateTime': '2025-07-08T14:03:48.269Z', 'listingId': 5317, 'PhotoUrl': 'https://images.listings.offcampusliving.cornell.edu/listings/5317/IMG_3219.jpg', 'SortOrder': None}, {'PhotoId': 41867, 'PhotoName': 'IMG_3221.jpg', 'IsDefault': False, 'AddedDateTime': '2025-07-08T14:03:51.807Z', 'listingId': 5317, 'PhotoUrl': 'https://images.listings.offcampusliving.cornell.edu/listings/5317/IMG_3221.jpg', 'SortOrder': None}, {'PhotoId': 41868, 'PhotoName': 'IMG_3222.jpg', 'IsDefault': False, 'AddedDateTime': '2025-07-08T14:03:53.258Z', 'listingId': 5317, 'PhotoUrl': 'https://images.listings.offcampusliving.cornell.edu/listings/5317/IMG_3222.jpg', 'SortOrder': None}, {'PhotoId': 41870, 'PhotoName': 'IMG_3224.jpg', 'IsDefault': False, 'AddedDateTime': '2025-07-08T14:03:56.941Z', 'listingId': 5317, 'PhotoUrl': 'https://images.listings.offcampusliving.cornell.edu/listings/5317/IMG_3224.jpg', 'SortOrder': None}, {'PhotoId': 41871, 'PhotoName': 'IMG_3225.jpg', 'IsDefault': False, 'AddedDateTime': '2025-07-08T14:03:58.706Z', 'listingId': 5317, 'PhotoUrl': 'https://images.listings.offcampusliving.cornell.edu/listings/5317/IMG_3225.jpg', 'SortOrder': None}, {'PhotoId': 41874, 'PhotoName': 'IMG_3228.jpg', 'IsDefault': False, 'AddedDateTime': '2025-07-08T14:04:04.280Z', 'listingId': 5317, 'PhotoUrl': 'https://images.listings.offcampusliving.cornell.edu/listings/5317/IMG_3228.jpg', 'SortOrder': None}, {'PhotoId': 41875, 'PhotoName': 'IMG_3229.jpg', 'IsDefault': False, 'AddedDateTime': '2025-07-08T14:04:05.974Z', 'listingId': 5317, 'PhotoUrl': 'https://images.listings.offcampusliving.cornell.edu/listings/5317/IMG_3229.jpg', 'SortOrder': None}, {'PhotoId': 41771, 'PhotoName': 'IMG_20250706_125144464_HDR.jpg', 'IsDefault': False, 'AddedDateTime': '2025-07-06T16:58:21.294Z', 'listingId': 5317, 'PhotoUrl': 'https://images.listings.offcampusliving.cornell.edu/listings/5317/IMG_20250706_125144464_HDR.jpg', 'SortOrder': 1}, {'PhotoId': 41763, 'PhotoName': 'IMG_20250706_120101903.jpg', 'IsDefault': False, 'AddedDateTime': '2025-07-06T16:58:12.225Z', 'listingId': 5317, 'PhotoUrl': 'https://images.listings.offcampusliving.cornell.edu/listings/5317/IMG_20250706_120101903.jpg', 'SortOrder': 4}, {'PhotoId': 41766, 'PhotoName': 'IMG_20250706_120532569.jpg', 'IsDefault': False, 'AddedDateTime': '2025-07-06T16:58:15.323Z', 'listingId': 5317, 'PhotoUrl': 'https://images.listings.offcampusliving.cornell.edu/listings/5317/IMG_20250706_120532569.jpg', 'SortOrder': 6}, {'PhotoId': 41767, 'PhotoName': 'IMG_20250706_120708176_HDR.jpg', 'IsDefault': False, 'AddedDateTime': '2025-07-06T16:58:16.492Z', 'listingId': 5317, 'PhotoUrl': 'https://images.listings.offcampusliving.cornell.edu/listings/5317/IMG_20250706_120708176_HDR.jpg', 'SortOrder': 7}, {'PhotoId': 41768, 'PhotoName': 'IMG_20250706_120716791.jpg', 'IsDefault': False, 'AddedDateTime': '2025-07-06T16:58:17.546Z', 'listingId': 5317, 'PhotoUrl': 'https://images.listings.offcampusliving.cornell.edu/listings/5317/IMG_20250706_120716791.jpg', 'SortOrder': 8}, {'PhotoId': 41773, 'PhotoName': 'IMG_20250706_125238405.jpg', 'IsDefault': False, 'AddedDateTime': '2025-07-06T16:58:23.759Z', 'listingId': 5317, 'PhotoUrl': 'https://images.listings.offcampusliving.cornell.edu/listings/5317/IMG_20250706_125238405.jpg', 'SortOrder': 12}]","{""BuildingAddress"": ""406 ELMWOOD AVENUE"", ""OverallSafetyRating"": 8, ""CategoryScores"": [{""Fire Protection"": 0}, {""Notification Systems"": 0}, {""Emergency Egress"": 0}, {""Applicable Code"": 0}, {""Fire Extinguishers"": 0}, {""Construction Type"": 0}, {""Valid Certificate of Compliance"": 8}], ""OverallSafetyRatingAsPercentage"": 17, ""CategoryScoresAsPercentage"": [{""Fire Protection"": 0}, {""Notification Systems"": 0}, {""Emergency Egress"": 0}, {""Applicable Code"": 0}, {""Fire Extinguishers"": 0}, {""Construction Type"": 0}, {""Valid Certificate of Compliance"": 100}], ""SprinklerType"": [], ""FireExtinguisherCertificateExpiration"": null, ""NotificationSystem"": [{""subCategory"": ""Fire Alarm System"", ""notificationType"": ""Fire Alarm System"", ""notificationSystemCertificateExpiration"": ""2024-10-01""}, {""subCategory"": ""Single Station Smoke Alarm"", ""notificationType"": ""Single Station Smoke Alarm"", ""notificationSystemCertificateExpiration"": ""2024-07-20""}], ""HasValidCertificateOfOccupancy"": true, ""MeetsMinimumRequirements"": true, ""ExceedsRequirements"": false, ""HasFireResistantConstructionType"": false, ""SatisfiesApplicableCode"": false, ""CertificateExpirationDate"": ""2026-08-20T00:00:00.000Z"", ""DateLastUpdated"": ""2025-10-19T07:01:53.000Z""}"
5320,4497,2025-12-22T00:00:00.000Z,6,403 College Avenue,Floor 1 - Room 5,Ithaca,14850,"Bright & Spacious Bedroom – Spring Sublease in Collegetown!

1 bedroom in a 6 bedroom apartment!

Steps from CTB and a quick 2 minute walk to Cornells campus!","Bright & Spacious Bedroom Spring Sublease in Collegetown
Steps from CTB and a quick 2-min walk to Cornell’s campus

-Fully furnished with full beds, dressers, desks, & chairs
- 2 full bathrooms
- Kitchen with lots of counter space (2 fridges)
- Washer and Dryer In-unit and new
- High-Speed Wifi 
- Dishwasher and fully equipped
- Code Entry 

Right above Dos Amigos, next to 7/11, and near everything in Collegetown!

Message me if you’re interested or want a tour (787-400-5727 or nsp55@cornell.edu",1000,Price Per Person,No,"['Air Conditioning', 'Laundry Facilities', 'Kitchen', 'Internet Included', 'Near Bus Route', 'Heat Included', 'Electronic Payments Accepted', 'Furnished', 'Internet Available', 'Water Included', 'Permitted Street Parking Available']",Female,1,2,['Spring Sublet'],Rent,42.44152315066162,-76.48499980359784,"{'lat': 42.44152315066162, 'lng': -76.48499980359784}",True,2026-09-04T00:00:00.000Z,True,Yes,2025-07-05T00:07:42.922Z,2025-09-05T18:22:01.223Z,403 COLLEGE AVENUE,"[{'PhotoId': 42853, 'PhotoName': 'IMG_9852.jpeg', 'IsDefault': True, 'AddedDateTime': '2025-08-26T15:12:17.405Z', 'listingId': 5320, 'PhotoUrl': 'https://images.listings.offcampusliving.cornell.edu/listings/5320/IMG_9852.jpeg', 'SortOrder': 1}, {'PhotoId': 42854, 'PhotoName': 'IMG_9853.jpeg', 'IsDefault': False, 'AddedDateTime': '2025-08-26T15:12:18.232Z', 'listingId': 5320, 'PhotoUrl': 'https://images.listings.offcampusliving.cornell.edu/listings/5320/IMG_9853.jpeg', 'SortOrder': 2}, {'PhotoId': 42852, 'PhotoName': 'IMG_9857.jpeg', 'IsDefault': False, 'AddedDateTime': '2025-08-26T15:11:54.195Z', 'listingId': 5320, 'PhotoUrl': 'https://images.listings.offcampusliving.cornell.edu/listings/5320/IMG_9857.jpeg', 'SortOrder': 3}, {'PhotoId': 42851, 'PhotoName': 'IMG_9856.jpeg', 'IsDefault': False, 'AddedDateTime': '2025-08-26T15:11:52.813Z', 'listingId': 5320, 'PhotoUrl': 'https://images.listings.offcampusliving.cornell.edu/listings/5320/IMG_9856.jpeg', 'SortOrder': 4}, {'PhotoId': 41908, 'PhotoName': 'IMG_6301.jpeg', 'IsDefault': False, 'AddedDateTime': '2025-07-10T15:09:05.355Z', 'listingId': 5320, 'PhotoUrl': 'https://images.listings.offcampusliving.cornell.edu/listings/5320/IMG_6301.jpeg', 'SortOrder': 5}]","{""BuildingAddress"": ""403 COLLEGE AVENUE"", ""OverallSafetyRating"": 15, ""CategoryScores"": [{""Fire Protection"": 0}, {""Notification Systems"": 2}, {""Emergency Egress"": 0}, {""Applicable Code"": 0}, {""Fire Extinguishers"": 0}, {""Construction Type"": 5}, {""Valid Certificate of Compliance"": 8}], ""OverallSafetyRatingAsPercentage"": 32, ""CategoryScoresAsPercentage"": [{""Fire Protection"": 0}, {""Notification Systems"": 33}, {""Emergency Egress"": 0}, {""Applicable Code"": 0}, {""Fire Extinguishers"": 0}, {""Construction Type"": 41}, {""Valid Certificate of Compliance"": 100}], ""SprinklerType"": [{""sprinklerType"": ""NFPA 13 Sprinkler System"", ""sprinklerCertificateExpiration"": ""2025-03-17""}], ""FireExtinguisherCertificateExpiration"": ""2025-02-28T00:00:00.000Z"", ""NotificationSystem"": [{""subCategory"": ""Single Station Smoke Alarm"", ""notificationType"": ""Single Station Smoke Alarm"", ""notificationSystemCertificateExpiration"": ""2025-03-26""}, {""subCategory"": ""Fire Alarm System"", ""notificationType"": ""Fire Alarm System"", ""notificationSystemCertificateExpiration"": ""2025-11-18""}], ""HasValidCertificateOfOccupancy"": true, ""MeetsMinimumRequirements"": false, ""ExceedsRequirements"": false, ""HasFireResistantConstructionType"": false, ""SatisfiesApplicableCode"": false, ""CertificateExpirationDate"": ""2027-12-05T00:00:00.000Z"", ""DateLastUpdated"": ""2025-10-19T07:01:53.000Z""}"
5321,4499,2026-01-01T00:00:00.000Z,5,106 Catherine Street,,Ithaca,14850,"6 Private rooms in full furnished house a few minute walk from campus and in the hub of Collegetown! Included utilities, AC, heating, furniture, laundry, storage, living room, and kitchen.","Sublet Available: January – May 2026 (Flexible: 1–6 rooms)

Furnished 6 bedroom, 2 bath house a few minutes’ walk from Cornell & right in the heart of Collegetown! You can rent 1 room, multiple rooms, or the whole house.

Features:
-Fully furnished with spacious living room & kitchen (new furniture + TV)
-WiFi included
-Street parking
-In-house laundry & basement storage
-2 floors
-Backyard + porch for extra space & comfort
-Super responsive, reliable landlord

*Can extend to June or July 2026",1150,Price Per Person,No,"['Air Conditioning', 'Electricity Included', 'Electronic Payments Accepted', 'Furnished', 'Heat Included', 'Internet Available', 'Internet Included', 'Kitchen', 'Laundry Facilities', 'Near Bus Route', 'Off-Street Parking Available', 'Off-Street Parking Included', 'Permitted Street Parking Available', 'Water Included', 'Wheelchair Accessible']",No Preference,6,2,"['Spring Sublet', 'Short-Term Housing', 'Undergraduate', 'Graduate', 'Commencement', 'Staff/Faculty', 'Sabbatic Housing']",Room to Rent,42.44034793679145,-76.48683608136749,"{'lat': 42.44034793679145, 'lng': -76.48683608136749}",True,2025-12-07T00:00:00.000Z,True,Yes,2025-07-07T16:06:45.751Z,2025-09-15T18:54:02.528Z,106 CATHERINE STREET,"[{'PhotoId': 41801, 'PhotoName': '1600696012-14669.jpg', 'IsDefault': True, 'AddedDateTime': '2025-07-07T16:12:19.034Z', 'listingId': 5321, 'PhotoUrl': 'https://images.listings.offcampusliving.cornell.edu/listings/5321/1600696012-14669.jpg', 'SortOrder': 1}, {'PhotoId': 43157, 'PhotoName': 'IMG_0405.jpeg', 'IsDefault': False, 'AddedDateTime': '2025-09-15T17:49:53.373Z', 'listingId': 5321, 'PhotoUrl': 'https://images.listings.offcampusliving.cornell.edu/listings/5321/IMG_0405.jpeg', 'SortOrder': None}, {'PhotoId': 43158, 'PhotoName': 'IMG_0408.jpeg', 'IsDefault': False, 'AddedDateTime': '2025-09-15T17:49:59.814Z', 'listingId': 5321, 'PhotoUrl': 'https://images.listings.offcampusliving.cornell.edu/listings/5321/IMG_0408.jpeg', 'SortOrder': None}, {'PhotoId': 43159, 'PhotoName': 'IMG_3937.jpeg', 'IsDefault': False, 'AddedDateTime': '2025-09-15T17:50:05.577Z', 'listingId': 5321, 'PhotoUrl': 'https://images.listings.offcampusliving.cornell.edu/listings/5321/IMG_3937.jpeg', 'SortOrder': None}, {'PhotoId': 43160, 'PhotoName': 'IMG_3938.jpeg', 'IsDefault': False, 'AddedDateTime': '2025-09-15T17:50:13.788Z', 'listingId': 5321, 'PhotoUrl': 'https://images.listings.offcampusliving.cornell.edu/listings/5321/IMG_3938.jpeg', 'SortOrder': None}, {'PhotoId': 43161, 'PhotoName': 'IMG_3940.jpeg', 'IsDefault': False, 'AddedDateTime': '2025-09-15T17:50:18.381Z', 'listingId': 5321, 'PhotoUrl': 'https://images.listings.offcampusliving.cornell.edu/listings/5321/IMG_3940.jpeg', 'SortOrder': None}, {'PhotoId': 43162, 'PhotoName': 'IMG_3941.jpeg', 'IsDefault': False, 'AddedDateTime': '2025-09-15T17:50:30.368Z', 'listingId': 5321, 'PhotoUrl': 'https://images.listings.offcampusliving.cornell.edu/listings/5321/IMG_3941.jpeg', 'SortOrder': None}, {'PhotoId': 43163, 'PhotoName': 'IMG_5803.jpeg', 'IsDefault': False, 'AddedDateTime': '2025-09-15T17:50:36.617Z', 'listingId': 5321, 'PhotoUrl': 'https://images.listings.offcampusliving.cornell.edu/listings/5321/IMG_5803.jpeg', 'SortOrder': None}, {'PhotoId': 43164, 'PhotoName': 'IMG_5804.jpeg', 'IsDefault': False, 'AddedDateTime': '2025-09-15T17:50:42.735Z', 'listingId': 5321, 'PhotoUrl': 'https://images.listings.offcampusliving.cornell.edu/listings/5321/IMG_5804.jpeg', 'SortOrder': None}, {'PhotoId': 43165, 'PhotoName': 'IMG_5806.jpeg', 'IsDefault': False, 'AddedDateTime': '2025-09-15T17:50:53.171Z', 'listingId': 5321, 'PhotoUrl': 'https://images.listings.offcampusliving.cornell.edu/listings/5321/IMG_5806.jpeg', 'SortOrder': None}, {'PhotoId': 43166, 'PhotoName': 'IMG_8391.jpeg', 'IsDefault': False, 'AddedDateTime': '2025-09-15T17:51:06.544Z', 'listingId': 5321, 'PhotoUrl': 'https://images.listings.offcampusliving.cornell.edu/listings/5321/IMG_8391.jpeg', 'SortOrder': None}, {'PhotoId': 43167, 'PhotoName': 'IMG_8368.jpeg', 'IsDefault': False, 'AddedDateTime': '2025-09-15T17:51:07.379Z', 'listingId': 5321, 'PhotoUrl': 'https://images.listings.offcampusliving.cornell.edu/listings/5321/IMG_8368.jpeg', 'SortOrder': None}, {'PhotoId': 43168, 'PhotoName': 'IMG_5808.jpeg', 'IsDefault': False, 'AddedDateTime': '2025-09-15T17:51:37.858Z', 'listingId': 5321, 'PhotoUrl': 'https://images.listings.offcampusliving.cornell.edu/listings/5321/IMG_5808.jpeg', 'SortOrder': None}, {'PhotoId': 43169, 'PhotoName': 'IMG_5810.jpeg', 'IsDefault': False, 'AddedDateTime': '2025-09-15T17:51:39.344Z', 'listingId': 5321, 'PhotoUrl': 'https://images.listings.offcampusliving.cornell.edu/listings/5321/IMG_5810.jpeg', 'SortOrder': None}, {'PhotoId': 43170, 'PhotoName': 'IMG_8372.jpeg', 'IsDefault': False, 'AddedDateTime': '2025-09-15T17:51:40.046Z', 'listingId': 5321, 'PhotoUrl': 'https://images.listings.offcampusliving.cornell.edu/listings/5321/IMG_8372.jpeg', 'SortOrder': None}, {'PhotoId': 43171, 'PhotoName': 'IMG_8388.jpeg', 'IsDefault': False, 'AddedDateTime': '2025-09-15T17:51:40.896Z', 'listingId': 5321, 'PhotoUrl': 'https://images.listings.offcampusliving.cornell.edu/listings/5321/IMG_8388.jpeg', 'SortOrder': None}, {'PhotoId': 43172, 'PhotoName': 'IMG_8390.jpeg', 'IsDefault': False, 'AddedDateTime': '2025-09-15T17:51:41.699Z', 'listingId': 5321, 'PhotoUrl': 'https://images.listings.offcampusliving.cornell.edu/listings/5321/IMG_8390.jpeg', 'SortOrder': None}, {'PhotoId': 43173, 'PhotoName': 'IMG_8392.jpeg', 'IsDefault': False, 'AddedDateTime': '2025-09-15T17:51:42.614Z', 'listingId': 5321, 'PhotoUrl': 'https://images.listings.offcampusliving.cornell.edu/listings/5321/IMG_8392.jpeg', 'SortOrder': None}, {'PhotoId': 41803, 'PhotoName': '1600697643-14669.png', 'IsDefault': False, 'AddedDateTime': '2025-07-07T16:12:30.169Z', 'listingId': 5321, 'PhotoUrl': 'https://images.listings.offcampusliving.cornell.edu/listings/5321/1600697643-14669.png', 'SortOrder': 2}, {'PhotoId': 41802, 'PhotoName': '1600697389-14669.png', 'IsDefault': False, 'AddedDateTime': '2025-07-07T16:12:25.939Z', 'listingId': 5321, 'PhotoUrl': 'https://images.listings.offcampusliving.cornell.edu/listings/5321/1600697389-14669.png', 'SortOrder': 3}, {'PhotoId': 41804, 'PhotoName': '1600697737-14669.png', 'IsDefault': False, 'AddedDateTime': '2025-07-07T16:12:33.423Z', 'listingId': 5321, 'PhotoUrl': 'https://images.listings.offcampusliving.cornell.edu/listings/5321/1600697737-14669.png', 'SortOrder': 4}, {'PhotoId': 41806, 'PhotoName': '1600697822-14669.png', 'IsDefault': False, 'AddedDateTime': '2025-07-07T16:12:40.284Z', 'listingId': 5321, 'PhotoUrl': 'https://images.listings.offcampusliving.cornell.edu/listings/5321/1600697822-14669.png', 'SortOrder': 5}, {'PhotoId': 41805, 'PhotoName': '1600697770-14669.png', 'IsDefault': False, 'AddedDateTime': '2025-07-07T16:12:36.957Z', 'listingId': 5321, 'PhotoUrl': 'https://images.listings.offcampusliving.cornell.edu/listings/5321/1600697770-14669.png', 'SortOrder': 6}]","{""BuildingAddress"": ""106 CATHERINE STREET"", ""OverallSafetyRating"": 8, ""CategoryScores"": [{""Fire Protection"": 0}, {""Notification Systems"": 0}, {""Emergency Egress"": 0}, {""Applicable Code"": 0}, {""Fire Extinguishers"": 0}, {""Construction Type"": 0}, {""Valid Certificate of Compliance"": 8}], ""OverallSafetyRatingAsPercentage"": 17, ""CategoryScoresAsPercentage"": [{""Fire Protection"": 0}, {""Notification Systems"": 0}, {""Emergency Egress"": 0}, {""Applicable Code"": 0}, {""Fire Extinguishers"": 0}, {""Construction Type"": 0}, {""Valid Certificate of Compliance"": 100}], ""SprinklerType"": [], ""FireExtinguisherCertificateExpiration"": ""2024-09-30T00:00:00.000Z"", ""NotificationSystem"": [{""subCategory"": ""Single Station Smoke Alarm"", ""notificationType"": ""Single Station Smoke Alarm"", ""notificationSystemCertificateExpiration"": ""2024-08-31""}], ""HasValidCertificateOfOccupancy"": true, ""MeetsMinimumRequirements"": true, ""ExceedsRequirements"": false, ""HasFireResistantConstructionType"": false, ""SatisfiesApplicableCode"": false, ""CertificateExpirationDate"": ""2026-11-02T00:00:00.000Z"", ""DateLastUpdated"": ""2025-10-19T07:01:29.000Z""}"
5339,4482,2025-11-01T00:00:00.000Z,1,316 Court Street E,#2,Ithaca,14850,"Fully furnished 2BR with in-unit laundry, just two blocks from The Commons and right across from Cascadilla Falls. Easy TCAT access. Scenic, central, and move-in ready.","Fully furnished 2BR apartment across from Cascadilla Falls, just two blocks from The Commons. Includes in-unit laundry, kitchen, and easy TCAT access. Located in a quiet building, ideal for Cornell visitors or professionals. Available for 30+ day stays with flexible lease start and end dates.",1950,Price Per Unit,No,"['Air Conditioning', 'Electricity Included', 'Furnished', 'Heat Included', 'Internet Available', 'Internet Included', 'Kitchen', 'Laundry Facilities', 'Near Bus Route', 'Permitted Street Parking Available', 'Water Included']",No Preference,2,1,"['Graduate', 'Short-Term Housing', 'Staff/Faculty', 'Fall Sublet', 'Spring Sublet']",Rent,42.44864114710403,-76.48468562564402,"{'lat': 42.44864114710403, 'lng': -76.48468562564402}",True,2025-11-08T00:00:00.000Z,True,Yes,2025-07-17T17:54:58.716Z,2025-10-08T19:32:13.602Z,316 COURT STREET E,"[{'PhotoId': 42116, 'PhotoName': 'Window 2.jpeg', 'IsDefault': True, 'AddedDateTime': '2025-07-17T18:02:27.159Z', 'listingId': 5339, 'PhotoUrl': 'https://images.listings.offcampusliving.cornell.edu/listings/5339/Window 2.jpeg', 'SortOrder': None}, {'PhotoId': 42117, 'PhotoName': 'Living Room 2.jpeg', 'IsDefault': False, 'AddedDateTime': '2025-07-17T18:02:27.447Z', 'listingId': 5339, 'PhotoUrl': 'https://images.listings.offcampusliving.cornell.edu/listings/5339/Living Room 2.jpeg', 'SortOrder': None}, {'PhotoId': 42118, 'PhotoName': 'First Bedroom 3.jpeg', 'IsDefault': False, 'AddedDateTime': '2025-07-17T18:02:27.733Z', 'listingId': 5339, 'PhotoUrl': 'https://images.listings.offcampusliving.cornell.edu/listings/5339/First Bedroom 3.jpeg', 'SortOrder': None}, {'PhotoId': 42119, 'PhotoName': 'Second Bedroom 2.jpeg', 'IsDefault': False, 'AddedDateTime': '2025-07-17T18:02:28.103Z', 'listingId': 5339, 'PhotoUrl': 'https://images.listings.offcampusliving.cornell.edu/listings/5339/Second Bedroom 2.jpeg', 'SortOrder': None}, {'PhotoId': 42120, 'PhotoName': 'Bathroom 2.jpeg', 'IsDefault': False, 'AddedDateTime': '2025-07-17T18:02:28.374Z', 'listingId': 5339, 'PhotoUrl': 'https://images.listings.offcampusliving.cornell.edu/listings/5339/Bathroom 2.jpeg', 'SortOrder': None}, {'PhotoId': 42121, 'PhotoName': 'Kitchen 2.jpeg', 'IsDefault': False, 'AddedDateTime': '2025-07-17T18:02:28.629Z', 'listingId': 5339, 'PhotoUrl': 'https://images.listings.offcampusliving.cornell.edu/listings/5339/Kitchen 2.jpeg', 'SortOrder': None}, {'PhotoId': 42122, 'PhotoName': 'Kitchen Expanded 2.jpeg', 'IsDefault': False, 'AddedDateTime': '2025-07-17T18:02:53.586Z', 'listingId': 5339, 'PhotoUrl': 'https://images.listings.offcampusliving.cornell.edu/listings/5339/Kitchen Expanded 2.jpeg', 'SortOrder': None}, {'PhotoId': 42123, 'PhotoName': 'Building 2.jpg', 'IsDefault': False, 'AddedDateTime': '2025-07-17T18:02:54.006Z', 'listingId': 5339, 'PhotoUrl': 'https://images.listings.offcampusliving.cornell.edu/listings/5339/Building 2.jpg', 'SortOrder': None}, {'PhotoId': 42124, 'PhotoName': 'Building Cascadilla Falls.jpeg', 'IsDefault': False, 'AddedDateTime': '2025-07-17T18:03:20.396Z', 'listingId': 5339, 'PhotoUrl': 'https://images.listings.offcampusliving.cornell.edu/listings/5339/Building Cascadilla Falls.jpeg', 'SortOrder': None}]","{""BuildingAddress"": ""316 COURT STREET E"", ""OverallSafetyRating"": 8, ""CategoryScores"": [{""Fire Protection"": 0}, {""Notification Systems"": 0}, {""Emergency Egress"": 0}, {""Applicable Code"": 0}, {""Fire Extinguishers"": 0}, {""Construction Type"": 0}, {""Valid Certificate of Compliance"": 8}], ""OverallSafetyRatingAsPercentage"": 17, ""CategoryScoresAsPercentage"": [{""Fire Protection"": 0}, {""Notification Systems"": 0}, {""Emergency Egress"": 0}, {""Applicable Code"": 0}, {""Fire Extinguishers"": 0}, {""Construction Type"": 0}, {""Valid Certificate of Compliance"": 100}], ""SprinklerType"": [], ""FireExtinguisherCertificateExpiration"": null, ""NotificationSystem"": [{""subCategory"": ""Single Station Smoke Alarm"", ""notificationType"": ""Single Station Smoke Alarm"", ""notificationSystemCertificateExpiration"": ""2025-02-15""}, {""subCategory"": ""Fire Alarm System"", ""notificationType"": ""Fire Alarm System"", ""notificationSystemCertificateExpiration"": ""2024-05-29""}], ""HasValidCertificateOfOccupancy"": true, ""MeetsMinimumRequirements"": false, ""ExceedsRequirements"": false, ""HasFireResistantConstructionType"": false, ""SatisfiesApplicableCode"": false, ""CertificateExpirationDate"": ""2027-02-15T00:00:00.000Z"", ""DateLastUpdated"": ""2025-10-19T07:01:50.000Z""}"
5340,4511,2025-12-20T00:00:00.000Z,6,114 Catherine Street,3,Ithaca,14850,"Furnished 2 bed, 1 bath in Collegetown with spacious layout, laundry access, and optional parking. Close to Cornell, restaurants, and bus lines. Parking spots available starting Dec 20.","Welcome to 114 Catherine St. This furnished 2 bed, 1 bath apartment features a full kitchen, large living room, and ample closet space. Enjoy access to laundry and a fitness center. Located in Collegetown, just minutes from Cornell and local dining. Two parking spots at 301 Eddy St (#11 and #12) are available for $1,100 each for the 6 month period starting December 20. Walkable, convenient, and ready for move in.",1195,Price Per Person,No,"['Electronic Payments Accepted', 'Furnished', 'Internet Available', 'Kitchen', 'Laundry Facilities', 'Off-Street Parking Available', 'Near Bus Route', 'Water Included']",No Preference,2,1,"['Spring Sublet', 'Undergraduate', 'Graduate']",Rent,42.44057714681547,-76.48634791932678,"{'lat': 42.44057714681547, 'lng': -76.48634791932678}",True,2026-05-17T00:00:00.000Z,True,Yes,2025-07-18T18:25:33.549Z,2025-07-18T18:35:42.753Z,114 CATHERINE STREET,"[{'PhotoId': 42131, 'PhotoName': 'IMG_1419.jpeg', 'IsDefault': True, 'AddedDateTime': '2025-07-18T18:49:54.030Z', 'listingId': 5340, 'PhotoUrl': 'https://images.listings.offcampusliving.cornell.edu/listings/5340/IMG_1419.jpeg', 'SortOrder': 5}, {'PhotoId': 42139, 'PhotoName': 'IMG_1430.jpeg', 'IsDefault': False, 'AddedDateTime': '2025-07-18T19:06:02.922Z', 'listingId': 5340, 'PhotoUrl': 'https://images.listings.offcampusliving.cornell.edu/listings/5340/IMG_1430.jpeg', 'SortOrder': None}, {'PhotoId': 42140, 'PhotoName': 'IMG_1427.jpeg', 'IsDefault': False, 'AddedDateTime': '2025-07-18T19:06:03.208Z', 'listingId': 5340, 'PhotoUrl': 'https://images.listings.offcampusliving.cornell.edu/listings/5340/IMG_1427.jpeg', 'SortOrder': None}, {'PhotoId': 42141, 'PhotoName': 'IMG_1428.jpeg', 'IsDefault': False, 'AddedDateTime': '2025-07-18T19:06:03.610Z', 'listingId': 5340, 'PhotoUrl': 'https://images.listings.offcampusliving.cornell.edu/listings/5340/IMG_1428.jpeg', 'SortOrder': None}, {'PhotoId': 42128, 'PhotoName': 'IMG_1431.jpeg', 'IsDefault': False, 'AddedDateTime': '2025-07-18T18:49:05.017Z', 'listingId': 5340, 'PhotoUrl': 'https://images.listings.offcampusliving.cornell.edu/listings/5340/IMG_1431.jpeg', 'SortOrder': 2}, {'PhotoId': 42129, 'PhotoName': 'IMG_1432.jpeg', 'IsDefault': False, 'AddedDateTime': '2025-07-18T18:49:05.276Z', 'listingId': 5340, 'PhotoUrl': 'https://images.listings.offcampusliving.cornell.edu/listings/5340/IMG_1432.jpeg', 'SortOrder': 3}, {'PhotoId': 42133, 'PhotoName': 'IMG_1421.jpeg', 'IsDefault': False, 'AddedDateTime': '2025-07-18T18:50:53.360Z', 'listingId': 5340, 'PhotoUrl': 'https://images.listings.offcampusliving.cornell.edu/listings/5340/IMG_1421.jpeg', 'SortOrder': 7}, {'PhotoId': 42134, 'PhotoName': 'IMG_1422.jpeg', 'IsDefault': False, 'AddedDateTime': '2025-07-18T18:50:53.565Z', 'listingId': 5340, 'PhotoUrl': 'https://images.listings.offcampusliving.cornell.edu/listings/5340/IMG_1422.jpeg', 'SortOrder': 8}, {'PhotoId': 42136, 'PhotoName': 'IMG_1424.jpeg', 'IsDefault': False, 'AddedDateTime': '2025-07-18T18:50:54.069Z', 'listingId': 5340, 'PhotoUrl': 'https://images.listings.offcampusliving.cornell.edu/listings/5340/IMG_1424.jpeg', 'SortOrder': 9}, {'PhotoId': 42137, 'PhotoName': 'IMG_1425.jpeg', 'IsDefault': False, 'AddedDateTime': '2025-07-18T18:50:54.314Z', 'listingId': 5340, 'PhotoUrl': 'https://images.listings.offcampusliving.cornell.edu/listings/5340/IMG_1425.jpeg', 'SortOrder': 10}, {'PhotoId': 42138, 'PhotoName': 'IMG_1426.jpeg', 'IsDefault': False, 'AddedDateTime': '2025-07-18T18:50:54.547Z', 'listingId': 5340, 'PhotoUrl': 'https://images.listings.offcampusliving.cornell.edu/listings/5340/IMG_1426.jpeg', 'SortOrder': 11}]","{""BuildingAddress"": ""114 CATHERINE STREET"", ""OverallSafetyRating"": 8, ""CategoryScores"": [{""Fire Protection"": 0}, {""Notification Systems"": 0}, {""Emergency Egress"": 0}, {""Applicable Code"": 0}, {""Fire Extinguishers"": 0}, {""Construction Type"": 0}, {""Valid Certificate of Compliance"": 8}], ""OverallSafetyRatingAsPercentage"": 17, ""CategoryScoresAsPercentage"": [{""Fire Protection"": 0}, {""Notification Systems"": 0}, {""Emergency Egress"": 0}, {""Applicable Code"": 0}, {""Fire Extinguishers"": 0}, {""Construction Type"": 0}, {""Valid Certificate of Compliance"": 100}], ""SprinklerType"": [], ""FireExtinguisherCertificateExpiration"": ""2024-03-30T00:00:00.000Z"", ""NotificationSystem"": [{""subCategory"": ""Fire Alarm System"", ""notificationType"": ""Fire Alarm System"", ""notificationSystemCertificateExpiration"": ""2024-03-21""}, {""subCategory"": ""Single Station Smoke Alarm"", ""notificationType"": ""Single Station Smoke Alarm"", ""notificationSystemCertificateExpiration"": ""2024-01-09""}], ""HasValidCertificateOfOccupancy"": true, ""MeetsMinimumRequirements"": false, ""ExceedsRequirements"": false, ""HasFireResistantConstructionType"": false, ""SatisfiesApplicableCode"": false, ""CertificateExpirationDate"": ""2026-03-08T00:00:00.000Z"", ""DateLastUpdated"": ""2025-10-19T07:01:33.000Z""}"
5346,4519,2025-12-22T00:00:00.000Z,5,106 Catherine Street,,Ithaca,14850,Room for rent in a beautiful house in Collegetown! December - May,"1 bedroom plus private study for rent in a fully furnished 6 bedroom house! Available 12/21/2025 - 05/31/2026. Fully furnished living room with TV and brand new sofa! Spacious kitchen, free washer and dryer in the basement, comes with three fridges. Utilities not included. Willing to start later. Contact me if you want more information!",1150,Price Per Person,No,"['Air Conditioning', 'Furnished', 'Electronic Payments Accepted', 'Heat Included', 'Kitchen', 'Laundry Facilities', 'Near Bus Route', 'Off-Street Parking Available', 'Internet Available', 'Permitted Street Parking Available']",Female,6,2,['Spring Sublet'],Room to Rent,42.44077075697277,-76.48646899131218,"{'lat': 42.44077075697277, 'lng': -76.48646899131218}",True,2026-05-21T00:00:00.000Z,True,Yes,2025-07-21T19:38:49.729Z,2025-07-22T15:44:38.132Z,106 CATHERINE STREET,"[{'PhotoId': 42255, 'PhotoName': 'download.jpg', 'IsDefault': True, 'AddedDateTime': '2025-07-21T19:45:47.378Z', 'listingId': 5346, 'PhotoUrl': 'https://images.listings.offcampusliving.cornell.edu/listings/5346/download.jpg', 'SortOrder': 1}, {'PhotoId': 42256, 'PhotoName': 'download-2.jpg', 'IsDefault': False, 'AddedDateTime': '2025-07-21T19:46:11.866Z', 'listingId': 5346, 'PhotoUrl': 'https://images.listings.offcampusliving.cornell.edu/listings/5346/download-2.jpg', 'SortOrder': 2}, {'PhotoId': 42257, 'PhotoName': 'download-1.jpg', 'IsDefault': False, 'AddedDateTime': '2025-07-21T19:46:22.518Z', 'listingId': 5346, 'PhotoUrl': 'https://images.listings.offcampusliving.cornell.edu/listings/5346/download-1.jpg', 'SortOrder': 3}, {'PhotoId': 42258, 'PhotoName': 'download-3.jpg', 'IsDefault': False, 'AddedDateTime': '2025-07-21T19:46:31.982Z', 'listingId': 5346, 'PhotoUrl': 'https://images.listings.offcampusliving.cornell.edu/listings/5346/download-3.jpg', 'SortOrder': 4}, {'PhotoId': 42260, 'PhotoName': 'download-4.jpg', 'IsDefault': False, 'AddedDateTime': '2025-07-21T19:46:46.485Z', 'listingId': 5346, 'PhotoUrl': 'https://images.listings.offcampusliving.cornell.edu/listings/5346/download-4.jpg', 'SortOrder': 5}, {'PhotoId': 42259, 'PhotoName': 'download-5.jpg', 'IsDefault': False, 'AddedDateTime': '2025-07-21T19:46:39.839Z', 'listingId': 5346, 'PhotoUrl': 'https://images.listings.offcampusliving.cornell.edu/listings/5346/download-5.jpg', 'SortOrder': 6}, {'PhotoId': 42261, 'PhotoName': 'Window&Closet.jpeg', 'IsDefault': False, 'AddedDateTime': '2025-07-21T19:47:20.887Z', 'listingId': 5346, 'PhotoUrl': 'https://images.listings.offcampusliving.cornell.edu/listings/5346/Window&Closet.jpeg', 'SortOrder': 7}, {'PhotoId': 42262, 'PhotoName': 'Bed.jpeg', 'IsDefault': False, 'AddedDateTime': '2025-07-21T19:47:31.907Z', 'listingId': 5346, 'PhotoUrl': 'https://images.listings.offcampusliving.cornell.edu/listings/5346/Bed.jpeg', 'SortOrder': 8}, {'PhotoId': 42264, 'PhotoName': 'DeskRoom2.jpeg', 'IsDefault': False, 'AddedDateTime': '2025-07-21T19:48:12.469Z', 'listingId': 5346, 'PhotoUrl': 'https://images.listings.offcampusliving.cornell.edu/listings/5346/DeskRoom2.jpeg', 'SortOrder': 9}, {'PhotoId': 42263, 'PhotoName': 'DeskRoom.jpeg', 'IsDefault': False, 'AddedDateTime': '2025-07-21T19:47:56.755Z', 'listingId': 5346, 'PhotoUrl': 'https://images.listings.offcampusliving.cornell.edu/listings/5346/DeskRoom.jpeg', 'SortOrder': 10}]","{""BuildingAddress"": ""106 CATHERINE STREET"", ""OverallSafetyRating"": 8, ""CategoryScores"": [{""Fire Protection"": 0}, {""Notification Systems"": 0}, {""Emergency Egress"": 0}, {""Applicable Code"": 0}, {""Fire Extinguishers"": 0}, {""Construction Type"": 0}, {""Valid Certificate of Compliance"": 8}], ""OverallSafetyRatingAsPercentage"": 17, ""CategoryScoresAsPercentage"": [{""Fire Protection"": 0}, {""Notification Systems"": 0}, {""Emergency Egress"": 0}, {""Applicable Code"": 0}, {""Fire Extinguishers"": 0}, {""Construction Type"": 0}, {""Valid Certificate of Compliance"": 100}], ""SprinklerType"": [], ""FireExtinguisherCertificateExpiration"": ""2024-09-30T00:00:00.000Z"", ""NotificationSystem"": [{""subCategory"": ""Single Station Smoke Alarm"", ""notificationType"": ""Single Station Smoke Alarm"", ""notificationSystemCertificateExpiration"": ""2024-08-31""}], ""HasValidCertificateOfOccupancy"": true, ""MeetsMinimumRequirements"": true, ""ExceedsRequirements"": false, ""HasFireResistantConstructionType"": false, ""SatisfiesApplicableCode"": false, ""CertificateExpirationDate"": ""2026-11-02T00:00:00.000Z"", ""DateLastUpdated"": ""2025-10-19T07:01:29.000Z""}"
5363,4517,2025-08-01T00:00:00.000Z,12,54 Bush Lane,,Ithaca,14850,Single Family House in Village of Lansing,"Single family house, kitchen, dinning room, living room, full bath first floor, bedroom/office first floor, large bedroom upstairs, small bedroom upstairs' and full bath.  Nice yard and two car garage.  Dogs allowed with pet deposit.",2750,Price Per Unit,Yes,"['Internet Available', 'Near Bus Route', 'Off-Street Parking Available', 'Water Included', 'Laundry Facilities']",No Preference,3,2,"['Staff/Faculty', 'Sabbatic Housing']",Rent,42.49554986540461,-76.4847623756889,"{'lat': 42.49554986540461, 'lng': -76.4847623756889}",True,2025-10-30T00:00:00.000Z,True,No,2025-07-30T19:45:05.385Z,2025-08-04T11:48:15.788Z,,"[{'PhotoId': 42453, 'PhotoName': '20250730_170003.jpg', 'IsDefault': True, 'AddedDateTime': '2025-07-30T23:49:30.256Z', 'listingId': 5363, 'PhotoUrl': 'https://images.listings.offcampusliving.cornell.edu/listings/5363/20250730_170003.jpg', 'SortOrder': 2}, {'PhotoId': 42438, 'PhotoName': '20250405_105206[1].jpg', 'IsDefault': False, 'AddedDateTime': '2025-07-30T20:25:21.342Z', 'listingId': 5363, 'PhotoUrl': 'https://images.listings.offcampusliving.cornell.edu/listings/5363/20250405_105206[1].jpg', 'SortOrder': 1}, {'PhotoId': 42543, 'PhotoName': '20250803_115858.jpg', 'IsDefault': False, 'AddedDateTime': '2025-08-04T11:43:25.904Z', 'listingId': 5363, 'PhotoUrl': 'https://images.listings.offcampusliving.cornell.edu/listings/5363/20250803_115858.jpg', 'SortOrder': 3}, {'PhotoId': 42443, 'PhotoName': '20250405_105154.jpg', 'IsDefault': False, 'AddedDateTime': '2025-07-30T20:28:03.827Z', 'listingId': 5363, 'PhotoUrl': 'https://images.listings.offcampusliving.cornell.edu/listings/5363/20250405_105154.jpg', 'SortOrder': 4}, {'PhotoId': 42444, 'PhotoName': '20250405_105147.jpg', 'IsDefault': False, 'AddedDateTime': '2025-07-30T20:28:07.269Z', 'listingId': 5363, 'PhotoUrl': 'https://images.listings.offcampusliving.cornell.edu/listings/5363/20250405_105147.jpg', 'SortOrder': 5}, {'PhotoId': 42445, 'PhotoName': '20250405_105135.jpg', 'IsDefault': False, 'AddedDateTime': '2025-07-30T20:28:10.532Z', 'listingId': 5363, 'PhotoUrl': 'https://images.listings.offcampusliving.cornell.edu/listings/5363/20250405_105135.jpg', 'SortOrder': 6}, {'PhotoId': 42544, 'PhotoName': '20250803_115911.jpg', 'IsDefault': False, 'AddedDateTime': '2025-08-04T11:43:29.867Z', 'listingId': 5363, 'PhotoUrl': 'https://images.listings.offcampusliving.cornell.edu/listings/5363/20250803_115911.jpg', 'SortOrder': 7}, {'PhotoId': 42448, 'PhotoName': '20250405_105058.jpg', 'IsDefault': False, 'AddedDateTime': '2025-07-30T20:28:20.704Z', 'listingId': 5363, 'PhotoUrl': 'https://images.listings.offcampusliving.cornell.edu/listings/5363/20250405_105058.jpg', 'SortOrder': 8}, {'PhotoId': 42449, 'PhotoName': '20250405_105042.jpg', 'IsDefault': False, 'AddedDateTime': '2025-07-30T20:28:24.740Z', 'listingId': 5363, 'PhotoUrl': 'https://images.listings.offcampusliving.cornell.edu/listings/5363/20250405_105042.jpg', 'SortOrder': 9}, {'PhotoId': 42450, 'PhotoName': '20240723_163002.jpg', 'IsDefault': False, 'AddedDateTime': '2025-07-30T20:28:28.267Z', 'listingId': 5363, 'PhotoUrl': 'https://images.listings.offcampusliving.cornell.edu/listings/5363/20240723_163002.jpg', 'SortOrder': 10}, {'PhotoId': 42451, 'PhotoName': '20240723_160048.jpg', 'IsDefault': False, 'AddedDateTime': '2025-07-30T20:28:32.322Z', 'listingId': 5363, 'PhotoUrl': 'https://images.listings.offcampusliving.cornell.edu/listings/5363/20240723_160048.jpg', 'SortOrder': 11}, {'PhotoId': 42553, 'PhotoName': 'IMG_0110.jpg', 'IsDefault': False, 'AddedDateTime': '2025-08-04T11:43:31.503Z', 'listingId': 5363, 'PhotoUrl': 'https://images.listings.offcampusliving.cornell.edu/listings/5363/IMG_0110.jpg', 'SortOrder': 12}, {'PhotoId': 42454, 'PhotoName': '20250730_170145.jpg', 'IsDefault': False, 'AddedDateTime': '2025-07-30T23:49:33.304Z', 'listingId': 5363, 'PhotoUrl': 'https://images.listings.offcampusliving.cornell.edu/listings/5363/20250730_170145.jpg', 'SortOrder': 13}, {'PhotoId': 42547, 'PhotoName': 'IMG_0088.jpg', 'IsDefault': False, 'AddedDateTime': '2025-08-04T11:43:30.414Z', 'listingId': 5363, 'PhotoUrl': 'https://images.listings.offcampusliving.cornell.edu/listings/5363/IMG_0088.jpg', 'SortOrder': 14}, {'PhotoId': 42546, 'PhotoName': 'IMG_0087.jpg', 'IsDefault': False, 'AddedDateTime': '2025-08-04T11:43:30.242Z', 'listingId': 5363, 'PhotoUrl': 'https://images.listings.offcampusliving.cornell.edu/listings/5363/IMG_0087.jpg', 'SortOrder': 15}, {'PhotoId': 42545, 'PhotoName': 'IMG_0085.jpg', 'IsDefault': False, 'AddedDateTime': '2025-08-04T11:43:30.039Z', 'listingId': 5363, 'PhotoUrl': 'https://images.listings.offcampusliving.cornell.edu/listings/5363/IMG_0085.jpg', 'SortOrder': 16}, {'PhotoId': 42550, 'PhotoName': 'IMG_0098.jpg', 'IsDefault': False, 'AddedDateTime': '2025-08-04T11:43:30.966Z', 'listingId': 5363, 'PhotoUrl': 'https://images.listings.offcampusliving.cornell.edu/listings/5363/IMG_0098.jpg', 'SortOrder': 17}, {'PhotoId': 42551, 'PhotoName': 'IMG_0099.jpg', 'IsDefault': False, 'AddedDateTime': '2025-08-04T11:43:31.144Z', 'listingId': 5363, 'PhotoUrl': 'https://images.listings.offcampusliving.cornell.edu/listings/5363/IMG_0099.jpg', 'SortOrder': 18}, {'PhotoId': 42549, 'PhotoName': 'IMG_0097.jpg', 'IsDefault': False, 'AddedDateTime': '2025-08-04T11:43:30.777Z', 'listingId': 5363, 'PhotoUrl': 'https://images.listings.offcampusliving.cornell.edu/listings/5363/IMG_0097.jpg', 'SortOrder': 19}, {'PhotoId': 42552, 'PhotoName': 'IMG_0106.jpg', 'IsDefault': False, 'AddedDateTime': '2025-08-04T11:43:31.346Z', 'listingId': 5363, 'PhotoUrl': 'https://images.listings.offcampusliving.cornell.edu/listings/5363/IMG_0106.jpg', 'SortOrder': 20}, {'PhotoId': 42548, 'PhotoName': 'IMG_0095.jpg', 'IsDefault': False, 'AddedDateTime': '2025-08-04T11:43:30.616Z', 'listingId': 5363, 'PhotoUrl': 'https://images.listings.offcampusliving.cornell.edu/listings/5363/IMG_0095.jpg', 'SortOrder': 21}]",
5368,4526,2025-08-01T00:00:00.000Z,12,216 Berkshire Rd,,"ITHACA,NY",14850,Beautiful renovated House on a very quiet road in Cayuga Heights. Close to Cornell University. ,"Nestled on a generous half-acre lot in the charming Village of Cayuga Heights, this robust brick ranch home epitomizes mid-century modern architectural design. Constructed during the peak of this era, the residence exudes openness and spaciousness, illuminated by an abundance of windows that seamlessly blend the indoor and outdoor spaces. The expansive interior boasts a sizable kitchen, outfitted with new stainless steel appliances, three bedrooms accompanied by two full baths, red oak floors.",3600,Price Per Unit,No,"['Air Conditioning', 'Electronic Payments Accepted', 'Internet Available', 'Kitchen', 'Laundry Facilities', 'Near Bus Route', 'Off-Street Parking Included']",No Preference,3,2,"['Graduate', 'Sabbatic Housing', 'Staff/Faculty']",Rent,42.47606480201418,-76.49602241984744,"{'lat': 42.47606480201418, 'lng': -76.49602241984744}",True,2025-10-31T00:00:00.000Z,True,No,2025-07-31T12:30:13.176Z,2025-07-31T12:51:07.559Z,,"[{'PhotoId': 42457, 'PhotoName': 'IMG_7438.jpg', 'IsDefault': True, 'AddedDateTime': '2025-07-31T12:37:56.148Z', 'listingId': 5368, 'PhotoUrl': 'https://images.listings.offcampusliving.cornell.edu/listings/5368/IMG_7438.jpg', 'SortOrder': None}, {'PhotoId': 42458, 'PhotoName': 'IMG_7408.jpg', 'IsDefault': False, 'AddedDateTime': '2025-07-31T12:38:37.311Z', 'listingId': 5368, 'PhotoUrl': 'https://images.listings.offcampusliving.cornell.edu/listings/5368/IMG_7408.jpg', 'SortOrder': None}, {'PhotoId': 42459, 'PhotoName': 'IMG_7409.jpg', 'IsDefault': False, 'AddedDateTime': '2025-07-31T12:38:38.696Z', 'listingId': 5368, 'PhotoUrl': 'https://images.listings.offcampusliving.cornell.edu/listings/5368/IMG_7409.jpg', 'SortOrder': None}, {'PhotoId': 42460, 'PhotoName': 'IMG_7437.jpg', 'IsDefault': False, 'AddedDateTime': '2025-07-31T12:38:40.166Z', 'listingId': 5368, 'PhotoUrl': 'https://images.listings.offcampusliving.cornell.edu/listings/5368/IMG_7437.jpg', 'SortOrder': None}]",
5372,3008,2025-08-31T00:00:00.000Z,12,113 Osmun Place,3,Ithaca,14850,"Furnished 3-bedroom, 1-bath apartment in college town (about 6 minutes walk to main library)","Furnished 3-bedroom, 1-bath apartment featuring a massive screened-in balcony shared between two rooms, plus an additional porch off the kitchen. Enjoy large bedrooms filled with natural light in a prime location right next to Collegetown and close to multiple bus stops. Heat, hot water, and gas are included—only pay affordable electricity. This is the perfect mix of indoor-outdoor space, comfort, and convenience. Schedule your showing today!  Open to rent by room.
",860,Price Per Person,No,"['Electronic Payments Accepted', 'Furnished', 'Heat Included', 'Kitchen', 'Near Bus Route', 'Permitted Street Parking Available']",No Preference,3,1,"['Graduate', 'Undergraduate', 'Staff/Faculty', 'Fall Sublet']",Rent,42.44214950891289,-76.49029406983452,"{'lat': 42.44214950891289, 'lng': -76.49029406983452}",True,2025-11-10T00:00:00.000Z,True,Yes,2025-08-02T14:12:50.723Z,2025-08-30T17:53:48.372Z,113 OSMUN PLACE,"[{'PhotoId': 42482, 'PhotoName': '113 Osmun Rental.001.jpeg', 'IsDefault': True, 'AddedDateTime': '2025-08-02T14:16:58.916Z', 'listingId': 5372, 'PhotoUrl': 'https://images.listings.offcampusliving.cornell.edu/listings/5372/113 Osmun Rental.001.jpeg', 'SortOrder': None}, {'PhotoId': 42483, 'PhotoName': 'Osmun_1.jpeg', 'IsDefault': False, 'AddedDateTime': '2025-08-02T14:17:00.204Z', 'listingId': 5372, 'PhotoUrl': 'https://images.listings.offcampusliving.cornell.edu/listings/5372/Osmun_1.jpeg', 'SortOrder': None}, {'PhotoId': 42484, 'PhotoName': 'Osmun_2.jpeg', 'IsDefault': False, 'AddedDateTime': '2025-08-02T14:17:23.619Z', 'listingId': 5372, 'PhotoUrl': 'https://images.listings.offcampusliving.cornell.edu/listings/5372/Osmun_2.jpeg', 'SortOrder': None}, {'PhotoId': 42485, 'PhotoName': 'Osmun_3.jpeg', 'IsDefault': False, 'AddedDateTime': '2025-08-02T14:17:25.119Z', 'listingId': 5372, 'PhotoUrl': 'https://images.listings.offcampusliving.cornell.edu/listings/5372/Osmun_3.jpeg', 'SortOrder': None}, {'PhotoId': 42486, 'PhotoName': 'Osmun_4.jpeg', 'IsDefault': False, 'AddedDateTime': '2025-08-02T14:17:34.542Z', 'listingId': 5372, 'PhotoUrl': 'https://images.listings.offcampusliving.cornell.edu/listings/5372/Osmun_4.jpeg', 'SortOrder': None}]","{""BuildingAddress"": ""113 OSMUN PLACE"", ""OverallSafetyRating"": 8, ""CategoryScores"": [{""Fire Protection"": 0}, {""Notification Systems"": 0}, {""Emergency Egress"": 0}, {""Applicable Code"": 0}, {""Fire Extinguishers"": 0}, {""Construction Type"": 0}, {""Valid Certificate of Compliance"": 8}], ""OverallSafetyRatingAsPercentage"": 17, ""CategoryScoresAsPercentage"": [{""Fire Protection"": 0}, {""Notification Systems"": 0}, {""Emergency Egress"": 0}, {""Applicable Code"": 0}, {""Fire Extinguishers"": 0}, {""Construction Type"": 0}, {""Valid Certificate of Compliance"": 100}], ""SprinklerType"": [], ""FireExtinguisherCertificateExpiration"": null, ""NotificationSystem"": [{""subCategory"": ""Single Station Smoke Alarm"", ""notificationType"": ""Single Station Smoke Alarm"", ""notificationSystemCertificateExpiration"": ""2025-06-10""}], ""HasValidCertificateOfOccupancy"": true, ""MeetsMinimumRequirements"": false, ""ExceedsRequirements"": false, ""HasFireResistantConstructionType"": false, ""SatisfiesApplicableCode"": false, ""CertificateExpirationDate"": ""2027-06-10T00:00:00.000Z"", ""DateLastUpdated"": ""2025-10-19T07:01:33.000Z""}"
5379,4556,2026-01-01T00:00:00.000Z,5,528 Stewart Avenue,2,Ithaca,14850,"This apartment was extensively renovated in the summer of 2021 and features all new flooring, doors, drywall, and contemporary finishes.","This apartment was extensively renovated in the summer of 2021 and features all new flooring, doors, drywall, and contemporary finishes. Enjoy this home's classic charm with modern amenities like in-unit laundry and stylish new lighting fixtures. The new kitchen boasts quartz countertops and new stainless steel appliances, and the bathrooms feature custom tiled showers, new vanities, and updated light fixtures!",800,Price Per Person,Yes,"['Furnished', 'Laundry Facilities', 'Kitchen', 'Near Bus Route', 'Off-Street Parking Available', 'Electronic Payments Accepted']",Male,9,3,['Spring Sublet'],Room to Rent,42.44493374799018,-76.48983571196133,"{'lat': 42.44493374799018, 'lng': -76.48983571196133}",True,2025-12-10T00:00:00.000Z,True,Yes,2025-08-10T23:56:34.440Z,2025-10-02T01:45:02.351Z,528 STEWART AVENUE,"[{'PhotoId': 42642, 'PhotoName': 'Living Room.jpg', 'IsDefault': True, 'AddedDateTime': '2025-08-11T18:59:26.956Z', 'listingId': 5379, 'PhotoUrl': 'https://images.listings.offcampusliving.cornell.edu/listings/5379/Living Room.jpg', 'SortOrder': None}, {'PhotoId': 42643, 'PhotoName': 'Kitchen.jpg', 'IsDefault': False, 'AddedDateTime': '2025-08-11T19:02:05.830Z', 'listingId': 5379, 'PhotoUrl': 'https://images.listings.offcampusliving.cornell.edu/listings/5379/Kitchen.jpg', 'SortOrder': None}, {'PhotoId': 42644, 'PhotoName': 'Dining Room.jpg', 'IsDefault': False, 'AddedDateTime': '2025-08-11T19:02:06.184Z', 'listingId': 5379, 'PhotoUrl': 'https://images.listings.offcampusliving.cornell.edu/listings/5379/Dining Room.jpg', 'SortOrder': None}, {'PhotoId': 42645, 'PhotoName': 'Bed 1.jpg', 'IsDefault': False, 'AddedDateTime': '2025-08-11T19:02:06.414Z', 'listingId': 5379, 'PhotoUrl': 'https://images.listings.offcampusliving.cornell.edu/listings/5379/Bed 1.jpg', 'SortOrder': None}, {'PhotoId': 42646, 'PhotoName': 'Bed 2.jpg', 'IsDefault': False, 'AddedDateTime': '2025-08-11T19:02:06.696Z', 'listingId': 5379, 'PhotoUrl': 'https://images.listings.offcampusliving.cornell.edu/listings/5379/Bed 2.jpg', 'SortOrder': None}, {'PhotoId': 42647, 'PhotoName': 'Bed 3.jpg', 'IsDefault': False, 'AddedDateTime': '2025-08-11T19:02:06.913Z', 'listingId': 5379, 'PhotoUrl': 'https://images.listings.offcampusliving.cornell.edu/listings/5379/Bed 3.jpg', 'SortOrder': None}, {'PhotoId': 42648, 'PhotoName': 'Bed 4.jpg', 'IsDefault': False, 'AddedDateTime': '2025-08-11T19:02:07.147Z', 'listingId': 5379, 'PhotoUrl': 'https://images.listings.offcampusliving.cornell.edu/listings/5379/Bed 4.jpg', 'SortOrder': None}, {'PhotoId': 42649, 'PhotoName': 'Bed 5.jpg', 'IsDefault': False, 'AddedDateTime': '2025-08-11T19:02:07.382Z', 'listingId': 5379, 'PhotoUrl': 'https://images.listings.offcampusliving.cornell.edu/listings/5379/Bed 5.jpg', 'SortOrder': None}, {'PhotoId': 42650, 'PhotoName': 'Bed 6.jpg', 'IsDefault': False, 'AddedDateTime': '2025-08-11T19:02:07.711Z', 'listingId': 5379, 'PhotoUrl': 'https://images.listings.offcampusliving.cornell.edu/listings/5379/Bed 6.jpg', 'SortOrder': None}, {'PhotoId': 42651, 'PhotoName': 'Bed 7.jpg', 'IsDefault': False, 'AddedDateTime': '2025-08-11T19:02:08.014Z', 'listingId': 5379, 'PhotoUrl': 'https://images.listings.offcampusliving.cornell.edu/listings/5379/Bed 7.jpg', 'SortOrder': None}, {'PhotoId': 42652, 'PhotoName': 'Bed 8.jpg', 'IsDefault': False, 'AddedDateTime': '2025-08-11T19:02:08.268Z', 'listingId': 5379, 'PhotoUrl': 'https://images.listings.offcampusliving.cornell.edu/listings/5379/Bed 8.jpg', 'SortOrder': None}, {'PhotoId': 42653, 'PhotoName': 'Bed 9.jpg', 'IsDefault': False, 'AddedDateTime': '2025-08-11T19:02:08.483Z', 'listingId': 5379, 'PhotoUrl': 'https://images.listings.offcampusliving.cornell.edu/listings/5379/Bed 9.jpg', 'SortOrder': None}, {'PhotoId': 42654, 'PhotoName': 'Bathroom 1.jpg', 'IsDefault': False, 'AddedDateTime': '2025-08-11T19:02:32.349Z', 'listingId': 5379, 'PhotoUrl': 'https://images.listings.offcampusliving.cornell.edu/listings/5379/Bathroom 1.jpg', 'SortOrder': None}, {'PhotoId': 42655, 'PhotoName': 'Bathroom 2.jpg', 'IsDefault': False, 'AddedDateTime': '2025-08-11T19:02:32.588Z', 'listingId': 5379, 'PhotoUrl': 'https://images.listings.offcampusliving.cornell.edu/listings/5379/Bathroom 2.jpg', 'SortOrder': None}, {'PhotoId': 42656, 'PhotoName': 'Bathroom 3.jpg', 'IsDefault': False, 'AddedDateTime': '2025-08-11T19:02:32.823Z', 'listingId': 5379, 'PhotoUrl': 'https://images.listings.offcampusliving.cornell.edu/listings/5379/Bathroom 3.jpg', 'SortOrder': None}]","{""BuildingAddress"": ""528 STEWART AVENUE"", ""OverallSafetyRating"": 12, ""CategoryScores"": [{""Fire Protection"": 0}, {""Notification Systems"": 2}, {""Emergency Egress"": 0}, {""Applicable Code"": 0}, {""Fire Extinguishers"": 2}, {""Construction Type"": 0}, {""Valid Certificate of Compliance"": 8}], ""OverallSafetyRatingAsPercentage"": 26, ""CategoryScoresAsPercentage"": [{""Fire Protection"": 0}, {""Notification Systems"": 33}, {""Emergency Egress"": 0}, {""Applicable Code"": 0}, {""Fire Extinguishers"": 100}, {""Construction Type"": 0}, {""Valid Certificate of Compliance"": 100}], ""SprinklerType"": [], ""FireExtinguisherCertificateExpiration"": ""2025-10-22T00:00:00.000Z"", ""NotificationSystem"": [{""subCategory"": ""Fire Alarm System"", ""notificationType"": ""Fire Alarm System"", ""notificationSystemCertificateExpiration"": ""2025-10-20""}, {""subCategory"": ""Single Station Smoke Alarm"", ""notificationType"": ""Single Station Smoke Alarm"", ""notificationSystemCertificateExpiration"": ""2025-09-15""}], ""HasValidCertificateOfOccupancy"": true, ""MeetsMinimumRequirements"": true, ""ExceedsRequirements"": true, ""HasFireResistantConstructionType"": false, ""SatisfiesApplicableCode"": false, ""CertificateExpirationDate"": ""2027-11-11T00:00:00.000Z"", ""DateLastUpdated"": ""2025-10-19T07:02:03.000Z""}"
5380,4548,2025-09-30T00:00:00.000Z,12,511 Chestnut Street,3,Ithaca,14850,"Nice 1br Apt ,Bath,kitchen, living room and additional enclosed glass porch, offSt park, separate entrance utilities are included in rental","furnished, Repainted and nice 1Bedroom with an additional glassed in porch, Living room,Bathroom,enclosed glass porch, Eat in kitchen counter tops, tiled and carpeted throughout. Off street parking with utilities included, elec & water. Quiet pleasant area minutes to cornell or IC, Wegmans or Trader Joe’s cass park athletic biking/ walking paths. Bus route and school nearby, wooded or seasonal city views as the leaves fall. Call or text for best viewing, John 607-592-5142.  pictures do not load ",1745,Price Per Unit,No,"['Electricity Included', 'Electronic Payments Accepted', 'Heat Included', 'Internet Available', 'Kitchen', 'Near Bus Route', 'Off-Street Parking Included', 'Furnished', 'Laundry Facilities', 'Water Included', 'Permitted Street Parking Available', 'Off-Street Parking Available']",No Preference,1,1,"['Graduate', 'Staff/Faculty', 'Undergraduate', 'Short-Term Housing', 'Sabbatic Housing', 'Summer Sublet', 'Spring Sublet']",Rent,42.43746700974602,-76.51937129749894,"{'lat': 42.43746700974602, 'lng': -76.51937129749894}",True,2025-10-26T00:00:00.000Z,True,Yes,2025-08-11T16:38:48.641Z,2025-09-26T20:20:53.059Z,511 CHESTNUT STREET,"[{'PhotoId': 42780, 'PhotoName': 'IMG_0537.jpeg', 'IsDefault': True, 'AddedDateTime': '2025-08-20T12:58:08.838Z', 'listingId': 5380, 'PhotoUrl': 'https://images.listings.offcampusliving.cornell.edu/listings/5380/IMG_0537.jpeg', 'SortOrder': 4}, {'PhotoId': 43287, 'PhotoName': 'IMG_0568.jpeg', 'IsDefault': False, 'AddedDateTime': '2025-09-26T20:11:04.999Z', 'listingId': 5380, 'PhotoUrl': 'https://images.listings.offcampusliving.cornell.edu/listings/5380/IMG_0568.jpeg', 'SortOrder': 1}, {'PhotoId': 43286, 'PhotoName': 'IMG_0561.jpeg', 'IsDefault': False, 'AddedDateTime': '2025-09-26T20:11:03.247Z', 'listingId': 5380, 'PhotoUrl': 'https://images.listings.offcampusliving.cornell.edu/listings/5380/IMG_0561.jpeg', 'SortOrder': 2}, {'PhotoId': 43288, 'PhotoName': 'IMG_0569.jpeg', 'IsDefault': False, 'AddedDateTime': '2025-09-26T20:11:07.190Z', 'listingId': 5380, 'PhotoUrl': 'https://images.listings.offcampusliving.cornell.edu/listings/5380/IMG_0569.jpeg', 'SortOrder': 3}, {'PhotoId': 43289, 'PhotoName': 'IMG_0570.jpeg', 'IsDefault': False, 'AddedDateTime': '2025-09-26T20:11:08.963Z', 'listingId': 5380, 'PhotoUrl': 'https://images.listings.offcampusliving.cornell.edu/listings/5380/IMG_0570.jpeg', 'SortOrder': 5}, {'PhotoId': 43290, 'PhotoName': 'IMG_0674.jpeg', 'IsDefault': False, 'AddedDateTime': '2025-09-26T20:11:10.604Z', 'listingId': 5380, 'PhotoUrl': 'https://images.listings.offcampusliving.cornell.edu/listings/5380/IMG_0674.jpeg', 'SortOrder': 6}]","{""BuildingAddress"": ""511 CHESTNUT STREET"", ""OverallSafetyRating"": 8, ""CategoryScores"": [{""Fire Protection"": 0}, {""Notification Systems"": 0}, {""Emergency Egress"": 0}, {""Applicable Code"": 0}, {""Fire Extinguishers"": 0}, {""Construction Type"": 0}, {""Valid Certificate of Compliance"": 8}], ""OverallSafetyRatingAsPercentage"": 17, ""CategoryScoresAsPercentage"": [{""Fire Protection"": 0}, {""Notification Systems"": 0}, {""Emergency Egress"": 0}, {""Applicable Code"": 0}, {""Fire Extinguishers"": 0}, {""Construction Type"": 0}, {""Valid Certificate of Compliance"": 100}], ""SprinklerType"": [], ""FireExtinguisherCertificateExpiration"": ""2024-10-31T00:00:00.000Z"", ""NotificationSystem"": [{""subCategory"": ""Single Station Smoke Alarm"", ""notificationType"": ""Single Station Smoke Alarm"", ""notificationSystemCertificateExpiration"": ""2024-11-13""}], ""HasValidCertificateOfOccupancy"": true, ""MeetsMinimumRequirements"": false, ""ExceedsRequirements"": false, ""HasFireResistantConstructionType"": false, ""SatisfiesApplicableCode"": false, ""CertificateExpirationDate"": ""2026-11-12T00:00:00.000Z"", ""DateLastUpdated"": ""2025-10-19T07:01:59.000Z""}"
5383,4560,2025-09-16T00:00:00.000Z,12,311 Green Street E,3B,Ithaca,14850,"Immediate occupancy and 1 MONTH FREE for a 1 bedroom apartment in Downtown Ithaca, right next to Ithaca Commons.","Residence 3B at Gateway Commons is a 1 bedroom, 1 bathroom rental available now with 1 month free. The apartment features an open layout with great natural light, large windows, a kitchen with full-sized, stainless steel appliances, including a dishwasher, bathroom with tub and in-unit washer and dryer, and bedroom with enormous walk-in closet. Conveniently located right next to Ithaca Commons for a short walk to campus and the Ithaca social scene. 
",2475,Price Per Unit,Yes,"['Permitted Street Parking Available', 'Heat Included', 'Internet Included', 'Kitchen', 'Laundry Facilities', 'Off-Street Parking Available', 'Water Included', 'Electronic Payments Accepted', 'Air Conditioning', 'Internet Available', 'Near Bus Route']",No Preference,1,1,"['Undergraduate', 'Staff/Faculty', 'Graduate']",Rent,42.43897242594763,-76.49404196944832,"{'lat': 42.43897242594763, 'lng': -76.49404196944832}",True,2026-02-16T00:00:00.000Z,True,Yes,2025-08-12T21:16:58.269Z,2025-09-16T16:29:00.261Z,311 GREEN STREET E,"[{'PhotoId': 42676, 'PhotoName': 'Kitchen_Living Room.png', 'IsDefault': True, 'AddedDateTime': '2025-08-13T11:52:43.591Z', 'listingId': 5383, 'PhotoUrl': 'https://images.listings.offcampusliving.cornell.edu/listings/5383/Kitchen_Living Room.png', 'SortOrder': 1}, {'PhotoId': 43150, 'PhotoName': 'Gateway 1BR B.jpg', 'IsDefault': False, 'AddedDateTime': '2025-09-13T16:06:23.613Z', 'listingId': 5383, 'PhotoUrl': 'https://images.listings.offcampusliving.cornell.edu/listings/5383/Gateway 1BR B.jpg', 'SortOrder': None}, {'PhotoId': 42687, 'PhotoName': 'Kitchen2.PNG', 'IsDefault': False, 'AddedDateTime': '2025-08-13T11:53:35.816Z', 'listingId': 5383, 'PhotoUrl': 'https://images.listings.offcampusliving.cornell.edu/listings/5383/Kitchen2.PNG', 'SortOrder': 2}, {'PhotoId': 42686, 'PhotoName': 'LivingRoom2.PNG', 'IsDefault': False, 'AddedDateTime': '2025-08-13T11:53:34.556Z', 'listingId': 5383, 'PhotoUrl': 'https://images.listings.offcampusliving.cornell.edu/listings/5383/LivingRoom2.PNG', 'SortOrder': 3}, {'PhotoId': 42679, 'PhotoName': 'Living Room1.PNG', 'IsDefault': False, 'AddedDateTime': '2025-08-13T11:52:46.873Z', 'listingId': 5383, 'PhotoUrl': 'https://images.listings.offcampusliving.cornell.edu/listings/5383/Living Room1.PNG', 'SortOrder': 4}, {'PhotoId': 42685, 'PhotoName': 'Bedroom2.PNG', 'IsDefault': False, 'AddedDateTime': '2025-08-13T11:53:33.562Z', 'listingId': 5383, 'PhotoUrl': 'https://images.listings.offcampusliving.cornell.edu/listings/5383/Bedroom2.PNG', 'SortOrder': 5}, {'PhotoId': 42684, 'PhotoName': 'Bedroom3.PNG', 'IsDefault': False, 'AddedDateTime': '2025-08-13T11:53:32.063Z', 'listingId': 5383, 'PhotoUrl': 'https://images.listings.offcampusliving.cornell.edu/listings/5383/Bedroom3.PNG', 'SortOrder': 6}, {'PhotoId': 42681, 'PhotoName': 'Closet1.PNG', 'IsDefault': False, 'AddedDateTime': '2025-08-13T11:52:48.986Z', 'listingId': 5383, 'PhotoUrl': 'https://images.listings.offcampusliving.cornell.edu/listings/5383/Closet1.PNG', 'SortOrder': 7}, {'PhotoId': 42682, 'PhotoName': 'Closet2.PNG', 'IsDefault': False, 'AddedDateTime': '2025-08-13T11:53:12.832Z', 'listingId': 5383, 'PhotoUrl': 'https://images.listings.offcampusliving.cornell.edu/listings/5383/Closet2.PNG', 'SortOrder': 8}, {'PhotoId': 42677, 'PhotoName': 'Bathroom_Laundry.png', 'IsDefault': False, 'AddedDateTime': '2025-08-13T11:52:44.735Z', 'listingId': 5383, 'PhotoUrl': 'https://images.listings.offcampusliving.cornell.edu/listings/5383/Bathroom_Laundry.png', 'SortOrder': 9}, {'PhotoId': 42678, 'PhotoName': 'Bathroom2.png', 'IsDefault': False, 'AddedDateTime': '2025-08-13T11:52:45.914Z', 'listingId': 5383, 'PhotoUrl': 'https://images.listings.offcampusliving.cornell.edu/listings/5383/Bathroom2.png', 'SortOrder': 10}, {'PhotoId': 42680, 'PhotoName': 'Bathroom to Kitchen.PNG', 'IsDefault': False, 'AddedDateTime': '2025-08-13T11:52:48.223Z', 'listingId': 5383, 'PhotoUrl': 'https://images.listings.offcampusliving.cornell.edu/listings/5383/Bathroom to Kitchen.PNG', 'SortOrder': 11}]","{""BuildingAddress"": ""311 GREEN STREET E"", ""OverallSafetyRating"": 25, ""CategoryScores"": [{""Fire Protection"": 0}, {""Notification Systems"": 0}, {""Emergency Egress"": 0}, {""Applicable Code"": 6}, {""Fire Extinguishers"": 0}, {""Construction Type"": 11}, {""Valid Certificate of Compliance"": 8}], ""OverallSafetyRatingAsPercentage"": 54, ""CategoryScoresAsPercentage"": [{""Fire Protection"": 0}, {""Notification Systems"": 0}, {""Emergency Egress"": 0}, {""Applicable Code"": 100}, {""Fire Extinguishers"": 0}, {""Construction Type"": 91}, {""Valid Certificate of Compliance"": 100}], ""SprinklerType"": [{""sprinklerType"": ""NFPA 13R Sprinkler System"", ""sprinklerCertificateExpiration"": ""2022-08-18""}], ""FireExtinguisherCertificateExpiration"": ""2022-10-12T00:00:00.000Z"", ""NotificationSystem"": [{""subCategory"": ""Fire Alarm System"", ""notificationType"": ""Fire Alarm System"", ""notificationSystemCertificateExpiration"": ""2024-01-24""}, {""subCategory"": ""Single Station Smoke Alarm"", ""notificationType"": ""Single Station Smoke Alarm"", ""notificationSystemCertificateExpiration"": ""2022-08-23""}], ""HasValidCertificateOfOccupancy"": true, ""MeetsMinimumRequirements"": false, ""ExceedsRequirements"": false, ""HasFireResistantConstructionType"": true, ""SatisfiesApplicableCode"": true, ""CertificateExpirationDate"": ""2026-12-13T00:00:00.000Z"", ""DateLastUpdated"": ""2025-10-19T07:01:49.000Z""}"
5392,4563,2025-08-21T00:00:00.000Z,12,101 westhaven rd,1,Ithaca,14850,Quiet spacious apartment ,"Single bedroom apartment, recently renovated, 2 walk in closets, lots of natural light, off street parking,cable,internet,heat electric, water, garbage all included,on bus rouute",1200,Price Per Person,No,"['Electricity Included', 'Heat Included', 'Internet Included', 'Kitchen', 'Near Bus Route', 'Off-Street Parking Included', 'Water Included']",No Preference,1,1,"['Graduate', 'Staff/Faculty']",Rent,42.43656881693207,-76.53382996817491,"{'lat': 42.43656881693207, 'lng': -76.53382996817491}",True,2025-12-05T00:00:00.000Z,True,Yes,2025-08-21T17:54:09.502Z,2025-08-21T18:03:09.794Z,,"[{'PhotoId': 42782, 'PhotoName': 'apartment1.jpg', 'IsDefault': True, 'AddedDateTime': '2025-08-21T18:01:26.072Z', 'listingId': 5392, 'PhotoUrl': 'https://images.listings.offcampusliving.cornell.edu/listings/5392/apartment1.jpg', 'SortOrder': None}, {'PhotoId': 42783, 'PhotoName': 'apartment2.jpg', 'IsDefault': False, 'AddedDateTime': '2025-08-21T18:01:26.540Z', 'listingId': 5392, 'PhotoUrl': 'https://images.listings.offcampusliving.cornell.edu/listings/5392/apartment2.jpg', 'SortOrder': None}, {'PhotoId': 42784, 'PhotoName': 'apartment3.jpg', 'IsDefault': False, 'AddedDateTime': '2025-08-21T18:01:26.757Z', 'listingId': 5392, 'PhotoUrl': 'https://images.listings.offcampusliving.cornell.edu/listings/5392/apartment3.jpg', 'SortOrder': None}, {'PhotoId': 42785, 'PhotoName': 'apartment4.jpg', 'IsDefault': False, 'AddedDateTime': '2025-08-21T18:01:26.910Z', 'listingId': 5392, 'PhotoUrl': 'https://images.listings.offcampusliving.cornell.edu/listings/5392/apartment4.jpg', 'SortOrder': None}, {'PhotoId': 42786, 'PhotoName': 'apartment bathroom.jpg', 'IsDefault': False, 'AddedDateTime': '2025-08-21T18:01:27.100Z', 'listingId': 5392, 'PhotoUrl': 'https://images.listings.offcampusliving.cornell.edu/listings/5392/apartment bathroom.jpg', 'SortOrder': None}]",
5394,37,2026-08-10T00:00:00.000Z,12,228 Linden Avenue,02,Ithaca,14850,"Visit our website demosjohnnycollegetownrentals.com Utilities included (Heat, Gas, Internet, Hot & Cold Water, Garbage). Located close to the new Cornell SC Johnson College of Business."," Visit our website 
demosjohnnycollegetownrentals.com
Tour virtually our 30 Off Campus locations in the Heart of Collegetown Linden Ave, College Ave, Catherine Street, Blair Street, Eddy Street 
1, 2, 3, 4, 5, 6, 7, 8, 9 bedroom houses / apartments 
We have the perfect locations for Cornell Students who want to be Close To It All!!!
Located close to the new Cornell SC Johnson College of Business. ",1500,Price Per Person,No,"['Electronic Payments Accepted', 'Furnished', 'Internet Available', 'Internet Included', 'Kitchen', 'Off-Street Parking Available', 'Near Bus Route', 'Laundry Facilities', 'Water Included', 'Heat Included']",No Preference,1,1,"['Fall Sublet', 'Graduate', 'Sabbatic Housing', 'Short-Term Housing', 'Spring Sublet', 'Staff/Faculty', 'Summer Sublet', 'Undergraduate']",Rent,42.44920266832641,-76.48401620139562,"{'lat': 42.44920266832641, 'lng': -76.48401620139562}",True,2025-10-25T00:00:00.000Z,True,Yes,2025-08-23T14:04:56.384Z,2025-09-25T14:13:06.389Z,228 LINDEN AVENUE,"[{'PhotoId': 42797, 'PhotoName': '228 Linden Ave Outside.JPG', 'IsDefault': True, 'AddedDateTime': '2025-08-23T14:08:51.370Z', 'listingId': 5394, 'PhotoUrl': 'https://images.listings.offcampusliving.cornell.edu/listings/5394/228 Linden Ave Outside.JPG', 'SortOrder': None}]","{""BuildingAddress"": ""228 LINDEN AVENUE"", ""OverallSafetyRating"": 8, ""CategoryScores"": [{""Fire Protection"": 0}, {""Notification Systems"": 0}, {""Emergency Egress"": 0}, {""Applicable Code"": 0}, {""Fire Extinguishers"": 0}, {""Construction Type"": 0}, {""Valid Certificate of Compliance"": 8}], ""OverallSafetyRatingAsPercentage"": 17, ""CategoryScoresAsPercentage"": [{""Fire Protection"": 0}, {""Notification Systems"": 0}, {""Emergency Egress"": 0}, {""Applicable Code"": 0}, {""Fire Extinguishers"": 0}, {""Construction Type"": 0}, {""Valid Certificate of Compliance"": 100}], ""SprinklerType"": [], ""FireExtinguisherCertificateExpiration"": null, ""NotificationSystem"": [{""subCategory"": ""Single Station Smoke Alarm"", ""notificationType"": ""Single Station Smoke Alarm"", ""notificationSystemCertificateExpiration"": ""2024-08-08""}, {""subCategory"": ""Fire Alarm System"", ""notificationType"": ""Fire Alarm System"", ""notificationSystemCertificateExpiration"": ""2024-08-06""}], ""HasValidCertificateOfOccupancy"": true, ""MeetsMinimumRequirements"": false, ""ExceedsRequirements"": false, ""HasFireResistantConstructionType"": false, ""SatisfiesApplicableCode"": false, ""CertificateExpirationDate"": ""2026-09-07T00:00:00.000Z"", ""DateLastUpdated"": ""2025-10-19T07:01:46.000Z""}"
5396,4565,2026-01-01T00:00:00.000Z,6,102 Highland Place,Apt 4,Ithaca,14850,Spacious single-bedroom apartment complete with a private outdoor deck.,"Amazing, huge second-floor apartment with access to its own private sundeck. High ceilings, big windows, and hardwood floors throughout. The bedroom is very big and has a beautiful bay window. Large living room with an enormous kitchen/dining area adjoining that includes laundry units, a dishwasher, and lots of cabinets and countertop space. The bathroom has a tub/shower. Off-street parking is available across the street.",2295,Price Per Unit,No,"['Electricity Included', 'Furnished', 'Heat Included', 'Internet Included', 'Kitchen', 'Laundry Facilities', 'Near Bus Route', 'Air Conditioning', 'Water Included', 'Off-Street Parking Available']",No Preference,1,1,['Spring Sublet'],Rent,42.44245123303123,-76.4888906534729,"{'lat': 42.44245123303123, 'lng': -76.4888906534729}",True,2026-01-24T00:00:00.000Z,True,Yes,2025-08-24T18:00:16.285Z,2025-08-24T18:04:35.063Z,102 HIGHLAND PLACE,"[{'PhotoId': 42831, 'PhotoName': 'Screenshot 2025-08-24 at 2.06.21 PM.png', 'IsDefault': True, 'AddedDateTime': '2025-08-24T18:09:01.525Z', 'listingId': 5396, 'PhotoUrl': 'https://images.listings.offcampusliving.cornell.edu/listings/5396/Screenshot 2025-08-24 at 2.06.21 PM.png', 'SortOrder': None}, {'PhotoId': 42832, 'PhotoName': 'Screenshot 2025-08-24 at 2.06.44 PM.png', 'IsDefault': False, 'AddedDateTime': '2025-08-24T18:09:02.804Z', 'listingId': 5396, 'PhotoUrl': 'https://images.listings.offcampusliving.cornell.edu/listings/5396/Screenshot 2025-08-24 at 2.06.44 PM.png', 'SortOrder': None}, {'PhotoId': 42833, 'PhotoName': 'Screenshot 2025-08-24 at 2.07.47 PM.png', 'IsDefault': False, 'AddedDateTime': '2025-08-24T18:09:13.798Z', 'listingId': 5396, 'PhotoUrl': 'https://images.listings.offcampusliving.cornell.edu/listings/5396/Screenshot 2025-08-24 at 2.07.47 PM.png', 'SortOrder': None}, {'PhotoId': 42834, 'PhotoName': 'Screenshot 2025-08-24 at 2.08.08 PM.png', 'IsDefault': False, 'AddedDateTime': '2025-08-24T18:09:44.496Z', 'listingId': 5396, 'PhotoUrl': 'https://images.listings.offcampusliving.cornell.edu/listings/5396/Screenshot 2025-08-24 at 2.08.08 PM.png', 'SortOrder': None}, {'PhotoId': 42835, 'PhotoName': 'Screenshot 2025-08-24 at 2.08.34 PM.png', 'IsDefault': False, 'AddedDateTime': '2025-08-24T18:09:45.490Z', 'listingId': 5396, 'PhotoUrl': 'https://images.listings.offcampusliving.cornell.edu/listings/5396/Screenshot 2025-08-24 at 2.08.34 PM.png', 'SortOrder': None}, {'PhotoId': 42836, 'PhotoName': 'Screenshot 2025-08-24 at 2.08.21 PM.png', 'IsDefault': False, 'AddedDateTime': '2025-08-24T18:09:46.186Z', 'listingId': 5396, 'PhotoUrl': 'https://images.listings.offcampusliving.cornell.edu/listings/5396/Screenshot 2025-08-24 at 2.08.21 PM.png', 'SortOrder': None}]","{""BuildingAddress"": ""102 HIGHLAND PLACE"", ""OverallSafetyRating"": 8, ""CategoryScores"": [{""Fire Protection"": 0}, {""Notification Systems"": 0}, {""Emergency Egress"": 0}, {""Applicable Code"": 0}, {""Fire Extinguishers"": 0}, {""Construction Type"": 0}, {""Valid Certificate of Compliance"": 8}], ""OverallSafetyRatingAsPercentage"": 17, ""CategoryScoresAsPercentage"": [{""Fire Protection"": 0}, {""Notification Systems"": 0}, {""Emergency Egress"": 0}, {""Applicable Code"": 0}, {""Fire Extinguishers"": 0}, {""Construction Type"": 0}, {""Valid Certificate of Compliance"": 100}], ""SprinklerType"": [], ""FireExtinguisherCertificateExpiration"": ""2023-09-15T00:00:00.000Z"", ""NotificationSystem"": [{""subCategory"": ""Single Station Smoke Alarm"", ""notificationType"": ""Single Station Smoke Alarm"", ""notificationSystemCertificateExpiration"": ""2024-02-06""}, {""subCategory"": ""Fire Alarm System"", ""notificationType"": ""Fire Alarm System"", ""notificationSystemCertificateExpiration"": ""2024-10-03""}], ""HasValidCertificateOfOccupancy"": true, ""MeetsMinimumRequirements"": false, ""ExceedsRequirements"": false, ""HasFireResistantConstructionType"": false, ""SatisfiesApplicableCode"": false, ""CertificateExpirationDate"": ""2026-03-06T00:00:00.000Z"", ""DateLastUpdated"": ""2025-10-19T07:01:28.000Z""}"
5400,4419,2025-12-22T00:00:00.000Z,5,403 College Avenue,2,Ithaca,14850,"Bright & Spacious Bedroom – Spring Sublease in Collegetown! Large and well furnished bedroom within 6 bedroom apartment with an optimal location near campus. 
","Bright & Spacious Bedroom – Spring Sublease in Collegetown!

Large, sunlit bedroom is available for sublease just steps from CTB and a quick 2 minute walk to Cornell’s campus!

About the Rooms:
-Fully furnished with full bed, dresser, desk, & chair etc..
-Big closet
-Window and radiator heater in every room
- Super clean and plenty of space

Apartment Perks:
- 2 full bathrooms
- Kitchen with lots of counter space (2 fridges)
- Washer and Dryer In-unit
- High Speed Wifi
- Dishwasher and fully equ",1100,Price Per Unit,No,"['Furnished', 'Internet Available', 'Kitchen', 'Laundry Facilities', 'Near Bus Route', 'Off-Street Parking Available', 'Water Included']",No Preference,1,2,['Spring Sublet'],Room to Rent,42.44195190019337,-76.48514360747909,"{'lat': 42.44195190019337, 'lng': -76.48514360747909}",True,2026-02-26T00:00:00.000Z,True,Yes,2025-08-26T15:07:16.464Z,2025-08-26T15:09:54.434Z,403 COLLEGE AVENUE,"[{'PhotoId': 42860, 'PhotoName': 'IMG_5129.JPG', 'IsDefault': True, 'AddedDateTime': '2025-08-26T15:13:47.968Z', 'listingId': 5400, 'PhotoUrl': 'https://images.listings.offcampusliving.cornell.edu/listings/5400/IMG_5129.JPG', 'SortOrder': 1}, {'PhotoId': 42855, 'PhotoName': 'IMG_9854.jpeg', 'IsDefault': False, 'AddedDateTime': '2025-08-26T15:13:41.654Z', 'listingId': 5400, 'PhotoUrl': 'https://images.listings.offcampusliving.cornell.edu/listings/5400/IMG_9854.jpeg', 'SortOrder': 2}, {'PhotoId': 42856, 'PhotoName': 'IMG_9855.jpeg', 'IsDefault': False, 'AddedDateTime': '2025-08-26T15:13:42.954Z', 'listingId': 5400, 'PhotoUrl': 'https://images.listings.offcampusliving.cornell.edu/listings/5400/IMG_9855.jpeg', 'SortOrder': 3}, {'PhotoId': 42857, 'PhotoName': 'IMG_9856.jpeg', 'IsDefault': False, 'AddedDateTime': '2025-08-26T15:13:44.392Z', 'listingId': 5400, 'PhotoUrl': 'https://images.listings.offcampusliving.cornell.edu/listings/5400/IMG_9856.jpeg', 'SortOrder': 4}, {'PhotoId': 42858, 'PhotoName': 'IMG_9857.jpeg', 'IsDefault': False, 'AddedDateTime': '2025-08-26T15:13:45.223Z', 'listingId': 5400, 'PhotoUrl': 'https://images.listings.offcampusliving.cornell.edu/listings/5400/IMG_9857.jpeg', 'SortOrder': 5}, {'PhotoId': 42859, 'PhotoName': 'IMG_9858.jpeg', 'IsDefault': False, 'AddedDateTime': '2025-08-26T15:13:46.113Z', 'listingId': 5400, 'PhotoUrl': 'https://images.listings.offcampusliving.cornell.edu/listings/5400/IMG_9858.jpeg', 'SortOrder': 6}, {'PhotoId': 42862, 'PhotoName': 'IMG_5131.JPG', 'IsDefault': False, 'AddedDateTime': '2025-08-26T15:13:51.602Z', 'listingId': 5400, 'PhotoUrl': 'https://images.listings.offcampusliving.cornell.edu/listings/5400/IMG_5131.JPG', 'SortOrder': 7}, {'PhotoId': 42863, 'PhotoName': 'IMG_5133.JPG', 'IsDefault': False, 'AddedDateTime': '2025-08-26T15:13:53.587Z', 'listingId': 5400, 'PhotoUrl': 'https://images.listings.offcampusliving.cornell.edu/listings/5400/IMG_5133.JPG', 'SortOrder': 8}, {'PhotoId': 42864, 'PhotoName': 'IMG_5134.JPG', 'IsDefault': False, 'AddedDateTime': '2025-08-26T15:13:55.469Z', 'listingId': 5400, 'PhotoUrl': 'https://images.listings.offcampusliving.cornell.edu/listings/5400/IMG_5134.JPG', 'SortOrder': 9}, {'PhotoId': 42861, 'PhotoName': 'IMG_5130.JPG', 'IsDefault': False, 'AddedDateTime': '2025-08-26T15:13:49.748Z', 'listingId': 5400, 'PhotoUrl': 'https://images.listings.offcampusliving.cornell.edu/listings/5400/IMG_5130.JPG', 'SortOrder': 10}, {'PhotoId': 42865, 'PhotoName': 'IMG_5135.JPG', 'IsDefault': False, 'AddedDateTime': '2025-08-26T15:13:57.395Z', 'listingId': 5400, 'PhotoUrl': 'https://images.listings.offcampusliving.cornell.edu/listings/5400/IMG_5135.JPG', 'SortOrder': 11}]","{""BuildingAddress"": ""403 COLLEGE AVENUE"", ""OverallSafetyRating"": 15, ""CategoryScores"": [{""Fire Protection"": 0}, {""Notification Systems"": 2}, {""Emergency Egress"": 0}, {""Applicable Code"": 0}, {""Fire Extinguishers"": 0}, {""Construction Type"": 5}, {""Valid Certificate of Compliance"": 8}], ""OverallSafetyRatingAsPercentage"": 32, ""CategoryScoresAsPercentage"": [{""Fire Protection"": 0}, {""Notification Systems"": 33}, {""Emergency Egress"": 0}, {""Applicable Code"": 0}, {""Fire Extinguishers"": 0}, {""Construction Type"": 41}, {""Valid Certificate of Compliance"": 100}], ""SprinklerType"": [{""sprinklerType"": ""NFPA 13 Sprinkler System"", ""sprinklerCertificateExpiration"": ""2025-03-17""}], ""FireExtinguisherCertificateExpiration"": ""2025-02-28T00:00:00.000Z"", ""NotificationSystem"": [{""subCategory"": ""Single Station Smoke Alarm"", ""notificationType"": ""Single Station Smoke Alarm"", ""notificationSystemCertificateExpiration"": ""2025-03-26""}, {""subCategory"": ""Fire Alarm System"", ""notificationType"": ""Fire Alarm System"", ""notificationSystemCertificateExpiration"": ""2025-11-18""}], ""HasValidCertificateOfOccupancy"": true, ""MeetsMinimumRequirements"": false, ""ExceedsRequirements"": false, ""HasFireResistantConstructionType"": false, ""SatisfiesApplicableCode"": false, ""CertificateExpirationDate"": ""2027-12-05T00:00:00.000Z"", ""DateLastUpdated"": ""2025-10-19T07:01:53.000Z""}"
5402,4574,2026-01-12T00:00:00.000Z,6,238 Linden Avenue (New),41,Ithaca,14850,"I am looking for a subletter for my fully furnished studio in 238 Linden, on the top floor, for the Spring 2026 semester / Summer. Price is at $2100/month (original price: $2300/month). ","Notable Features:
Reserved Parking Space (parking lot, not street parking)
Access to Catherine Commons Gym (2 minute walk)
High-Speed Internet
40-Inch Roku TV with Spectrum TV App
Kitchen
Microwave
Electronic Thermostat
Central Air Conditioning
Carpeting
Expansive Windows with Window Coverings
Garbage Disposal
Laundry Facilities
Controlled Access/Video Intercom System
Elevator
On-Site Maintenance 
Bike Racks
Quietest street in Collegetown!
*Photos attached are not the same unit; same floor plan*",2100,Price Per Person,No,"['Air Conditioning', 'Electricity Included', 'Electronic Payments Accepted', 'Furnished', 'Heat Included', 'Internet Available', 'Internet Included', 'Kitchen', 'Laundry Facilities', 'Near Bus Route', 'Off-Street Parking Available', 'Off-Street Parking Included', 'Permitted Street Parking Available', 'Water Included', 'Wheelchair Accessible']",No Preference,studio,1,"['Spring Sublet', 'Graduate', 'Undergraduate', 'Staff/Faculty']",Rent,42.44098618733667,-76.48427468806472,"{'lat': 42.44098618733667, 'lng': -76.48427468806472}",True,2026-02-02T00:00:00.000Z,True,Yes,2025-09-02T00:47:38.133Z,2025-09-02T00:51:40.435Z,238 LINDEN AVENUE (NEW),"[{'PhotoId': 42906, 'PhotoName': '526366861_1104632841565028_8225225847695239855_n.jpg', 'IsDefault': True, 'AddedDateTime': '2025-09-02T00:50:07.972Z', 'listingId': 5402, 'PhotoUrl': 'https://images.listings.offcampusliving.cornell.edu/listings/5402/526366861_1104632841565028_8225225847695239855_n.jpg', 'SortOrder': None}, {'PhotoId': 42907, 'PhotoName': '525723438_1104632771565035_5576072382351765882_n.jpg', 'IsDefault': False, 'AddedDateTime': '2025-09-02T00:50:08.162Z', 'listingId': 5402, 'PhotoUrl': 'https://images.listings.offcampusliving.cornell.edu/listings/5402/525723438_1104632771565035_5576072382351765882_n.jpg', 'SortOrder': None}, {'PhotoId': 42908, 'PhotoName': '526363162_1104632801565032_2078366912952155308_n.jpg', 'IsDefault': False, 'AddedDateTime': '2025-09-02T00:50:08.454Z', 'listingId': 5402, 'PhotoUrl': 'https://images.listings.offcampusliving.cornell.edu/listings/5402/526363162_1104632801565032_2078366912952155308_n.jpg', 'SortOrder': None}, {'PhotoId': 42909, 'PhotoName': '514407658_1104632821565030_4277846132259478250_n.jpg', 'IsDefault': False, 'AddedDateTime': '2025-09-02T00:50:08.661Z', 'listingId': 5402, 'PhotoUrl': 'https://images.listings.offcampusliving.cornell.edu/listings/5402/514407658_1104632821565030_4277846132259478250_n.jpg', 'SortOrder': None}]","{""BuildingAddress"": ""238 LINDEN AVENUE (NEW)"", ""OverallSafetyRating"": 19, ""CategoryScores"": [{""Fire Protection"": 0}, {""Notification Systems"": 0}, {""Emergency Egress"": 0}, {""Applicable Code"": 6}, {""Fire Extinguishers"": 0}, {""Construction Type"": 5}, {""Valid Certificate of Compliance"": 8}], ""OverallSafetyRatingAsPercentage"": 41, ""CategoryScoresAsPercentage"": [{""Fire Protection"": 0}, {""Notification Systems"": 0}, {""Emergency Egress"": 0}, {""Applicable Code"": 100}, {""Fire Extinguishers"": 0}, {""Construction Type"": 41}, {""Valid Certificate of Compliance"": 100}], ""SprinklerType"": [{""sprinklerType"": ""NFPA 13R Sprinkler System"", ""sprinklerCertificateExpiration"": ""2023-11-16""}], ""FireExtinguisherCertificateExpiration"": null, ""NotificationSystem"": [{""subCategory"": ""Fire Alarm System"", ""notificationType"": ""Fire Alarm System"", ""notificationSystemCertificateExpiration"": ""2023-12-20""}], ""HasValidCertificateOfOccupancy"": true, ""MeetsMinimumRequirements"": false, ""ExceedsRequirements"": false, ""HasFireResistantConstructionType"": false, ""SatisfiesApplicableCode"": true, ""CertificateExpirationDate"": ""2026-01-18T00:00:00.000Z"", ""DateLastUpdated"": ""2025-10-19T07:01:46.000Z""}"
5403,4567,2026-01-05T00:00:00.000Z,7,112 Summit Avenue,304 B,Ithaca,14850, Modern room in The Lux available for sublease in Collegetown! ,"Room in apartment available for sublease from January 5 - July 31 2026. The Lux & Lofts’ two communities come together in the heart of Collegetown to offer the students of Cornell University a safe haven. Located on Summit St., this unit is located  at the closest convenience to Cornell campus. When combined with elevated amenities including a rooftop terrace, fitness center, and study rooms, The Lux is a community made for your lifestyle of work and play. ",1800,Price Per Person,No,"['Air Conditioning', 'Electricity Included', 'Electronic Payments Accepted', 'Furnished', 'Heat Included', 'Internet Available', 'Internet Included', 'Kitchen', 'Laundry Facilities', 'Near Bus Route', 'Off-Street Parking Available', 'Permitted Street Parking Available', 'Water Included', 'Wheelchair Accessible']",Female,1,1,['Spring Sublet'],Room to Rent,42.44185078307196,-76.48322116515791,"{'lat': 42.44185078307196, 'lng': -76.48322116515791}",True,2025-12-02T00:00:00.000Z,True,Yes,2025-09-02T01:40:42.957Z,2025-09-30T15:06:09.450Z,112 SUMMIT AVENUE,"[{'PhotoId': 42910, 'PhotoName': 'IMG_6407.jpeg', 'IsDefault': True, 'AddedDateTime': '2025-09-02T01:43:21.726Z', 'listingId': 5403, 'PhotoUrl': 'https://images.listings.offcampusliving.cornell.edu/listings/5403/IMG_6407.jpeg', 'SortOrder': 2}, {'PhotoId': 42915, 'PhotoName': 'IMG_6402.jpeg', 'IsDefault': False, 'AddedDateTime': '2025-09-02T01:44:08.899Z', 'listingId': 5403, 'PhotoUrl': 'https://images.listings.offcampusliving.cornell.edu/listings/5403/IMG_6402.jpeg', 'SortOrder': 1}, {'PhotoId': 42911, 'PhotoName': 'IMG_6406.jpeg', 'IsDefault': False, 'AddedDateTime': '2025-09-02T01:43:35.487Z', 'listingId': 5403, 'PhotoUrl': 'https://images.listings.offcampusliving.cornell.edu/listings/5403/IMG_6406.jpeg', 'SortOrder': 3}, {'PhotoId': 42912, 'PhotoName': 'IMG_6405.jpeg', 'IsDefault': False, 'AddedDateTime': '2025-09-02T01:43:43.155Z', 'listingId': 5403, 'PhotoUrl': 'https://images.listings.offcampusliving.cornell.edu/listings/5403/IMG_6405.jpeg', 'SortOrder': 4}, {'PhotoId': 42913, 'PhotoName': 'IMG_6404.jpeg', 'IsDefault': False, 'AddedDateTime': '2025-09-02T01:43:52.816Z', 'listingId': 5403, 'PhotoUrl': 'https://images.listings.offcampusliving.cornell.edu/listings/5403/IMG_6404.jpeg', 'SortOrder': 5}, {'PhotoId': 42914, 'PhotoName': 'IMG_6403.jpeg', 'IsDefault': False, 'AddedDateTime': '2025-09-02T01:44:01.721Z', 'listingId': 5403, 'PhotoUrl': 'https://images.listings.offcampusliving.cornell.edu/listings/5403/IMG_6403.jpeg', 'SortOrder': 6}, {'PhotoId': 42916, 'PhotoName': 'IMG_6400.jpeg', 'IsDefault': False, 'AddedDateTime': '2025-09-02T01:44:22.584Z', 'listingId': 5403, 'PhotoUrl': 'https://images.listings.offcampusliving.cornell.edu/listings/5403/IMG_6400.jpeg', 'SortOrder': 7}, {'PhotoId': 42917, 'PhotoName': 'IMG_6399.jpeg', 'IsDefault': False, 'AddedDateTime': '2025-09-02T01:44:32.267Z', 'listingId': 5403, 'PhotoUrl': 'https://images.listings.offcampusliving.cornell.edu/listings/5403/IMG_6399.jpeg', 'SortOrder': 8}]","{""BuildingAddress"": ""112 SUMMIT AVENUE"", ""OverallSafetyRating"": 19, ""CategoryScores"": [{""Fire Protection"": 0}, {""Notification Systems"": 2}, {""Emergency Egress"": 0}, {""Applicable Code"": 6}, {""Fire Extinguishers"": 0}, {""Construction Type"": 3}, {""Valid Certificate of Compliance"": 8}], ""OverallSafetyRatingAsPercentage"": 41, ""CategoryScoresAsPercentage"": [{""Fire Protection"": 0}, {""Notification Systems"": 33}, {""Emergency Egress"": 0}, {""Applicable Code"": 100}, {""Fire Extinguishers"": 0}, {""Construction Type"": 25}, {""Valid Certificate of Compliance"": 100}], ""SprinklerType"": [{""sprinklerType"": ""NFPA 13R Sprinkler System"", ""sprinklerCertificateExpiration"": ""2023-07-05""}], ""FireExtinguisherCertificateExpiration"": ""2023-05-18T00:00:00.000Z"", ""NotificationSystem"": [{""subCategory"": ""Fire Alarm System"", ""notificationType"": ""Fire Alarm System"", ""notificationSystemCertificateExpiration"": ""2023-05-18""}, {""subCategory"": ""Single Station Smoke Alarm"", ""notificationType"": ""Single Station Smoke Alarm"", ""notificationSystemCertificateExpiration"": ""2023-09-21""}, {""subCategory"": ""CO Detector"", ""notificationType"": ""CO Detector"", ""notificationSystemCertificateExpiration"": ""auto""}], ""HasValidCertificateOfOccupancy"": true, ""MeetsMinimumRequirements"": false, ""ExceedsRequirements"": false, ""HasFireResistantConstructionType"": false, ""SatisfiesApplicableCode"": true, ""CertificateExpirationDate"": ""2025-12-28T00:00:00.000Z"", ""DateLastUpdated"": ""2025-10-19T07:01:32.000Z""}"
5407,4580,2026-01-01T00:00:00.000Z,5,405 Dryden Road,2,Ithaca,14850,Renting 1 bedroom in 3 bedroom apartment,"I’m subletting my apartment for the spring semester. It’s just a 7-minute walk from campus and has a washer and dryer in the house. You’ll be living with two other girls, so we’re preferably looking for a female subletter. Rent: $965/month Furnishings included: queen-size bed, desk, Chair, Extension cords, 5-tier shelf, gold nightstand, spacious closet with two cabinets, and a standing rack.
If you’re interested, feel free to reach out!   917-621-5928",995,Price Per Person,Yes,"['Furnished', 'Heat Included', 'Internet Available', 'Laundry Facilities', 'Near Bus Route', 'Off-Street Parking Available', 'Permitted Street Parking Available']",No Preference,3,1,"['Spring Sublet', 'Undergraduate']",Room to Rent,42.44107928867457,-76.481419351538,"{'lat': 42.44107928867457, 'lng': -76.481419351538}",True,2026-03-04T00:00:00.000Z,True,Yes,2025-09-04T16:27:49.541Z,2025-09-04T16:43:02.299Z,405 DRYDEN ROAD,"[{'PhotoId': 42946, 'PhotoName': 'Room_page-0001.jpg', 'IsDefault': True, 'AddedDateTime': '2025-09-04T16:37:26.542Z', 'listingId': 5407, 'PhotoUrl': 'https://images.listings.offcampusliving.cornell.edu/listings/5407/Room_page-0001.jpg', 'SortOrder': None}, {'PhotoId': 42947, 'PhotoName': 'Room_page-0002.jpg', 'IsDefault': False, 'AddedDateTime': '2025-09-04T16:37:28.477Z', 'listingId': 5407, 'PhotoUrl': 'https://images.listings.offcampusliving.cornell.edu/listings/5407/Room_page-0002.jpg', 'SortOrder': None}, {'PhotoId': 42948, 'PhotoName': 'Room_page-0003.jpg', 'IsDefault': False, 'AddedDateTime': '2025-09-04T16:37:29.310Z', 'listingId': 5407, 'PhotoUrl': 'https://images.listings.offcampusliving.cornell.edu/listings/5407/Room_page-0003.jpg', 'SortOrder': None}, {'PhotoId': 42949, 'PhotoName': 'Room_page-0004.jpg', 'IsDefault': False, 'AddedDateTime': '2025-09-04T16:37:30.046Z', 'listingId': 5407, 'PhotoUrl': 'https://images.listings.offcampusliving.cornell.edu/listings/5407/Room_page-0004.jpg', 'SortOrder': None}, {'PhotoId': 42950, 'PhotoName': 'Room_page-0008.jpg', 'IsDefault': False, 'AddedDateTime': '2025-09-04T16:37:30.938Z', 'listingId': 5407, 'PhotoUrl': 'https://images.listings.offcampusliving.cornell.edu/listings/5407/Room_page-0008.jpg', 'SortOrder': None}, {'PhotoId': 42951, 'PhotoName': 'Room_page-0009.jpg', 'IsDefault': False, 'AddedDateTime': '2025-09-04T16:37:31.493Z', 'listingId': 5407, 'PhotoUrl': 'https://images.listings.offcampusliving.cornell.edu/listings/5407/Room_page-0009.jpg', 'SortOrder': None}, {'PhotoId': 42952, 'PhotoName': 'Room_page-0010.jpg', 'IsDefault': False, 'AddedDateTime': '2025-09-04T16:37:32.153Z', 'listingId': 5407, 'PhotoUrl': 'https://images.listings.offcampusliving.cornell.edu/listings/5407/Room_page-0010.jpg', 'SortOrder': None}, {'PhotoId': 42953, 'PhotoName': 'Room_page-0006.jpg', 'IsDefault': False, 'AddedDateTime': '2025-09-04T16:37:32.984Z', 'listingId': 5407, 'PhotoUrl': 'https://images.listings.offcampusliving.cornell.edu/listings/5407/Room_page-0006.jpg', 'SortOrder': None}, {'PhotoId': 42954, 'PhotoName': 'Room_page-0007.jpg', 'IsDefault': False, 'AddedDateTime': '2025-09-04T16:37:33.508Z', 'listingId': 5407, 'PhotoUrl': 'https://images.listings.offcampusliving.cornell.edu/listings/5407/Room_page-0007.jpg', 'SortOrder': None}]","{""BuildingAddress"": ""405 DRYDEN ROAD"", ""OverallSafetyRating"": 8, ""CategoryScores"": [{""Fire Protection"": 0}, {""Notification Systems"": 0}, {""Emergency Egress"": 0}, {""Applicable Code"": 0}, {""Fire Extinguishers"": 0}, {""Construction Type"": 0}, {""Valid Certificate of Compliance"": 8}], ""OverallSafetyRatingAsPercentage"": 17, ""CategoryScoresAsPercentage"": [{""Fire Protection"": 0}, {""Notification Systems"": 0}, {""Emergency Egress"": 0}, {""Applicable Code"": 0}, {""Fire Extinguishers"": 0}, {""Construction Type"": 0}, {""Valid Certificate of Compliance"": 100}], ""SprinklerType"": [], ""FireExtinguisherCertificateExpiration"": ""2024-05-31T00:00:00.000Z"", ""NotificationSystem"": [{""subCategory"": ""Single Station Smoke Alarm"", ""notificationType"": ""Single Station Smoke Alarm"", ""notificationSystemCertificateExpiration"": ""2025-01-04""}], ""HasValidCertificateOfOccupancy"": true, ""MeetsMinimumRequirements"": false, ""ExceedsRequirements"": false, ""HasFireResistantConstructionType"": false, ""SatisfiesApplicableCode"": false, ""CertificateExpirationDate"": ""2027-01-04T00:00:00.000Z"", ""DateLastUpdated"": ""2025-10-19T07:01:53.000Z""}"
5408,192,2025-11-07T00:00:00.000Z,10,847 DRYDEN ROAD,3E,Ithaca,14850,Eastgate 1st Floor 3b/2b,3 bedroom/2 bath apartment located just minutes from Cornell. This charming apartment is located near TCAT bus routes and offers off road parking.,2008,Price Per Unit,Yes,"['Electronic Payments Accepted', 'Internet Available', 'Kitchen', 'Laundry Facilities', 'Near Bus Route', 'Off-Street Parking Available']",No Preference,3,2,"['Graduate', 'Short-Term Housing', 'Staff/Faculty', 'Undergraduate']",Rent,42.44901845297456,-76.48465673719555,"{'lat': 42.44901845297456, 'lng': -76.48465673719555}",True,2025-11-06T00:00:00.000Z,True,No,2025-09-04T18:52:03.192Z,2025-09-04T18:53:22.003Z,,"[{'PhotoId': 42955, 'PhotoName': 'Eastgate3E.jpg', 'IsDefault': True, 'AddedDateTime': '2025-09-04T18:53:33.605Z', 'listingId': 5408, 'PhotoUrl': 'https://images.listings.offcampusliving.cornell.edu/listings/5408/Eastgate3E.jpg', 'SortOrder': None}]",
5411,4582,2026-01-11T00:00:00.000Z,5,100 Fairview Square,2D,Ithaca,14850,Fully furnished 1 bed/1 bath sublet for Spring 2026. Utilities included. Pet-friendly.,"Spacious one-bedroom, one-bath apartment available for sublet in Spring 2026. The unit comes fully furnished and includes all utilities (Wi-Fi, water, and electricity) in the rent. Pet-friendly, comfortable, and move-in ready.",1677,Price Per Unit,Yes,"['Air Conditioning', 'Electricity Included', 'Electronic Payments Accepted', 'Furnished', 'Heat Included', 'Internet Included', 'Kitchen', 'Laundry Facilities', 'Near Bus Route', 'Off-Street Parking Available', 'Water Included', 'Wheelchair Accessible']",No Preference,1,1,['Spring Sublet'],Rent,42.44080359559889,-76.4762252625046,"{'lat': 42.44080359559889, 'lng': -76.4762252625046}",True,2025-12-05T00:00:00.000Z,True,Yes,2025-09-05T17:47:25.029Z,2025-09-05T17:51:04.890Z,100 FAIRVIEW SQUARE,"[{'PhotoId': 43009, 'PhotoName': 'living room.jpg', 'IsDefault': True, 'AddedDateTime': '2025-09-05T18:02:40.310Z', 'listingId': 5411, 'PhotoUrl': 'https://images.listings.offcampusliving.cornell.edu/listings/5411/living room.jpg', 'SortOrder': None}, {'PhotoId': 43010, 'PhotoName': 'kitchen.jpg', 'IsDefault': False, 'AddedDateTime': '2025-09-05T18:03:36.469Z', 'listingId': 5411, 'PhotoUrl': 'https://images.listings.offcampusliving.cornell.edu/listings/5411/kitchen.jpg', 'SortOrder': None}, {'PhotoId': 43011, 'PhotoName': 'hallway.jpg', 'IsDefault': False, 'AddedDateTime': '2025-09-05T18:03:53.730Z', 'listingId': 5411, 'PhotoUrl': 'https://images.listings.offcampusliving.cornell.edu/listings/5411/hallway.jpg', 'SortOrder': None}, {'PhotoId': 43012, 'PhotoName': 'bathroom.jpg', 'IsDefault': False, 'AddedDateTime': '2025-09-05T18:04:07.668Z', 'listingId': 5411, 'PhotoUrl': 'https://images.listings.offcampusliving.cornell.edu/listings/5411/bathroom.jpg', 'SortOrder': None}, {'PhotoId': 43013, 'PhotoName': 'bedroom.jpg', 'IsDefault': False, 'AddedDateTime': '2025-09-05T18:04:14.097Z', 'listingId': 5411, 'PhotoUrl': 'https://images.listings.offcampusliving.cornell.edu/listings/5411/bedroom.jpg', 'SortOrder': None}]","{""BuildingAddress"": ""100 FAIRVIEW SQUARE"", ""OverallSafetyRating"": 20, ""CategoryScores"": [{""Fire Protection"": 0}, {""Notification Systems"": 0}, {""Emergency Egress"": 0}, {""Applicable Code"": 0}, {""Fire Extinguishers"": 0}, {""Construction Type"": 12}, {""Valid Certificate of Compliance"": 8}], ""OverallSafetyRatingAsPercentage"": 43, ""CategoryScoresAsPercentage"": [{""Fire Protection"": 0}, {""Notification Systems"": 0}, {""Emergency Egress"": 0}, {""Applicable Code"": 0}, {""Fire Extinguishers"": 0}, {""Construction Type"": 100}, {""Valid Certificate of Compliance"": 100}], ""SprinklerType"": [], ""FireExtinguisherCertificateExpiration"": ""2025-02-01T00:00:00.000Z"", ""NotificationSystem"": [{""subCategory"": ""Single Station Smoke Alarm"", ""notificationType"": ""Single Station Smoke Alarm"", ""notificationSystemCertificateExpiration"": ""2025-07-29""}, {""subCategory"": ""Fire Alarm System"", ""notificationType"": ""Fire Alarm System"", ""notificationSystemCertificateExpiration"": ""2025-03-25""}], ""HasValidCertificateOfOccupancy"": true, ""MeetsMinimumRequirements"": false, ""ExceedsRequirements"": false, ""HasFireResistantConstructionType"": true, ""SatisfiesApplicableCode"": false, ""CertificateExpirationDate"": ""2027-09-11T00:00:00.000Z"", ""DateLastUpdated"": ""2025-10-19T07:01:27.000Z""}"
5412,4497,2025-12-22T00:00:00.000Z,5,403 College Avenue,2,Ithaca,14850,"Bright & Spacious Bedrooms – Spring Sublease in Collegetown!

1 bedroom in a 6 bedroom apartment!

Steps from CTB and a quick 2 minute walk to Cornells campus!","Bright & Spacious Bedroom Spring Sublease in Collegetown
Steps from CTB and a quick 2-min walk to Cornell’s campus

-Fully furnished with full beds, dressers, desks, & chairs
- 2 full bathrooms
- Kitchen with lots of counter space (2 fridges)
- Washer and Dryer In-unit and new
- High-Speed Wifi 
- Dishwasher and fully equipped
- Code Entry 

Right above Dos Amigos, next to 7/11, and near everything in Collegetown!

Message me if you’re interested or want a tour (787-400-5727 or nsp55@cornell.edu",1000,Price Per Person,No,"['Heat Included', 'Internet Available', 'Internet Included', 'Laundry Facilities', 'Kitchen', 'Near Bus Route', 'Furnished', 'Electronic Payments Accepted', 'Water Included', 'Permitted Street Parking Available']",Female,6,2,"['Spring Sublet', 'Undergraduate', 'Graduate']",Rent,42.44181774071344,-76.48506994346938,"{'lat': 42.44181774071344, 'lng': -76.48506994346938}",True,2026-03-05T00:00:00.000Z,True,Yes,2025-09-05T18:22:52.546Z,2025-09-05T18:27:47.134Z,403 COLLEGE AVENUE,"[{'PhotoId': 43015, 'PhotoName': 'Screenshot 2025-09-05 at 2.17.33 PM.png', 'IsDefault': True, 'AddedDateTime': '2025-09-05T18:28:24.195Z', 'listingId': 5412, 'PhotoUrl': 'https://images.listings.offcampusliving.cornell.edu/listings/5412/Screenshot 2025-09-05 at 2.17.33 PM.png', 'SortOrder': 1}, {'PhotoId': 43018, 'PhotoName': 'IMG_9856.jpeg', 'IsDefault': False, 'AddedDateTime': '2025-09-05T18:30:48.806Z', 'listingId': 5412, 'PhotoUrl': 'https://images.listings.offcampusliving.cornell.edu/listings/5412/IMG_9856.jpeg', 'SortOrder': 2}, {'PhotoId': 43019, 'PhotoName': 'IMG_9857.jpeg', 'IsDefault': False, 'AddedDateTime': '2025-09-05T18:30:49.969Z', 'listingId': 5412, 'PhotoUrl': 'https://images.listings.offcampusliving.cornell.edu/listings/5412/IMG_9857.jpeg', 'SortOrder': 3}, {'PhotoId': 43025, 'PhotoName': 'IMG_9858.jpeg', 'IsDefault': False, 'AddedDateTime': '2025-09-05T18:45:21.269Z', 'listingId': 5412, 'PhotoUrl': 'https://images.listings.offcampusliving.cornell.edu/listings/5412/IMG_9858.jpeg', 'SortOrder': 4}, {'PhotoId': 43022, 'PhotoName': 'IMG_0059.jpeg', 'IsDefault': False, 'AddedDateTime': '2025-09-05T18:30:53.284Z', 'listingId': 5412, 'PhotoUrl': 'https://images.listings.offcampusliving.cornell.edu/listings/5412/IMG_0059.jpeg', 'SortOrder': 5}, {'PhotoId': 43023, 'PhotoName': 'IMG_0060.jpeg', 'IsDefault': False, 'AddedDateTime': '2025-09-05T18:30:54.245Z', 'listingId': 5412, 'PhotoUrl': 'https://images.listings.offcampusliving.cornell.edu/listings/5412/IMG_0060.jpeg', 'SortOrder': 6}, {'PhotoId': 43024, 'PhotoName': 'IMG_9839.jpeg', 'IsDefault': False, 'AddedDateTime': '2025-09-05T18:44:10.153Z', 'listingId': 5412, 'PhotoUrl': 'https://images.listings.offcampusliving.cornell.edu/listings/5412/IMG_9839.jpeg', 'SortOrder': 7}, {'PhotoId': 43020, 'PhotoName': 'IMG_9846.jpeg', 'IsDefault': False, 'AddedDateTime': '2025-09-05T18:30:51.132Z', 'listingId': 5412, 'PhotoUrl': 'https://images.listings.offcampusliving.cornell.edu/listings/5412/IMG_9846.jpeg', 'SortOrder': 8}, {'PhotoId': 43021, 'PhotoName': 'IMG_9847.jpeg', 'IsDefault': False, 'AddedDateTime': '2025-09-05T18:30:52.284Z', 'listingId': 5412, 'PhotoUrl': 'https://images.listings.offcampusliving.cornell.edu/listings/5412/IMG_9847.jpeg', 'SortOrder': 9}, {'PhotoId': 43016, 'PhotoName': 'IMG_9837.jpeg', 'IsDefault': False, 'AddedDateTime': '2025-09-05T18:29:08.096Z', 'listingId': 5412, 'PhotoUrl': 'https://images.listings.offcampusliving.cornell.edu/listings/5412/IMG_9837.jpeg', 'SortOrder': 10}, {'PhotoId': 43017, 'PhotoName': 'IMG_9838.jpeg', 'IsDefault': False, 'AddedDateTime': '2025-09-05T18:29:09.440Z', 'listingId': 5412, 'PhotoUrl': 'https://images.listings.offcampusliving.cornell.edu/listings/5412/IMG_9838.jpeg', 'SortOrder': 11}]","{""BuildingAddress"": ""403 COLLEGE AVENUE"", ""OverallSafetyRating"": 15, ""CategoryScores"": [{""Fire Protection"": 0}, {""Notification Systems"": 2}, {""Emergency Egress"": 0}, {""Applicable Code"": 0}, {""Fire Extinguishers"": 0}, {""Construction Type"": 5}, {""Valid Certificate of Compliance"": 8}], ""OverallSafetyRatingAsPercentage"": 32, ""CategoryScoresAsPercentage"": [{""Fire Protection"": 0}, {""Notification Systems"": 33}, {""Emergency Egress"": 0}, {""Applicable Code"": 0}, {""Fire Extinguishers"": 0}, {""Construction Type"": 41}, {""Valid Certificate of Compliance"": 100}], ""SprinklerType"": [{""sprinklerType"": ""NFPA 13 Sprinkler System"", ""sprinklerCertificateExpiration"": ""2025-03-17""}], ""FireExtinguisherCertificateExpiration"": ""2025-02-28T00:00:00.000Z"", ""NotificationSystem"": [{""subCategory"": ""Single Station Smoke Alarm"", ""notificationType"": ""Single Station Smoke Alarm"", ""notificationSystemCertificateExpiration"": ""2025-03-26""}, {""subCategory"": ""Fire Alarm System"", ""notificationType"": ""Fire Alarm System"", ""notificationSystemCertificateExpiration"": ""2025-11-18""}], ""HasValidCertificateOfOccupancy"": true, ""MeetsMinimumRequirements"": false, ""ExceedsRequirements"": false, ""HasFireResistantConstructionType"": false, ""SatisfiesApplicableCode"": false, ""CertificateExpirationDate"": ""2027-12-05T00:00:00.000Z"", ""DateLastUpdated"": ""2025-10-19T07:01:53.000Z""}"
5414,37,2026-06-10T00:00:00.000Z,12,119 Blair Street,02,Ithaca,14850,Visit our website demosjohnnycollegetownrentals.com. ,"Visit our website 
demosjohnnycollegetownrentals.com
Tour virtually our 30 Off Campus locations in the Heart of Collegetown Linden Ave, College Ave, Catherine Street, Blair Street, Eddy Street 
1, 2, 3, 4, 5, 6, 7, 8, 9 bedroom houses / apartments 
We have the perfect locations for Cornell Students who want to be Close To It All!!!
Located close to the new Cornell SC Johnson College of Business.  ",1275,Price Per Person,No,"['Electronic Payments Accepted', 'Water Included', 'Furnished', 'Internet Available', 'Kitchen', 'Laundry Facilities', 'Near Bus Route', 'Off-Street Parking Available']",No Preference,studio,1,"['Graduate', 'Staff/Faculty', 'Undergraduate']",Rent,42.44933804016331,-76.48469911122446,"{'lat': 42.44933804016331, 'lng': -76.48469911122446}",True,2025-11-08T00:00:00.000Z,True,Yes,2025-09-08T20:41:53.486Z,2025-10-04T21:01:17.525Z,119 BLAIR STREET,"[{'PhotoId': 43042, 'PhotoName': '119 Blair.jpg', 'IsDefault': True, 'AddedDateTime': '2025-09-08T20:44:48.534Z', 'listingId': 5414, 'PhotoUrl': 'https://images.listings.offcampusliving.cornell.edu/listings/5414/119 Blair.jpg', 'SortOrder': None}]","{""BuildingAddress"": ""119 BLAIR STREET"", ""OverallSafetyRating"": 8, ""CategoryScores"": [{""Fire Protection"": 0}, {""Notification Systems"": 0}, {""Emergency Egress"": 0}, {""Applicable Code"": 0}, {""Fire Extinguishers"": 0}, {""Construction Type"": 0}, {""Valid Certificate of Compliance"": 8}], ""OverallSafetyRatingAsPercentage"": 17, ""CategoryScoresAsPercentage"": [{""Fire Protection"": 0}, {""Notification Systems"": 0}, {""Emergency Egress"": 0}, {""Applicable Code"": 0}, {""Fire Extinguishers"": 0}, {""Construction Type"": 0}, {""Valid Certificate of Compliance"": 100}], ""SprinklerType"": [], ""FireExtinguisherCertificateExpiration"": null, ""NotificationSystem"": [{""subCategory"": ""Single Station Smoke Alarm"", ""notificationType"": ""Single Station Smoke Alarm"", ""notificationSystemCertificateExpiration"": ""2025-02-01""}], ""HasValidCertificateOfOccupancy"": true, ""MeetsMinimumRequirements"": false, ""ExceedsRequirements"": false, ""HasFireResistantConstructionType"": false, ""SatisfiesApplicableCode"": false, ""CertificateExpirationDate"": ""2027-04-01T00:00:00.000Z"", ""DateLastUpdated"": ""2025-10-19T07:01:35.000Z""}"
5421,4577,2025-09-15T00:00:00.000Z,10,442 Aurora Street N,1,Ithaca,14850,Beautifully remodeled 1860 Victorian Italianate apartment is in excellent condition and ready for move-in.,"Details:
    •    1,400 sq. ft. living space
    •    Two bedrooms + a small office
    •    Fully remodeled kitchen with new appliances
    •    Elegant bathroom with tiled shower and original clawfoot tub
    •    Wood floors throughout
    •    In-unit washer and dryer
    •    Unfurnished or furnished

Location:
    •    Quiet house in a peaceful neighborhood
    •    Just a couple of blocks from the Commons
    •   Porch 
    •   Responsive Landlord next door
    •    Utilities not included",2350,Price Per Unit,No,"['Kitchen', 'Air Conditioning', 'Furnished', 'Internet Available', 'Laundry Facilities', 'Near Bus Route', 'Permitted Street Parking Available', 'Water Included']",No Preference,2,1,"['Graduate', 'Staff/Faculty', 'Sabbatic Housing']",Rent,42.444842777522,-76.4960598055519,"{'lat': 42.444842777522, 'lng': -76.4960598055519}",True,2025-10-23T00:00:00.000Z,True,Yes,2025-09-13T13:37:15.066Z,2025-09-13T13:48:04.785Z,442 AURORA STREET N,"[{'PhotoId': 43141, 'PhotoName': 'DSCF3661.JPG', 'IsDefault': True, 'AddedDateTime': '2025-09-13T13:45:50.509Z', 'listingId': 5421, 'PhotoUrl': 'https://images.listings.offcampusliving.cornell.edu/listings/5421/DSCF3661.JPG', 'SortOrder': 1}, {'PhotoId': 43138, 'PhotoName': 'DSCF3646.jpg', 'IsDefault': False, 'AddedDateTime': '2025-09-13T13:45:48.111Z', 'listingId': 5421, 'PhotoUrl': 'https://images.listings.offcampusliving.cornell.edu/listings/5421/DSCF3646.jpg', 'SortOrder': 2}, {'PhotoId': 43139, 'PhotoName': 'DSCF3649.jpeg', 'IsDefault': False, 'AddedDateTime': '2025-09-13T13:45:48.996Z', 'listingId': 5421, 'PhotoUrl': 'https://images.listings.offcampusliving.cornell.edu/listings/5421/DSCF3649.jpeg', 'SortOrder': 3}, {'PhotoId': 43140, 'PhotoName': 'DSCF3650.jpeg', 'IsDefault': False, 'AddedDateTime': '2025-09-13T13:45:49.678Z', 'listingId': 5421, 'PhotoUrl': 'https://images.listings.offcampusliving.cornell.edu/listings/5421/DSCF3650.jpeg', 'SortOrder': 4}, {'PhotoId': 43142, 'PhotoName': 'IMG_4005.jpeg', 'IsDefault': False, 'AddedDateTime': '2025-09-13T13:45:52.731Z', 'listingId': 5421, 'PhotoUrl': 'https://images.listings.offcampusliving.cornell.edu/listings/5421/IMG_4005.jpeg', 'SortOrder': 5}, {'PhotoId': 43145, 'PhotoName': 'IMG_4022.jpeg', 'IsDefault': False, 'AddedDateTime': '2025-09-13T13:45:59.259Z', 'listingId': 5421, 'PhotoUrl': 'https://images.listings.offcampusliving.cornell.edu/listings/5421/IMG_4022.jpeg', 'SortOrder': 6}, {'PhotoId': 43146, 'PhotoName': 'IMG_4543.jpeg', 'IsDefault': False, 'AddedDateTime': '2025-09-13T13:46:01.708Z', 'listingId': 5421, 'PhotoUrl': 'https://images.listings.offcampusliving.cornell.edu/listings/5421/IMG_4543.jpeg', 'SortOrder': 7}, {'PhotoId': 43148, 'PhotoName': 'IMG_7162.JPEG', 'IsDefault': False, 'AddedDateTime': '2025-09-13T13:46:44.291Z', 'listingId': 5421, 'PhotoUrl': 'https://images.listings.offcampusliving.cornell.edu/listings/5421/IMG_7162.JPEG', 'SortOrder': 8}, {'PhotoId': 43143, 'PhotoName': 'IMG_4006.jpeg', 'IsDefault': False, 'AddedDateTime': '2025-09-13T13:45:55.256Z', 'listingId': 5421, 'PhotoUrl': 'https://images.listings.offcampusliving.cornell.edu/listings/5421/IMG_4006.jpeg', 'SortOrder': 10}]","{""BuildingAddress"": ""442 AURORA STREET N"", ""OverallSafetyRating"": 8, ""CategoryScores"": [{""Fire Protection"": 0}, {""Notification Systems"": 0}, {""Emergency Egress"": 0}, {""Applicable Code"": 0}, {""Fire Extinguishers"": 0}, {""Construction Type"": 0}, {""Valid Certificate of Compliance"": 8}], ""OverallSafetyRatingAsPercentage"": 17, ""CategoryScoresAsPercentage"": [{""Fire Protection"": 0}, {""Notification Systems"": 0}, {""Emergency Egress"": 0}, {""Applicable Code"": 0}, {""Fire Extinguishers"": 0}, {""Construction Type"": 0}, {""Valid Certificate of Compliance"": 100}], ""SprinklerType"": [], ""FireExtinguisherCertificateExpiration"": null, ""NotificationSystem"": [{""subCategory"": ""Single Station Smoke Alarm"", ""notificationType"": ""Single Station Smoke Alarm"", ""notificationSystemCertificateExpiration"": ""2023-10-11""}], ""HasValidCertificateOfOccupancy"": true, ""MeetsMinimumRequirements"": false, ""ExceedsRequirements"": false, ""HasFireResistantConstructionType"": false, ""SatisfiesApplicableCode"": false, ""CertificateExpirationDate"": ""2027-10-11T00:00:00.000Z"", ""DateLastUpdated"": ""2025-10-19T07:01:57.000Z""}"
5424,4589,2025-12-22T00:00:00.000Z,10,123 Quarry Street S,104,Ithaca,14850,Collegetown Terrace (CTT) Studio Sublet,"The apartment is available for immediate move-in, and the lease will end at 2026.07.15. Students who need a sublet for Spring 2026 are also welcome. The lease price is $1,453/month. Including water, internet, and heat, with electricity averaging about $40/month. The unit is fully furnished and move-in ready — all furniture and a complete set of kitchenware are included, so you won’t need to buy anything extra. ",1453,Price Per Unit,No,"['Electronic Payments Accepted', 'Furnished', 'Heat Included', 'Internet Available', 'Internet Included', 'Kitchen', 'Laundry Facilities', 'Near Bus Route', 'Off-Street Parking Available', 'Water Included']",No Preference,studio,1,"['Spring Sublet', 'Graduate', 'Fall Sublet', 'Undergraduate']",Rent,42.43646034775281,-76.48746241842481,"{'lat': 42.43646034775281, 'lng': -76.48746241842481}",True,2026-03-15T00:00:00.000Z,True,Yes,2025-09-16T22:47:26.515Z,2025-10-02T02:58:06.036Z,123 QUARRY STREET S,"[{'PhotoId': 43203, 'PhotoName': 'IMG_5562.jpg', 'IsDefault': True, 'AddedDateTime': '2025-09-16T22:53:14.806Z', 'listingId': 5424, 'PhotoUrl': 'https://images.listings.offcampusliving.cornell.edu/listings/5424/IMG_5562.jpg', 'SortOrder': None}, {'PhotoId': 43204, 'PhotoName': 'IMG_5563.jpg', 'IsDefault': False, 'AddedDateTime': '2025-09-16T22:54:09.628Z', 'listingId': 5424, 'PhotoUrl': 'https://images.listings.offcampusliving.cornell.edu/listings/5424/IMG_5563.jpg', 'SortOrder': None}, {'PhotoId': 43205, 'PhotoName': 'cd00834339e56f16ebe2c783f8d69a10.JPG', 'IsDefault': False, 'AddedDateTime': '2025-09-16T22:54:09.944Z', 'listingId': 5424, 'PhotoUrl': 'https://images.listings.offcampusliving.cornell.edu/listings/5424/cd00834339e56f16ebe2c783f8d69a10.JPG', 'SortOrder': None}, {'PhotoId': 43206, 'PhotoName': 'IMG_5564.jpg', 'IsDefault': False, 'AddedDateTime': '2025-09-16T22:54:10.266Z', 'listingId': 5424, 'PhotoUrl': 'https://images.listings.offcampusliving.cornell.edu/listings/5424/IMG_5564.jpg', 'SortOrder': None}, {'PhotoId': 43207, 'PhotoName': 'IMG_5566.jpg', 'IsDefault': False, 'AddedDateTime': '2025-09-16T22:54:10.562Z', 'listingId': 5424, 'PhotoUrl': 'https://images.listings.offcampusliving.cornell.edu/listings/5424/IMG_5566.jpg', 'SortOrder': None}]","{""BuildingAddress"": ""123 QUARRY STREET S"", ""OverallSafetyRating"": 18, ""CategoryScores"": [{""Fire Protection"": 0}, {""Notification Systems"": 0}, {""Emergency Egress"": 0}, {""Applicable Code"": 0}, {""Fire Extinguishers"": 0}, {""Construction Type"": 10}, {""Valid Certificate of Compliance"": 8}], ""OverallSafetyRatingAsPercentage"": 39, ""CategoryScoresAsPercentage"": [{""Fire Protection"": 0}, {""Notification Systems"": 0}, {""Emergency Egress"": 0}, {""Applicable Code"": 0}, {""Fire Extinguishers"": 0}, {""Construction Type"": 83}, {""Valid Certificate of Compliance"": 100}], ""SprinklerType"": [{""sprinklerType"": ""NFPA 13R Sprinkler System"", ""sprinklerCertificateExpiration"": ""2023-06-06""}], ""FireExtinguisherCertificateExpiration"": null, ""NotificationSystem"": [{""subCategory"": ""Single Station Smoke Alarm"", ""notificationType"": ""Single Station Smoke Alarm"", ""notificationSystemCertificateExpiration"": ""2023-10-27""}, {""subCategory"": ""Fire Alarm System"", ""notificationType"": ""Fire Alarm System"", ""notificationSystemCertificateExpiration"": ""2024-01-15""}], ""HasValidCertificateOfOccupancy"": true, ""MeetsMinimumRequirements"": false, ""ExceedsRequirements"": false, ""HasFireResistantConstructionType"": true, ""SatisfiesApplicableCode"": false, ""CertificateExpirationDate"": ""2025-12-07T00:00:00.000Z"", ""DateLastUpdated"": ""2025-10-19T07:01:36.000Z""}"
5425,4590,2026-01-01T00:00:00.000Z,5,106 Catherine Street,,Ithaca,14850,A lovely well lit room in a newly furnished 6-bedroom house in the heart of Collegetown!,"106 Catherine street is fully furnished with a TV and new furniture. Laundry is free in the basement and paid parking available in the driveway. Free trash pickup. House is well-lit and air conditioned with a beautiful porch outside in an excellent location in central Collegetown near a bus stop. This room has a brand new bed and new blinds with 3 windows, a dresser, a desk and chair, and a large closet. The room is right next to one of the two bathrooms in the house. Feel free to reach out!",1150,Price Per Person,No,"['Air Conditioning', 'Electronic Payments Accepted', 'Furnished', 'Internet Included', 'Kitchen', 'Laundry Facilities', 'Near Bus Route', 'Off-Street Parking Available', 'Permitted Street Parking Available', 'Water Included']",No Preference,6,1,['Spring Sublet'],Rent,42.4403964881957,-76.48680925927734,"{'lat': 42.4403964881957, 'lng': -76.48680925927734}",True,2026-03-17T00:00:00.000Z,True,Yes,2025-09-17T00:47:07.170Z,2025-09-17T00:50:11.540Z,106 CATHERINE STREET,"[{'PhotoId': 43209, 'PhotoName': 'Screen Shot 2025-06-09 at 3.02.27 PM.png', 'IsDefault': True, 'AddedDateTime': '2025-09-17T00:50:58.580Z', 'listingId': 5425, 'PhotoUrl': 'https://images.listings.offcampusliving.cornell.edu/listings/5425/Screen Shot 2025-06-09 at 3.02.27 PM.png', 'SortOrder': None}, {'PhotoId': 43210, 'PhotoName': 'Screen Shot 2025-06-09 at 3.00.52 PM.png', 'IsDefault': False, 'AddedDateTime': '2025-09-17T00:50:59.091Z', 'listingId': 5425, 'PhotoUrl': 'https://images.listings.offcampusliving.cornell.edu/listings/5425/Screen Shot 2025-06-09 at 3.00.52 PM.png', 'SortOrder': None}, {'PhotoId': 43211, 'PhotoName': 'Screen Shot 2025-06-09 at 3.00.26 PM.png', 'IsDefault': False, 'AddedDateTime': '2025-09-17T00:50:59.582Z', 'listingId': 5425, 'PhotoUrl': 'https://images.listings.offcampusliving.cornell.edu/listings/5425/Screen Shot 2025-06-09 at 3.00.26 PM.png', 'SortOrder': None}, {'PhotoId': 43212, 'PhotoName': 'Screen Shot 2025-06-09 at 2.59.17 PM.png', 'IsDefault': False, 'AddedDateTime': '2025-09-17T00:51:00.190Z', 'listingId': 5425, 'PhotoUrl': 'https://images.listings.offcampusliving.cornell.edu/listings/5425/Screen Shot 2025-06-09 at 2.59.17 PM.png', 'SortOrder': None}]","{""BuildingAddress"": ""106 CATHERINE STREET"", ""OverallSafetyRating"": 8, ""CategoryScores"": [{""Fire Protection"": 0}, {""Notification Systems"": 0}, {""Emergency Egress"": 0}, {""Applicable Code"": 0}, {""Fire Extinguishers"": 0}, {""Construction Type"": 0}, {""Valid Certificate of Compliance"": 8}], ""OverallSafetyRatingAsPercentage"": 17, ""CategoryScoresAsPercentage"": [{""Fire Protection"": 0}, {""Notification Systems"": 0}, {""Emergency Egress"": 0}, {""Applicable Code"": 0}, {""Fire Extinguishers"": 0}, {""Construction Type"": 0}, {""Valid Certificate of Compliance"": 100}], ""SprinklerType"": [], ""FireExtinguisherCertificateExpiration"": ""2024-09-30T00:00:00.000Z"", ""NotificationSystem"": [{""subCategory"": ""Single Station Smoke Alarm"", ""notificationType"": ""Single Station Smoke Alarm"", ""notificationSystemCertificateExpiration"": ""2024-08-31""}], ""HasValidCertificateOfOccupancy"": true, ""MeetsMinimumRequirements"": true, ""ExceedsRequirements"": false, ""HasFireResistantConstructionType"": false, ""SatisfiesApplicableCode"": false, ""CertificateExpirationDate"": ""2026-11-02T00:00:00.000Z"", ""DateLastUpdated"": ""2025-10-19T07:01:29.000Z""}"
5427,4596,2026-06-01T00:00:00.000Z,12,409 S Aurora St,,Ithaca,14850,4 Bedroom Unit,"4 Bed, 2 bath, full kitchen, furnished.  Comfortable walk from Ithaca Commons and College Town! Quiet and Cozy living with brand new furniture.",800,Price Per Person,Yes,"['Air Conditioning', 'Electronic Payments Accepted', 'Furnished', 'Internet Available', 'Kitchen', 'Laundry Facilities', 'Off-Street Parking Available', 'Off-Street Parking Included']",No Preference,4,2,"['Undergraduate', 'Graduate']",Rent,42.4364154084433,-76.49455011449434,"{'lat': 42.4364154084433, 'lng': -76.49455011449434}",True,2026-09-20T00:00:00.000Z,True,Yes,2025-09-20T16:37:32.405Z,2025-09-24T14:36:10.817Z,,"[{'PhotoId': 43244, 'PhotoName': 'Screenshot 2025-09-20 at 12.12.54â\x80¯PM.png', 'IsDefault': True, 'AddedDateTime': '2025-09-20T16:39:57.909Z', 'listingId': 5427, 'PhotoUrl': 'https://images.listings.offcampusliving.cornell.edu/listings/5427/Screenshot 2025-09-20 at 12.12.54â\x80¯PM.png', 'SortOrder': None}, {'PhotoId': 43245, 'PhotoName': 'Screenshot 2025-09-20 at 12.40.32â\x80¯PM.png', 'IsDefault': False, 'AddedDateTime': '2025-09-20T16:40:55.764Z', 'listingId': 5427, 'PhotoUrl': 'https://images.listings.offcampusliving.cornell.edu/listings/5427/Screenshot 2025-09-20 at 12.40.32â\x80¯PM.png', 'SortOrder': None}, {'PhotoId': 43246, 'PhotoName': 'Screenshot 2025-09-20 at 12.40.51â\x80¯PM.png', 'IsDefault': False, 'AddedDateTime': '2025-09-20T16:41:02.281Z', 'listingId': 5427, 'PhotoUrl': 'https://images.listings.offcampusliving.cornell.edu/listings/5427/Screenshot 2025-09-20 at 12.40.51â\x80¯PM.png', 'SortOrder': None}, {'PhotoId': 43247, 'PhotoName': 'Screenshot 2025-09-20 at 12.41.12â\x80¯PM.png', 'IsDefault': False, 'AddedDateTime': '2025-09-20T16:41:22.758Z', 'listingId': 5427, 'PhotoUrl': 'https://images.listings.offcampusliving.cornell.edu/listings/5427/Screenshot 2025-09-20 at 12.41.12â\x80¯PM.png', 'SortOrder': None}]",
5428,4596,2026-06-01T00:00:00.000Z,12,405 S Aurora St,,Ithaca,14850,Quite 3 bedroom cottage.,"Quite 3 bedroom cottage with in unit washer/dryer. Fully furnished with parking. Completely private amenities within a short walk from Ithaca Commons and College Town. Listed Price is discounted GROUP RATE. If interested in renting without a group of 3, the price increases to $1100 per person.",800,Price Per Person,Yes,"['Electronic Payments Accepted', 'Furnished', 'Internet Available', 'Kitchen', 'Laundry Facilities', 'Near Bus Route', 'Off-Street Parking Available']",No Preference,3,1,"['Graduate', 'Undergraduate']",Rent,42.43725720074066,-76.49449110589599,"{'lat': 42.43725720074066, 'lng': -76.49449110589599}",True,2026-09-20T00:00:00.000Z,True,Yes,2025-09-20T16:48:32.765Z,2025-09-24T14:36:29.245Z,,"[{'PhotoId': 43248, 'PhotoName': 'Screenshot 2025-09-20 at 12.50.21â\x80¯PM.png', 'IsDefault': True, 'AddedDateTime': '2025-09-20T16:50:28.958Z', 'listingId': 5428, 'PhotoUrl': 'https://images.listings.offcampusliving.cornell.edu/listings/5428/Screenshot 2025-09-20 at 12.50.21â\x80¯PM.png', 'SortOrder': None}, {'PhotoId': 43249, 'PhotoName': 'Screenshot 2025-09-20 at 12.50.52â\x80¯PM.png', 'IsDefault': False, 'AddedDateTime': '2025-09-20T16:51:00.744Z', 'listingId': 5428, 'PhotoUrl': 'https://images.listings.offcampusliving.cornell.edu/listings/5428/Screenshot 2025-09-20 at 12.50.52â\x80¯PM.png', 'SortOrder': None}, {'PhotoId': 43250, 'PhotoName': 'Screenshot 2025-09-20 at 12.51.15â\x80¯PM.png', 'IsDefault': False, 'AddedDateTime': '2025-09-20T16:51:39.968Z', 'listingId': 5428, 'PhotoUrl': 'https://images.listings.offcampusliving.cornell.edu/listings/5428/Screenshot 2025-09-20 at 12.51.15â\x80¯PM.png', 'SortOrder': None}, {'PhotoId': 43251, 'PhotoName': 'Screenshot 2025-09-20 at 12.51.36â\x80¯PM.png', 'IsDefault': False, 'AddedDateTime': '2025-09-20T16:51:47.175Z', 'listingId': 5428, 'PhotoUrl': 'https://images.listings.offcampusliving.cornell.edu/listings/5428/Screenshot 2025-09-20 at 12.51.36â\x80¯PM.png', 'SortOrder': None}, {'PhotoId': 43252, 'PhotoName': 'Screenshot 2025-09-20 at 12.52.01â\x80¯PM.png', 'IsDefault': False, 'AddedDateTime': '2025-09-20T16:52:11.193Z', 'listingId': 5428, 'PhotoUrl': 'https://images.listings.offcampusliving.cornell.edu/listings/5428/Screenshot 2025-09-20 at 12.52.01â\x80¯PM.png', 'SortOrder': None}]",
5429,4598,2026-01-01T00:00:00.000Z,6,307 College Avenue,310,Ithaca,14850,Collegetown Crossings,"Collegetown Crossing

Units include
- Fully furnished rooms
- Heat and hot water 
- Heating and AC control unit in every room
- High-speed fiber optic internet access
- Large bedrooms and closets
- 24-hour fitness center
- On-site laundry
- Trash room on every floor",1535,Price Per Person,No,"['Air Conditioning', 'Electronic Payments Accepted', 'Internet Available', 'Laundry Facilities', 'Kitchen', 'Near Bus Route', 'Off-Street Parking Available', 'Water Included', 'Wheelchair Accessible', 'Heat Included', 'Furnished']",No Preference,3,1,"['Undergraduate', 'Short-Term Housing']",Rent,42.44118029200397,-76.48506582341766,"{'lat': 42.44118029200397, 'lng': -76.48506582341766}",True,2026-02-22T00:00:00.000Z,True,Yes,2025-09-22T19:11:12.864Z,2025-09-22T19:16:52.242Z,307 COLLEGE AVENUE,"[{'PhotoId': 43253, 'PhotoName': 'Screenshot 2025-09-22 at 3.14.01â\x80¯PM.png', 'IsDefault': True, 'AddedDateTime': '2025-09-22T19:15:06.161Z', 'listingId': 5429, 'PhotoUrl': 'https://images.listings.offcampusliving.cornell.edu/listings/5429/Screenshot 2025-09-22 at 3.14.01â\x80¯PM.png', 'SortOrder': 1}, {'PhotoId': 43254, 'PhotoName': 'Screenshot 2025-09-22 at 3.13.49â\x80¯PM.png', 'IsDefault': False, 'AddedDateTime': '2025-09-22T19:15:06.661Z', 'listingId': 5429, 'PhotoUrl': 'https://images.listings.offcampusliving.cornell.edu/listings/5429/Screenshot 2025-09-22 at 3.13.49â\x80¯PM.png', 'SortOrder': 2}, {'PhotoId': 43256, 'PhotoName': 'Screenshot 2025-09-22 at 3.14.16â\x80¯PM.png', 'IsDefault': False, 'AddedDateTime': '2025-09-22T19:15:07.141Z', 'listingId': 5429, 'PhotoUrl': 'https://images.listings.offcampusliving.cornell.edu/listings/5429/Screenshot 2025-09-22 at 3.14.16â\x80¯PM.png', 'SortOrder': 3}, {'PhotoId': 43255, 'PhotoName': 'Screen Shot 2024-10-09 at 7.40.48 PM.png', 'IsDefault': False, 'AddedDateTime': '2025-09-22T19:15:06.812Z', 'listingId': 5429, 'PhotoUrl': 'https://images.listings.offcampusliving.cornell.edu/listings/5429/Screen Shot 2024-10-09 at 7.40.48 PM.png', 'SortOrder': 4}, {'PhotoId': 43257, 'PhotoName': 'Screenshot 2025-09-22 at 3.14.09â\x80¯PM.png', 'IsDefault': False, 'AddedDateTime': '2025-09-22T19:15:15.870Z', 'listingId': 5429, 'PhotoUrl': 'https://images.listings.offcampusliving.cornell.edu/listings/5429/Screenshot 2025-09-22 at 3.14.09â\x80¯PM.png', 'SortOrder': 5}]","{""BuildingAddress"": ""307 COLLEGE AVENUE"", ""OverallSafetyRating"": 24, ""CategoryScores"": [{""Fire Protection"": 0}, {""Notification Systems"": 0}, {""Emergency Egress"": 0}, {""Applicable Code"": 6}, {""Fire Extinguishers"": 0}, {""Construction Type"": 10}, {""Valid Certificate of Compliance"": 8}], ""OverallSafetyRatingAsPercentage"": 52, ""CategoryScoresAsPercentage"": [{""Fire Protection"": 0}, {""Notification Systems"": 0}, {""Emergency Egress"": 0}, {""Applicable Code"": 100}, {""Fire Extinguishers"": 0}, {""Construction Type"": 83}, {""Valid Certificate of Compliance"": 100}], ""SprinklerType"": [{""sprinklerType"": ""NFPA 13R Sprinkler System"", ""sprinklerCertificateExpiration"": ""2024-07-25""}], ""FireExtinguisherCertificateExpiration"": null, ""NotificationSystem"": [{""subCategory"": ""Fire Alarm System"", ""notificationType"": ""Fire Alarm System"", ""notificationSystemCertificateExpiration"": ""2024-07-11""}, {""subCategory"": ""Single Station Smoke Alarm"", ""notificationType"": ""Interconnected Smoke Alarm"", ""notificationSystemCertificateExpiration"": ""2024-07-26""}], ""HasValidCertificateOfOccupancy"": true, ""MeetsMinimumRequirements"": false, ""ExceedsRequirements"": false, ""HasFireResistantConstructionType"": true, ""SatisfiesApplicableCode"": true, ""CertificateExpirationDate"": ""2026-07-25T00:00:00.000Z"", ""DateLastUpdated"": ""2025-10-19T07:01:47.000Z""}"
5430,4596,2026-06-01T00:00:00.000Z,12,407 S Aurora Street,,Ithaca,14850,4 bedroom apartment style home.,4 Bedroom home with in house amenities such as parking and laundry. quick walk to both Cornell and Ithaca College. Only minutes away from College Town and Ithaca Commons.,799,Price Per Person,Yes,"['Electronic Payments Accepted', 'Furnished', 'Internet Available', 'Kitchen', 'Laundry Facilities', 'Near Bus Route', 'Off-Street Parking Included']",No Preference,4,2,"['Graduate', 'Undergraduate']",Rent,42.43542018382236,-76.49440527520751,"{'lat': 42.43542018382236, 'lng': -76.49440527520751}",True,2026-03-24T00:00:00.000Z,True,Yes,2025-09-24T14:41:27.515Z,2025-09-24T14:42:29.891Z,,"[{'PhotoId': 43258, 'PhotoName': 'Screenshot 2025-09-24 at 10.43.09â\x80¯AM.png', 'IsDefault': True, 'AddedDateTime': '2025-09-24T14:43:21.753Z', 'listingId': 5430, 'PhotoUrl': 'https://images.listings.offcampusliving.cornell.edu/listings/5430/Screenshot 2025-09-24 at 10.43.09â\x80¯AM.png', 'SortOrder': None}, {'PhotoId': 43259, 'PhotoName': 'Screenshot 2025-09-24 at 10.43.37â\x80¯AM.png', 'IsDefault': False, 'AddedDateTime': '2025-09-24T14:43:45.452Z', 'listingId': 5430, 'PhotoUrl': 'https://images.listings.offcampusliving.cornell.edu/listings/5430/Screenshot 2025-09-24 at 10.43.37â\x80¯AM.png', 'SortOrder': None}, {'PhotoId': 43260, 'PhotoName': 'Screenshot 2025-09-24 at 10.43.54â\x80¯AM.png', 'IsDefault': False, 'AddedDateTime': '2025-09-24T14:44:03.521Z', 'listingId': 5430, 'PhotoUrl': 'https://images.listings.offcampusliving.cornell.edu/listings/5430/Screenshot 2025-09-24 at 10.43.54â\x80¯AM.png', 'SortOrder': None}, {'PhotoId': 43261, 'PhotoName': 'Screenshot 2025-09-24 at 10.44.13â\x80¯AM.png', 'IsDefault': False, 'AddedDateTime': '2025-09-24T14:44:22.885Z', 'listingId': 5430, 'PhotoUrl': 'https://images.listings.offcampusliving.cornell.edu/listings/5430/Screenshot 2025-09-24 at 10.44.13â\x80¯AM.png', 'SortOrder': None}, {'PhotoId': 43262, 'PhotoName': 'Screenshot 2025-09-24 at 10.44.42â\x80¯AM.png', 'IsDefault': False, 'AddedDateTime': '2025-09-24T14:44:55.233Z', 'listingId': 5430, 'PhotoUrl': 'https://images.listings.offcampusliving.cornell.edu/listings/5430/Screenshot 2025-09-24 at 10.44.42â\x80¯AM.png', 'SortOrder': None}]",
5431,4596,2026-06-01T00:00:00.000Z,12,311 S Aurora Street,,Ithaca,14850,Single unit private apartment! ,"This single unit private apartment is perfect for a quite living environment just a short walk away from College Town and Ithaca Commons. Fully furnished with  a kitchen, dining room, parking and laundry.",1300,Price Per Unit,Yes,"['Electronic Payments Accepted', 'Furnished', 'Internet Available', 'Kitchen', 'Laundry Facilities', 'Near Bus Route', 'Off-Street Parking Available', 'Off-Street Parking Included']",No Preference,1,1,"['Graduate', 'Undergraduate', 'Staff/Faculty', 'Short-Term Housing']",Rent,42.43717802008707,-76.49457693658447,"{'lat': 42.43717802008707, 'lng': -76.49457693658447}",True,2026-09-24T00:00:00.000Z,True,Yes,2025-09-24T14:48:43.875Z,2025-09-24T14:55:53.432Z,,"[{'PhotoId': 43263, 'PhotoName': 'Screenshot 2025-09-24 at 10.50.45â\x80¯AM.png', 'IsDefault': True, 'AddedDateTime': '2025-09-24T14:51:16.184Z', 'listingId': 5431, 'PhotoUrl': 'https://images.listings.offcampusliving.cornell.edu/listings/5431/Screenshot 2025-09-24 at 10.50.45â\x80¯AM.png', 'SortOrder': None}, {'PhotoId': 43264, 'PhotoName': 'Screenshot 2025-09-24 at 10.51.12â\x80¯AM.png', 'IsDefault': False, 'AddedDateTime': '2025-09-24T14:51:22.443Z', 'listingId': 5431, 'PhotoUrl': 'https://images.listings.offcampusliving.cornell.edu/listings/5431/Screenshot 2025-09-24 at 10.51.12â\x80¯AM.png', 'SortOrder': None}, {'PhotoId': 43265, 'PhotoName': 'Screenshot 2025-09-24 at 10.51.34â\x80¯AM.png', 'IsDefault': False, 'AddedDateTime': '2025-09-24T14:51:48.469Z', 'listingId': 5431, 'PhotoUrl': 'https://images.listings.offcampusliving.cornell.edu/listings/5431/Screenshot 2025-09-24 at 10.51.34â\x80¯AM.png', 'SortOrder': None}, {'PhotoId': 43266, 'PhotoName': 'Screenshot 2025-09-24 at 10.52.37â\x80¯AM.png', 'IsDefault': False, 'AddedDateTime': '2025-09-24T14:52:43.597Z', 'listingId': 5431, 'PhotoUrl': 'https://images.listings.offcampusliving.cornell.edu/listings/5431/Screenshot 2025-09-24 at 10.52.37â\x80¯AM.png', 'SortOrder': None}, {'PhotoId': 43267, 'PhotoName': 'Screenshot 2025-09-24 at 10.52.56â\x80¯AM.png', 'IsDefault': False, 'AddedDateTime': '2025-09-24T14:53:05.716Z', 'listingId': 5431, 'PhotoUrl': 'https://images.listings.offcampusliving.cornell.edu/listings/5431/Screenshot 2025-09-24 at 10.52.56â\x80¯AM.png', 'SortOrder': None}]",
5436,4607,2025-10-06T00:00:00.000Z,6,600 WARREN RD ,#2-2F,Lansing,14850,"📍 2 bed / 1 bath, 1030 sq. ft.
💲 $1,500 / month","📍 2 bed / 1 bath, 1030 sq. ft.
💲 $1,500 / month

Looking for someone who can stay from mid-November through at least April (lease ends in April).

✨ Promotion: The price has included $297 promotion

📱 email: yoonck7@gmail.com",1500,Price Per Unit,Yes,"['Air Conditioning', 'Furnished', 'Internet Available', 'Kitchen', 'Near Bus Route', 'Laundry Facilities', 'Off-Street Parking Available', 'Off-Street Parking Included', 'Wheelchair Accessible']",No Preference,2,1,"['Staff/Faculty', 'Graduate', 'Short-Term Housing', 'Fall Sublet', 'Sabbatic Housing', 'Undergraduate']",Rent,42.47771508384467,-76.46894650753848,"{'lat': 42.47771508384467, 'lng': -76.46894650753848}",True,2025-10-26T00:00:00.000Z,True,No,2025-09-26T18:55:47.446Z,2025-10-06T14:13:38.798Z,,"[{'PhotoId': 43269, 'PhotoName': 'Living room-1.jpg', 'IsDefault': True, 'AddedDateTime': '2025-09-26T19:04:22.542Z', 'listingId': 5436, 'PhotoUrl': 'https://images.listings.offcampusliving.cornell.edu/listings/5436/Living room-1.jpg', 'SortOrder': None}, {'PhotoId': 43270, 'PhotoName': 'Living room-2.jpg', 'IsDefault': False, 'AddedDateTime': '2025-09-26T19:04:22.743Z', 'listingId': 5436, 'PhotoUrl': 'https://images.listings.offcampusliving.cornell.edu/listings/5436/Living room-2.jpg', 'SortOrder': None}, {'PhotoId': 43271, 'PhotoName': 'Dining room.jpg', 'IsDefault': False, 'AddedDateTime': '2025-09-26T19:04:22.920Z', 'listingId': 5436, 'PhotoUrl': 'https://images.listings.offcampusliving.cornell.edu/listings/5436/Dining room.jpg', 'SortOrder': None}, {'PhotoId': 43272, 'PhotoName': 'Kitchen-1.jpg', 'IsDefault': False, 'AddedDateTime': '2025-09-26T19:04:23.121Z', 'listingId': 5436, 'PhotoUrl': 'https://images.listings.offcampusliving.cornell.edu/listings/5436/Kitchen-1.jpg', 'SortOrder': None}, {'PhotoId': 43273, 'PhotoName': 'Kitche-2.jpg', 'IsDefault': False, 'AddedDateTime': '2025-09-26T19:04:23.364Z', 'listingId': 5436, 'PhotoUrl': 'https://images.listings.offcampusliving.cornell.edu/listings/5436/Kitche-2.jpg', 'SortOrder': None}, {'PhotoId': 43274, 'PhotoName': 'Primary bedroom-1.jpg', 'IsDefault': False, 'AddedDateTime': '2025-09-26T19:04:23.535Z', 'listingId': 5436, 'PhotoUrl': 'https://images.listings.offcampusliving.cornell.edu/listings/5436/Primary bedroom-1.jpg', 'SortOrder': None}, {'PhotoId': 43275, 'PhotoName': 'Primary baedroom-2.jpg', 'IsDefault': False, 'AddedDateTime': '2025-09-26T19:04:23.728Z', 'listingId': 5436, 'PhotoUrl': 'https://images.listings.offcampusliving.cornell.edu/listings/5436/Primary baedroom-2.jpg', 'SortOrder': None}, {'PhotoId': 43276, 'PhotoName': 'Primary bedroom walk-in closet.jpg', 'IsDefault': False, 'AddedDateTime': '2025-09-26T19:04:23.905Z', 'listingId': 5436, 'PhotoUrl': 'https://images.listings.offcampusliving.cornell.edu/listings/5436/Primary bedroom walk-in closet.jpg', 'SortOrder': None}, {'PhotoId': 43277, 'PhotoName': 'Secondary bedroom.jpg', 'IsDefault': False, 'AddedDateTime': '2025-09-26T19:04:24.093Z', 'listingId': 5436, 'PhotoUrl': 'https://images.listings.offcampusliving.cornell.edu/listings/5436/Secondary bedroom.jpg', 'SortOrder': None}, {'PhotoId': 43278, 'PhotoName': 'Secondary bedroom walk-in closet.jpg', 'IsDefault': False, 'AddedDateTime': '2025-09-26T19:04:24.273Z', 'listingId': 5436, 'PhotoUrl': 'https://images.listings.offcampusliving.cornell.edu/listings/5436/Secondary bedroom walk-in closet.jpg', 'SortOrder': None}, {'PhotoId': 43279, 'PhotoName': 'Entryway.jpg', 'IsDefault': False, 'AddedDateTime': '2025-09-26T19:04:24.496Z', 'listingId': 5436, 'PhotoUrl': 'https://images.listings.offcampusliving.cornell.edu/listings/5436/Entryway.jpg', 'SortOrder': None}, {'PhotoId': 43280, 'PhotoName': 'Patio.jpg', 'IsDefault': False, 'AddedDateTime': '2025-09-26T19:04:24.723Z', 'listingId': 5436, 'PhotoUrl': 'https://images.listings.offcampusliving.cornell.edu/listings/5436/Patio.jpg', 'SortOrder': None}]",
5438,4608,2025-10-01T00:00:00.000Z,10,201 College Avenue,4E,Ithaca,14850,"One-bedroom, one-bathroom, fully furnished modern apartment within walking distance of campus. Includes in-unit washer/dryer, dishwasher, air conditioning, on-site fitness center, and an elevator. ","Lux & Lofts apartment sublease available for $2,650 per month through July",2650,Price Per Unit,Yes,"['Air Conditioning', 'Electronic Payments Accepted', 'Electricity Included', 'Furnished', 'Heat Included', 'Internet Included', 'Internet Available', 'Kitchen', 'Laundry Facilities', 'Near Bus Route', 'Water Included', 'Wheelchair Accessible']",No Preference,1,1,"['Commencement', 'Fall Sublet', 'Graduate', 'Sabbatic Housing', 'Short-Term Housing', 'Spring Sublet', 'Staff/Faculty', 'Summer Sublet', 'Undergraduate']",Rent,42.43960128560407,-76.48463135593288,"{'lat': 42.43960128560407, 'lng': -76.48463135593288}",True,2025-10-26T00:00:00.000Z,True,Yes,2025-09-26T21:47:19.967Z,2025-09-28T15:46:39.834Z,201 COLLEGE AVENUE,"[{'PhotoId': 43291, 'PhotoName': 'Copy-of-Kitchen21-1024x683.jpeg', 'IsDefault': True, 'AddedDateTime': '2025-09-26T21:56:09.857Z', 'listingId': 5438, 'PhotoUrl': 'https://images.listings.offcampusliving.cornell.edu/listings/5438/Copy-of-Kitchen21-1024x683.jpeg', 'SortOrder': None}, {'PhotoId': 43292, 'PhotoName': 'Copy-of-E396CB9CD6D393387E1FA8E3513EB666.jpeg', 'IsDefault': False, 'AddedDateTime': '2025-09-26T21:58:00.493Z', 'listingId': 5438, 'PhotoUrl': 'https://images.listings.offcampusliving.cornell.edu/listings/5438/Copy-of-E396CB9CD6D393387E1FA8E3513EB666.jpeg', 'SortOrder': None}]","{""BuildingAddress"": ""201 COLLEGE AVENUE"", ""OverallSafetyRating"": 24, ""CategoryScores"": [{""Fire Protection"": 0}, {""Notification Systems"": 2}, {""Emergency Egress"": 0}, {""Applicable Code"": 6}, {""Fire Extinguishers"": 0}, {""Construction Type"": 8}, {""Valid Certificate of Compliance"": 8}], ""OverallSafetyRatingAsPercentage"": 52, ""CategoryScoresAsPercentage"": [{""Fire Protection"": 0}, {""Notification Systems"": 33}, {""Emergency Egress"": 0}, {""Applicable Code"": 100}, {""Fire Extinguishers"": 0}, {""Construction Type"": 66}, {""Valid Certificate of Compliance"": 100}], ""SprinklerType"": [{""sprinklerType"": ""NFPA 13 Sprinkler System"", ""sprinklerCertificateExpiration"": ""2024-09-18""}], ""FireExtinguisherCertificateExpiration"": ""2024-06-12T00:00:00.000Z"", ""NotificationSystem"": [{""subCategory"": ""Fire Alarm System"", ""notificationType"": ""Fire Alarm System"", ""notificationSystemCertificateExpiration"": ""2024-06-12""}, {""subCategory"": ""CO Detector"", ""notificationType"": ""CO Detector"", ""notificationSystemCertificateExpiration"": ""auto""}], ""HasValidCertificateOfOccupancy"": true, ""MeetsMinimumRequirements"": false, ""ExceedsRequirements"": false, ""HasFireResistantConstructionType"": true, ""SatisfiesApplicableCode"": true, ""CertificateExpirationDate"": ""2027-02-05T00:00:00.000Z"", ""DateLastUpdated"": ""2025-10-19T07:01:39.000Z""}"
5442,4615,2026-01-01T00:00:00.000Z,6,702 Buffalo Street E,,Ithaca,14850,"Studio Apartment – 6-Minute Walk to Cornell.  

Availability: Jan 1 – July 25, 2026. 

Rent:  Option A: $1,375/month (due 1st each month) — Total $9,625 Option B: $8,625 one-time payment due at sign","Security Deposit: $1,375 (refundable)  
Spring Semester Sublet: Studio with private bathroom. You will have the whole place to yourself. Full kitchen (microwave, refrigerator, oven) Utilities included (water, electricity, heat, trash) Wi-Fi available. Subletter arranges service through the internet provider of their choice. Private entrance- High ceilings with architectural detail makes for a very spacious feel. 
Furnishing options: Basic furnishings of bed, 2 dressers, sofa, desk, side table,..",1375,Price Per Unit,No,"['Electricity Included', 'Furnished', 'Heat Included', 'Internet Available', 'Kitchen', 'Off-Street Parking Included', 'Water Included', 'Off-Street Parking Available']",No Preference,studio,1,"['Graduate', 'Spring Sublet', 'Staff/Faculty']",Rent,42.44171523484241,-76.48892086763237,"{'lat': 42.44171523484241, 'lng': -76.48892086763237}",True,2027-06-02T00:00:00.000Z,True,Yes,2025-10-02T15:02:51.688Z,2025-10-02T16:34:48.653Z,702 BUFFALO STREET E,"[{'PhotoId': 43337, 'PhotoName': ""Jakes' Apartment Pic 1.jpg"", 'IsDefault': True, 'AddedDateTime': '2025-10-02T15:43:24.162Z', 'listingId': 5442, 'PhotoUrl': ""https://images.listings.offcampusliving.cornell.edu/listings/5442/Jakes' Apartment Pic 1.jpg"", 'SortOrder': None}, {'PhotoId': 43338, 'PhotoName': ""Jakes' Apartment Pic 2.jpg"", 'IsDefault': False, 'AddedDateTime': '2025-10-02T15:43:56.147Z', 'listingId': 5442, 'PhotoUrl': ""https://images.listings.offcampusliving.cornell.edu/listings/5442/Jakes' Apartment Pic 2.jpg"", 'SortOrder': None}, {'PhotoId': 43339, 'PhotoName': ""Jakes' Apartment Pic 3.jpg"", 'IsDefault': False, 'AddedDateTime': '2025-10-02T15:43:56.356Z', 'listingId': 5442, 'PhotoUrl': ""https://images.listings.offcampusliving.cornell.edu/listings/5442/Jakes' Apartment Pic 3.jpg"", 'SortOrder': None}, {'PhotoId': 43340, 'PhotoName': ""Jakes' Apartment Pic 4.jpg"", 'IsDefault': False, 'AddedDateTime': '2025-10-02T15:43:56.580Z', 'listingId': 5442, 'PhotoUrl': ""https://images.listings.offcampusliving.cornell.edu/listings/5442/Jakes' Apartment Pic 4.jpg"", 'SortOrder': None}, {'PhotoId': 43341, 'PhotoName': ""Jakes' Apartment Pic 5.jpg"", 'IsDefault': False, 'AddedDateTime': '2025-10-02T15:43:56.805Z', 'listingId': 5442, 'PhotoUrl': ""https://images.listings.offcampusliving.cornell.edu/listings/5442/Jakes' Apartment Pic 5.jpg"", 'SortOrder': None}, {'PhotoId': 43342, 'PhotoName': ""Jakes' Apartment Pic 6.jpg"", 'IsDefault': False, 'AddedDateTime': '2025-10-02T15:43:57.096Z', 'listingId': 5442, 'PhotoUrl': ""https://images.listings.offcampusliving.cornell.edu/listings/5442/Jakes' Apartment Pic 6.jpg"", 'SortOrder': None}]","{""BuildingAddress"": ""702 BUFFALO STREET E"", ""OverallSafetyRating"": 8, ""CategoryScores"": [{""Fire Protection"": 0}, {""Notification Systems"": 0}, {""Emergency Egress"": 0}, {""Applicable Code"": 0}, {""Fire Extinguishers"": 0}, {""Construction Type"": 0}, {""Valid Certificate of Compliance"": 8}], ""OverallSafetyRatingAsPercentage"": 17, ""CategoryScoresAsPercentage"": [{""Fire Protection"": 0}, {""Notification Systems"": 0}, {""Emergency Egress"": 0}, {""Applicable Code"": 0}, {""Fire Extinguishers"": 0}, {""Construction Type"": 0}, {""Valid Certificate of Compliance"": 100}], ""SprinklerType"": [], ""FireExtinguisherCertificateExpiration"": ""2024-05-30T00:00:00.000Z"", ""NotificationSystem"": [{""subCategory"": ""Single Station Smoke Alarm"", ""notificationType"": ""Single Station Smoke Alarm"", ""notificationSystemCertificateExpiration"": ""2024-10-05""}], ""HasValidCertificateOfOccupancy"": true, ""MeetsMinimumRequirements"": false, ""ExceedsRequirements"": false, ""HasFireResistantConstructionType"": false, ""SatisfiesApplicableCode"": false, ""CertificateExpirationDate"": ""2026-10-05T00:00:00.000Z"", ""DateLastUpdated"": ""2025-10-19T07:02:06.000Z""}"
5443,4617,2025-12-23T00:00:00.000Z,8,115 S QUARRY ST ,37,Ithaca,14850,Studio for Rent at COLLEGETOWN TERRACE (CTT),"A studio apartment with a bathroom at 115 S. Quarry St., Collegetown Terrace, is available for rent from December 23, 2025, to August 17, 2026. The rent is $800 per month. The location is convenient to campus, either within walking distance or accessible by the shuttle outside the building. Parking is available. Please contact me if you are interested in leasing the apartment for a short-term period ranging from one week to eight months between December 2025 and August 2026.",800,Price Per Unit,Yes,"['Air Conditioning', 'Electricity Included', 'Electronic Payments Accepted', 'Furnished', 'Heat Included', 'Internet Available', 'Internet Included', 'Laundry Facilities', 'Near Bus Route', 'Off-Street Parking Available', 'Off-Street Parking Included', 'Permitted Street Parking Available', 'Water Included', 'Wheelchair Accessible', 'Kitchen']",No Preference,studio,1,"['Commencement', 'Graduate', 'Sabbatic Housing', 'Short-Term Housing', 'Spring Sublet', 'Staff/Faculty', 'Summer Sublet', 'Undergraduate', 'Fall Sublet']",Rent,42.44922306524415,-76.4847597119848,"{'lat': 42.44922306524415, 'lng': -76.4847597119848}",True,2026-01-05T00:00:00.000Z,True,No,2025-10-04T23:29:43.492Z,2025-10-04T23:59:31.835Z,,"[{'PhotoId': 43422, 'PhotoName': 'room_pic1.jpg', 'IsDefault': True, 'AddedDateTime': '2025-10-04T23:36:12.561Z', 'listingId': 5443, 'PhotoUrl': 'https://images.listings.offcampusliving.cornell.edu/listings/5443/room_pic1.jpg', 'SortOrder': None}, {'PhotoId': 43423, 'PhotoName': 'room_pic2.jpg', 'IsDefault': False, 'AddedDateTime': '2025-10-04T23:36:12.921Z', 'listingId': 5443, 'PhotoUrl': 'https://images.listings.offcampusliving.cornell.edu/listings/5443/room_pic2.jpg', 'SortOrder': None}, {'PhotoId': 43424, 'PhotoName': 'room_pic3.jpg', 'IsDefault': False, 'AddedDateTime': '2025-10-04T23:36:13.410Z', 'listingId': 5443, 'PhotoUrl': 'https://images.listings.offcampusliving.cornell.edu/listings/5443/room_pic3.jpg', 'SortOrder': None}, {'PhotoId': 43425, 'PhotoName': 'room_pic4.jpg', 'IsDefault': False, 'AddedDateTime': '2025-10-04T23:36:13.848Z', 'listingId': 5443, 'PhotoUrl': 'https://images.listings.offcampusliving.cornell.edu/listings/5443/room_pic4.jpg', 'SortOrder': None}]",
5446,3083,2025-10-06T00:00:00.000Z,12,509 Wyckoff Road,,Ithaca,14850,509 Wyckoff Road - One Bedroom and Two Bedroom Apartments - Available NOW! ,"Available: 
#1 - 1 BD 341 sq. ft. - $1,425
#7 - 1 BD 415 sq. ft. - $1,650
#9 - 1 BD 424 sq. ft. - $1,675
#5 - 1 BD 498 sq. ft. - $1,650
#14 - 2 BD 741 sq. ft. - $1,900

The following is included in the monthly rent: parking, trash/recycling, water/sewer, and internet services through Spectrum. Residents would be responsible for their electric bill, which wil include their heating and cooling costs. 

Website: https://kimballresidents.managebuilding.com/Resident/public/rentals.",1425,Price Per Unit,No,"['Air Conditioning', 'Electronic Payments Accepted', 'Internet Available', 'Internet Included', 'Kitchen', 'Laundry Facilities', 'Near Bus Route', 'Off-Street Parking Available', 'Off-Street Parking Included', 'Water Included']",No Preference,1,1,"['Graduate', 'Staff/Faculty', 'Undergraduate']",Rent,42.4570369922225,-76.48706426894736,"{'lat': 42.4570369922225, 'lng': -76.48706426894736}",True,2025-11-06T00:00:00.000Z,True,No,2025-10-06T13:02:37.183Z,2025-10-06T13:12:21.295Z,,"[{'PhotoId': 43437, 'PhotoName': 'Screenshot 2025-10-06 at 08.14.26.png', 'IsDefault': True, 'AddedDateTime': '2025-10-06T13:20:17.587Z', 'listingId': 5446, 'PhotoUrl': 'https://images.listings.offcampusliving.cornell.edu/listings/5446/Screenshot 2025-10-06 at 08.14.26.png', 'SortOrder': 1}, {'PhotoId': 43436, 'PhotoName': 'Screenshot 2025-10-06 at 08.14.03.png', 'IsDefault': False, 'AddedDateTime': '2025-10-06T13:20:08.525Z', 'listingId': 5446, 'PhotoUrl': 'https://images.listings.offcampusliving.cornell.edu/listings/5446/Screenshot 2025-10-06 at 08.14.03.png', 'SortOrder': 2}, {'PhotoId': 43435, 'PhotoName': 'Screenshot 2025-10-06 at 08.13.53.png', 'IsDefault': False, 'AddedDateTime': '2025-10-06T13:20:02.943Z', 'listingId': 5446, 'PhotoUrl': 'https://images.listings.offcampusliving.cornell.edu/listings/5446/Screenshot 2025-10-06 at 08.13.53.png', 'SortOrder': 3}, {'PhotoId': 43438, 'PhotoName': 'Screenshot 2025-10-06 at 08.15.04.png', 'IsDefault': False, 'AddedDateTime': '2025-10-06T13:20:25.998Z', 'listingId': 5446, 'PhotoUrl': 'https://images.listings.offcampusliving.cornell.edu/listings/5446/Screenshot 2025-10-06 at 08.15.04.png', 'SortOrder': 4}, {'PhotoId': 43439, 'PhotoName': 'Screenshot 2025-10-06 at 08.15.29.png', 'IsDefault': False, 'AddedDateTime': '2025-10-06T13:20:32.944Z', 'listingId': 5446, 'PhotoUrl': 'https://images.listings.offcampusliving.cornell.edu/listings/5446/Screenshot 2025-10-06 at 08.15.29.png', 'SortOrder': 5}, {'PhotoId': 43441, 'PhotoName': 'Screenshot 2025-10-06 at 08.17.46.png', 'IsDefault': False, 'AddedDateTime': '2025-10-06T13:20:48.770Z', 'listingId': 5446, 'PhotoUrl': 'https://images.listings.offcampusliving.cornell.edu/listings/5446/Screenshot 2025-10-06 at 08.17.46.png', 'SortOrder': 6}, {'PhotoId': 43442, 'PhotoName': 'Screenshot 2025-10-06 at 08.18.05.png', 'IsDefault': False, 'AddedDateTime': '2025-10-06T13:20:53.107Z', 'listingId': 5446, 'PhotoUrl': 'https://images.listings.offcampusliving.cornell.edu/listings/5446/Screenshot 2025-10-06 at 08.18.05.png', 'SortOrder': 7}, {'PhotoId': 43440, 'PhotoName': 'Screenshot 2025-10-06 at 08.16.57.png', 'IsDefault': False, 'AddedDateTime': '2025-10-06T13:20:41.199Z', 'listingId': 5446, 'PhotoUrl': 'https://images.listings.offcampusliving.cornell.edu/listings/5446/Screenshot 2025-10-06 at 08.16.57.png', 'SortOrder': 8}]",
5448,3550,2025-11-01T00:00:00.000Z,12,755 Irish settlement road,,Freeville,13068,3 bedroom 2 full bathroom sitting on 7 acres surround by state land,"3 bedroom 2 full bath on 7 acres state land surrounding property fully remolded. propane forced hot air heat, gas stove, no garage, shed out building for added storage. beautiful place",1750,Price Per Unit,Yes,"['Kitchen', 'Laundry Facilities', 'Off-Street Parking Included', 'Water Included']",No Preference,3,2,['Graduate'],Rent,42.43821131974452,-76.31686986051176,"{'lat': 42.43821131974452, 'lng': -76.31686986051176}",True,2025-12-06T00:00:00.000Z,True,No,2025-10-06T15:42:04.506Z,2025-10-06T15:47:29.051Z,,"[{'PhotoId': 43451, 'PhotoName': 'IMG20250927164555.jpg', 'IsDefault': True, 'AddedDateTime': '2025-10-06T16:07:36.410Z', 'listingId': 5448, 'PhotoUrl': 'https://images.listings.offcampusliving.cornell.edu/listings/5448/IMG20250927164555.jpg', 'SortOrder': None}, {'PhotoId': 43452, 'PhotoName': 'IMG20250927164458.jpg', 'IsDefault': False, 'AddedDateTime': '2025-10-06T16:07:46.381Z', 'listingId': 5448, 'PhotoUrl': 'https://images.listings.offcampusliving.cornell.edu/listings/5448/IMG20250927164458.jpg', 'SortOrder': None}, {'PhotoId': 43453, 'PhotoName': 'IMG20250927164440.jpg', 'IsDefault': False, 'AddedDateTime': '2025-10-06T16:07:51.849Z', 'listingId': 5448, 'PhotoUrl': 'https://images.listings.offcampusliving.cornell.edu/listings/5448/IMG20250927164440.jpg', 'SortOrder': None}, {'PhotoId': 43454, 'PhotoName': 'IMG20250927164415.jpg', 'IsDefault': False, 'AddedDateTime': '2025-10-06T16:08:00.524Z', 'listingId': 5448, 'PhotoUrl': 'https://images.listings.offcampusliving.cornell.edu/listings/5448/IMG20250927164415.jpg', 'SortOrder': None}, {'PhotoId': 43455, 'PhotoName': 'IMG20250927163244.jpg', 'IsDefault': False, 'AddedDateTime': '2025-10-06T16:08:08.746Z', 'listingId': 5448, 'PhotoUrl': 'https://images.listings.offcampusliving.cornell.edu/listings/5448/IMG20250927163244.jpg', 'SortOrder': None}, {'PhotoId': 43456, 'PhotoName': 'IMG20250927164656.jpg', 'IsDefault': False, 'AddedDateTime': '2025-10-06T16:08:14.003Z', 'listingId': 5448, 'PhotoUrl': 'https://images.listings.offcampusliving.cornell.edu/listings/5448/IMG20250927164656.jpg', 'SortOrder': None}, {'PhotoId': 43457, 'PhotoName': 'IMG20250914175146.jpg', 'IsDefault': False, 'AddedDateTime': '2025-10-06T16:08:18.417Z', 'listingId': 5448, 'PhotoUrl': 'https://images.listings.offcampusliving.cornell.edu/listings/5448/IMG20250914175146.jpg', 'SortOrder': None}, {'PhotoId': 43458, 'PhotoName': 'IMG20250914175157.jpg', 'IsDefault': False, 'AddedDateTime': '2025-10-06T16:08:23.152Z', 'listingId': 5448, 'PhotoUrl': 'https://images.listings.offcampusliving.cornell.edu/listings/5448/IMG20250914175157.jpg', 'SortOrder': None}, {'PhotoId': 43459, 'PhotoName': 'IMG20250914175209.jpg', 'IsDefault': False, 'AddedDateTime': '2025-10-06T16:08:25.534Z', 'listingId': 5448, 'PhotoUrl': 'https://images.listings.offcampusliving.cornell.edu/listings/5448/IMG20250914175209.jpg', 'SortOrder': None}, {'PhotoId': 43460, 'PhotoName': 'IMG20250914175216.jpg', 'IsDefault': False, 'AddedDateTime': '2025-10-06T16:08:31.232Z', 'listingId': 5448, 'PhotoUrl': 'https://images.listings.offcampusliving.cornell.edu/listings/5448/IMG20250914175216.jpg', 'SortOrder': None}, {'PhotoId': 43461, 'PhotoName': 'IMG20250914175225.jpg', 'IsDefault': False, 'AddedDateTime': '2025-10-06T16:08:35.367Z', 'listingId': 5448, 'PhotoUrl': 'https://images.listings.offcampusliving.cornell.edu/listings/5448/IMG20250914175225.jpg', 'SortOrder': None}, {'PhotoId': 43462, 'PhotoName': 'IMG20250914175242.jpg', 'IsDefault': False, 'AddedDateTime': '2025-10-06T16:08:39.437Z', 'listingId': 5448, 'PhotoUrl': 'https://images.listings.offcampusliving.cornell.edu/listings/5448/IMG20250914175242.jpg', 'SortOrder': None}, {'PhotoId': 43463, 'PhotoName': 'IMG20250914175256.jpg', 'IsDefault': False, 'AddedDateTime': '2025-10-06T16:08:44.846Z', 'listingId': 5448, 'PhotoUrl': 'https://images.listings.offcampusliving.cornell.edu/listings/5448/IMG20250914175256.jpg', 'SortOrder': None}, {'PhotoId': 43464, 'PhotoName': 'IMG20250914175307.jpg', 'IsDefault': False, 'AddedDateTime': '2025-10-06T16:08:50.240Z', 'listingId': 5448, 'PhotoUrl': 'https://images.listings.offcampusliving.cornell.edu/listings/5448/IMG20250914175307.jpg', 'SortOrder': None}, {'PhotoId': 43465, 'PhotoName': 'IMG20250914175321.jpg', 'IsDefault': False, 'AddedDateTime': '2025-10-06T16:08:53.010Z', 'listingId': 5448, 'PhotoUrl': 'https://images.listings.offcampusliving.cornell.edu/listings/5448/IMG20250914175321.jpg', 'SortOrder': None}, {'PhotoId': 43466, 'PhotoName': 'IMG20250914175328.jpg', 'IsDefault': False, 'AddedDateTime': '2025-10-06T16:08:57.557Z', 'listingId': 5448, 'PhotoUrl': 'https://images.listings.offcampusliving.cornell.edu/listings/5448/IMG20250914175328.jpg', 'SortOrder': None}, {'PhotoId': 43467, 'PhotoName': 'IMG20250914175349.jpg', 'IsDefault': False, 'AddedDateTime': '2025-10-06T16:09:01.898Z', 'listingId': 5448, 'PhotoUrl': 'https://images.listings.offcampusliving.cornell.edu/listings/5448/IMG20250914175349.jpg', 'SortOrder': None}, {'PhotoId': 43468, 'PhotoName': 'IMG20250914175402.jpg', 'IsDefault': False, 'AddedDateTime': '2025-10-06T16:09:05.599Z', 'listingId': 5448, 'PhotoUrl': 'https://images.listings.offcampusliving.cornell.edu/listings/5448/IMG20250914175402.jpg', 'SortOrder': None}, {'PhotoId': 43469, 'PhotoName': 'IMG20250914175417.jpg', 'IsDefault': False, 'AddedDateTime': '2025-10-06T16:09:09.040Z', 'listingId': 5448, 'PhotoUrl': 'https://images.listings.offcampusliving.cornell.edu/listings/5448/IMG20250914175417.jpg', 'SortOrder': None}, {'PhotoId': 43470, 'PhotoName': 'IMG20250914175429.jpg', 'IsDefault': False, 'AddedDateTime': '2025-10-06T16:09:12.952Z', 'listingId': 5448, 'PhotoUrl': 'https://images.listings.offcampusliving.cornell.edu/listings/5448/IMG20250914175429.jpg', 'SortOrder': None}, {'PhotoId': 43471, 'PhotoName': 'IMG20250914175440.jpg', 'IsDefault': False, 'AddedDateTime': '2025-10-06T16:09:15.709Z', 'listingId': 5448, 'PhotoUrl': 'https://images.listings.offcampusliving.cornell.edu/listings/5448/IMG20250914175440.jpg', 'SortOrder': None}, {'PhotoId': 43472, 'PhotoName': 'IMG20250914175448.jpg', 'IsDefault': False, 'AddedDateTime': '2025-10-06T16:09:19.976Z', 'listingId': 5448, 'PhotoUrl': 'https://images.listings.offcampusliving.cornell.edu/listings/5448/IMG20250914175448.jpg', 'SortOrder': None}, {'PhotoId': 43473, 'PhotoName': 'IMG20250914175604.jpg', 'IsDefault': False, 'AddedDateTime': '2025-10-06T16:09:24.969Z', 'listingId': 5448, 'PhotoUrl': 'https://images.listings.offcampusliving.cornell.edu/listings/5448/IMG20250914175604.jpg', 'SortOrder': None}, {'PhotoId': 43474, 'PhotoName': 'IMG20250914175614.jpg', 'IsDefault': False, 'AddedDateTime': '2025-10-06T16:09:28.242Z', 'listingId': 5448, 'PhotoUrl': 'https://images.listings.offcampusliving.cornell.edu/listings/5448/IMG20250914175614.jpg', 'SortOrder': None}]",
5449,3936,2026-01-01T00:00:00.000Z,7,219 Eddy Street,,Ithaca,14850,"Parking spot at 219 Eddy Street. On Catherine street side. Subleasing for SP26 Semester.

$808 Total sum, not per month. ONLY SELLING PARKING SPOT NOT APT!","Parking spot at 219 Eddy Street. On Catherine street side. Subleasing for SP26 Semester.

$808 Total sum, not per month. ONLY SELLING PARKING SPOT NOT APT!",808,Price Per Person,Yes,"['Off-Street Parking Available', 'Off-Street Parking Included']",No Preference,studio,1,['Spring Sublet'],Rent,42.44049297534763,-76.48673699671984,"{'lat': 42.44049297534763, 'lng': -76.48673699671984}",True,2026-07-06T00:00:00.000Z,True,Yes,2025-10-06T19:15:18.008Z,2025-10-15T01:28:43.694Z,219 EDDY STREET,"[{'PhotoId': 43475, 'PhotoName': 'Eddy.png', 'IsDefault': True, 'AddedDateTime': '2025-10-06T19:16:29.212Z', 'listingId': 5449, 'PhotoUrl': 'https://images.listings.offcampusliving.cornell.edu/listings/5449/Eddy.png', 'SortOrder': None}]","{""BuildingAddress"": ""219 EDDY STREET"", ""OverallSafetyRating"": 8, ""CategoryScores"": [{""Fire Protection"": 0}, {""Notification Systems"": 0}, {""Emergency Egress"": 0}, {""Applicable Code"": 0}, {""Fire Extinguishers"": 0}, {""Construction Type"": 0}, {""Valid Certificate of Compliance"": 8}], ""OverallSafetyRatingAsPercentage"": 17, ""CategoryScoresAsPercentage"": [{""Fire Protection"": 0}, {""Notification Systems"": 0}, {""Emergency Egress"": 0}, {""Applicable Code"": 0}, {""Fire Extinguishers"": 0}, {""Construction Type"": 0}, {""Valid Certificate of Compliance"": 100}], ""SprinklerType"": [], ""FireExtinguisherCertificateExpiration"": null, ""NotificationSystem"": [{""subCategory"": ""Single Station Smoke Alarm"", ""notificationType"": ""Single Station Smoke Alarm"", ""notificationSystemCertificateExpiration"": ""2024-06-20""}, {""subCategory"": ""Fire Alarm System"", ""notificationType"": ""Fire Alarm System"", ""notificationSystemCertificateExpiration"": ""2025-03-06""}], ""HasValidCertificateOfOccupancy"": true, ""MeetsMinimumRequirements"": false, ""ExceedsRequirements"": false, ""HasFireResistantConstructionType"": false, ""SatisfiesApplicableCode"": false, ""CertificateExpirationDate"": ""2026-07-19T00:00:00.000Z"", ""DateLastUpdated"": ""2025-10-19T07:01:44.000Z""}"
5454,4611,2026-01-01T00:00:00.000Z,5,430 State Street W,202,Ithaca,14850,Beautiful luxury two bedroom apartment in downtown Ithaca,"We're looking to sublet our apartment in downtown Ithaca for the Spring 2026 semester (roughly January through May). It's a beautiful, light-filled, 2 bed/2 bath apartment in a modern, luxury building with amenities. Depending on the situation, our dates can be somewhat flexible and we can offer the apartment furnished or unfurnished. Please reach out if you think you could be a good fit! ",2850,Price Per Unit,Yes,"['Air Conditioning', 'Electronic Payments Accepted', 'Furnished', 'Internet Included', 'Internet Available', 'Kitchen', 'Laundry Facilities', 'Near Bus Route', 'Off-Street Parking Available', 'Wheelchair Accessible', 'Heat Included']",No Preference,2,2,"['Spring Sublet', 'Staff/Faculty', 'Graduate', 'Sabbatic Housing', 'Short-Term Housing']",Rent,42.43953756061799,-76.5058207567749,"{'lat': 42.43953756061799, 'lng': -76.5058207567749}",True,2025-11-09T00:00:00.000Z,True,Yes,2025-10-09T14:52:49.654Z,2025-10-09T14:55:26.782Z,430 STATE STREET W,"[{'PhotoId': 43509, 'PhotoName': 'IMG_4163.jpg', 'IsDefault': True, 'AddedDateTime': '2025-10-09T15:05:52.482Z', 'listingId': 5454, 'PhotoUrl': 'https://images.listings.offcampusliving.cornell.edu/listings/5454/IMG_4163.jpg', 'SortOrder': None}, {'PhotoId': 43510, 'PhotoName': 'IMG_4171.jpeg', 'IsDefault': False, 'AddedDateTime': '2025-10-09T15:05:53.085Z', 'listingId': 5454, 'PhotoUrl': 'https://images.listings.offcampusliving.cornell.edu/listings/5454/IMG_4171.jpeg', 'SortOrder': None}, {'PhotoId': 43511, 'PhotoName': 'IMG_4181.jpeg', 'IsDefault': False, 'AddedDateTime': '2025-10-09T15:05:53.395Z', 'listingId': 5454, 'PhotoUrl': 'https://images.listings.offcampusliving.cornell.edu/listings/5454/IMG_4181.jpeg', 'SortOrder': None}, {'PhotoId': 43512, 'PhotoName': 'IMG_4190.jpeg', 'IsDefault': False, 'AddedDateTime': '2025-10-09T15:05:54.000Z', 'listingId': 5454, 'PhotoUrl': 'https://images.listings.offcampusliving.cornell.edu/listings/5454/IMG_4190.jpeg', 'SortOrder': None}, {'PhotoId': 43513, 'PhotoName': 'IMG_4194.jpeg', 'IsDefault': False, 'AddedDateTime': '2025-10-09T15:05:54.387Z', 'listingId': 5454, 'PhotoUrl': 'https://images.listings.offcampusliving.cornell.edu/listings/5454/IMG_4194.jpeg', 'SortOrder': None}, {'PhotoId': 43514, 'PhotoName': 'IMG_4200.jpeg', 'IsDefault': False, 'AddedDateTime': '2025-10-09T15:05:54.724Z', 'listingId': 5454, 'PhotoUrl': 'https://images.listings.offcampusliving.cornell.edu/listings/5454/IMG_4200.jpeg', 'SortOrder': None}]","{""BuildingAddress"": ""430 STATE STREET W"", ""OverallSafetyRating"": 8, ""CategoryScores"": [{""Fire Protection"": 0}, {""Notification Systems"": 0}, {""Emergency Egress"": 0}, {""Applicable Code"": 0}, {""Fire Extinguishers"": 0}, {""Construction Type"": 0}, {""Valid Certificate of Compliance"": 8}], ""OverallSafetyRatingAsPercentage"": 17, ""CategoryScoresAsPercentage"": [{""Fire Protection"": 0}, {""Notification Systems"": 0}, {""Emergency Egress"": 0}, {""Applicable Code"": 0}, {""Fire Extinguishers"": 0}, {""Construction Type"": 0}, {""Valid Certificate of Compliance"": 100}], ""SprinklerType"": [{""sprinklerType"": ""NFPA 13 Sprinkler System"", ""sprinklerCertificateExpiration"": ""2024-01-17""}], ""FireExtinguisherCertificateExpiration"": ""2024-01-17T00:00:00.000Z"", ""NotificationSystem"": [{""subCategory"": ""Single Station Smoke Alarm"", ""notificationType"": ""Single Station Smoke Alarm"", ""notificationSystemCertificateExpiration"": ""2024-01-17""}], ""HasValidCertificateOfOccupancy"": true, ""MeetsMinimumRequirements"": false, ""ExceedsRequirements"": false, ""HasFireResistantConstructionType"": false, ""SatisfiesApplicableCode"": false, ""CertificateExpirationDate"": ""2026-01-17T00:00:00.000Z"", ""DateLastUpdated"": ""2025-10-19T07:01:57.000Z""}"
5456,594,2026-06-01T00:00:00.000Z,12,526 Stewart Avenue,26,Ithaca,14850,A few rooms left for 26/27 year!  A four minute walk to campus!  Ideal location!  Lots of common space.  Awesome Landlords. Bus stop close by. Gorge trail behind the house. Lots of trees. ,"Completely furnished. Just a few minute walk to campus.  See and hear the clocktower from the porch! Out the back, you will find a trail leading to the upper Cascadilla Gorge Trail.

Join a great community in one of Cornell's original coops.  Mix of undergraduate and graduate students. Enjoy the privacy of your large room, while also enjoying all the common spaces.

Rooms start $860.  Included: heat, electricity, water and wifi. Professional cleaner comes once a week to clean common space.



",860,Price Per Person,No,"['Electricity Included', 'Electronic Payments Accepted', 'Furnished', 'Heat Included', 'Internet Included', 'Kitchen', 'Laundry Facilities', 'Near Bus Route', 'Off-Street Parking Available', 'Water Included']",No Preference,1,4,"['Graduate', 'Undergraduate', 'Spring Sublet']",Share,42.44943520451211,-76.48487058812016,"{'lat': 42.44943520451211, 'lng': -76.48487058812016}",True,2025-11-11T00:00:00.000Z,True,Yes,2025-10-11T19:37:24.023Z,2025-10-11T19:49:56.973Z,526 STEWART AVENUE,"[{'PhotoId': 43533, 'PhotoName': 'House 2 .jpg', 'IsDefault': True, 'AddedDateTime': '2025-10-11T19:39:36.289Z', 'listingId': 5456, 'PhotoUrl': 'https://images.listings.offcampusliving.cornell.edu/listings/5456/House 2 .jpg', 'SortOrder': None}, {'PhotoId': 43534, 'PhotoName': '526 Back Porch.jpeg', 'IsDefault': False, 'AddedDateTime': '2025-10-11T19:40:51.874Z', 'listingId': 5456, 'PhotoUrl': 'https://images.listings.offcampusliving.cornell.edu/listings/5456/526 Back Porch.jpeg', 'SortOrder': None}, {'PhotoId': 43535, 'PhotoName': 'back of house.jpeg', 'IsDefault': False, 'AddedDateTime': '2025-10-11T19:40:52.191Z', 'listingId': 5456, 'PhotoUrl': 'https://images.listings.offcampusliving.cornell.edu/listings/5456/back of house.jpeg', 'SortOrder': None}, {'PhotoId': 43536, 'PhotoName': 'back steps.jpeg', 'IsDefault': False, 'AddedDateTime': '2025-10-11T19:41:11.617Z', 'listingId': 5456, 'PhotoUrl': 'https://images.listings.offcampusliving.cornell.edu/listings/5456/back steps.jpeg', 'SortOrder': None}, {'PhotoId': 43537, 'PhotoName': '26 b.jpg', 'IsDefault': False, 'AddedDateTime': '2025-10-11T19:41:36.756Z', 'listingId': 5456, 'PhotoUrl': 'https://images.listings.offcampusliving.cornell.edu/listings/5456/26 b.jpg', 'SortOrder': None}, {'PhotoId': 43538, 'PhotoName': 'room 27 A.jpeg', 'IsDefault': False, 'AddedDateTime': '2025-10-11T19:43:20.625Z', 'listingId': 5456, 'PhotoUrl': 'https://images.listings.offcampusliving.cornell.edu/listings/5456/room 27 A.jpeg', 'SortOrder': None}, {'PhotoId': 43539, 'PhotoName': '27 b.jpeg', 'IsDefault': False, 'AddedDateTime': '2025-10-11T19:43:41.685Z', 'listingId': 5456, 'PhotoUrl': 'https://images.listings.offcampusliving.cornell.edu/listings/5456/27 b.jpeg', 'SortOrder': None}, {'PhotoId': 43540, 'PhotoName': 'room 27.jpeg', 'IsDefault': False, 'AddedDateTime': '2025-10-11T19:44:11.357Z', 'listingId': 5456, 'PhotoUrl': 'https://images.listings.offcampusliving.cornell.edu/listings/5456/room 27.jpeg', 'SortOrder': None}, {'PhotoId': 43541, 'PhotoName': '31 c.jpeg', 'IsDefault': False, 'AddedDateTime': '2025-10-11T19:44:43.835Z', 'listingId': 5456, 'PhotoUrl': 'https://images.listings.offcampusliving.cornell.edu/listings/5456/31 c.jpeg', 'SortOrder': None}, {'PhotoId': 43542, 'PhotoName': '31 f.jpeg', 'IsDefault': False, 'AddedDateTime': '2025-10-11T19:44:44.211Z', 'listingId': 5456, 'PhotoUrl': 'https://images.listings.offcampusliving.cornell.edu/listings/5456/31 f.jpeg', 'SortOrder': None}, {'PhotoId': 43543, 'PhotoName': '31 gjpeg.jpeg', 'IsDefault': False, 'AddedDateTime': '2025-10-11T19:45:13.316Z', 'listingId': 5456, 'PhotoUrl': 'https://images.listings.offcampusliving.cornell.edu/listings/5456/31 gjpeg.jpeg', 'SortOrder': None}, {'PhotoId': 43544, 'PhotoName': '31b.jpeg', 'IsDefault': False, 'AddedDateTime': '2025-10-11T19:45:32.648Z', 'listingId': 5456, 'PhotoUrl': 'https://images.listings.offcampusliving.cornell.edu/listings/5456/31b.jpeg', 'SortOrder': None}, {'PhotoId': 43545, 'PhotoName': '31h.jpeg', 'IsDefault': False, 'AddedDateTime': '2025-10-11T19:45:44.166Z', 'listingId': 5456, 'PhotoUrl': 'https://images.listings.offcampusliving.cornell.edu/listings/5456/31h.jpeg', 'SortOrder': None}, {'PhotoId': 43546, 'PhotoName': 'skitchen 1.jpeg', 'IsDefault': False, 'AddedDateTime': '2025-10-11T19:46:28.239Z', 'listingId': 5456, 'PhotoUrl': 'https://images.listings.offcampusliving.cornell.edu/listings/5456/skitchen 1.jpeg', 'SortOrder': None}, {'PhotoId': 43547, 'PhotoName': 'dining room 1.jpeg', 'IsDefault': False, 'AddedDateTime': '2025-10-11T19:46:29.688Z', 'listingId': 5456, 'PhotoUrl': 'https://images.listings.offcampusliving.cornell.edu/listings/5456/dining room 1.jpeg', 'SortOrder': None}, {'PhotoId': 43548, 'PhotoName': 'skitchen 2.jpeg', 'IsDefault': False, 'AddedDateTime': '2025-10-11T19:48:48.902Z', 'listingId': 5456, 'PhotoUrl': 'https://images.listings.offcampusliving.cornell.edu/listings/5456/skitchen 2.jpeg', 'SortOrder': None}, {'PhotoId': 43549, 'PhotoName': 'sLiving Room.jpeg', 'IsDefault': False, 'AddedDateTime': '2025-10-11T19:48:49.468Z', 'listingId': 5456, 'PhotoUrl': 'https://images.listings.offcampusliving.cornell.edu/listings/5456/sLiving Room.jpeg', 'SortOrder': None}, {'PhotoId': 43550, 'PhotoName': 'Entrance Lobby.jpeg', 'IsDefault': False, 'AddedDateTime': '2025-10-11T19:48:52.413Z', 'listingId': 5456, 'PhotoUrl': 'https://images.listings.offcampusliving.cornell.edu/listings/5456/Entrance Lobby.jpeg', 'SortOrder': None}]","{""BuildingAddress"": ""526 STEWART AVENUE"", ""OverallSafetyRating"": 8, ""CategoryScores"": [{""Fire Protection"": 0}, {""Notification Systems"": 0}, {""Emergency Egress"": 0}, {""Applicable Code"": 0}, {""Fire Extinguishers"": 0}, {""Construction Type"": 0}, {""Valid Certificate of Compliance"": 8}], ""OverallSafetyRatingAsPercentage"": 17, ""CategoryScoresAsPercentage"": [{""Fire Protection"": 0}, {""Notification Systems"": 0}, {""Emergency Egress"": 0}, {""Applicable Code"": 0}, {""Fire Extinguishers"": 0}, {""Construction Type"": 0}, {""Valid Certificate of Compliance"": 100}], ""SprinklerType"": [], ""FireExtinguisherCertificateExpiration"": ""2025-08-06T00:00:00.000Z"", ""NotificationSystem"": [{""subCategory"": ""Single Station Smoke Alarm"", ""notificationType"": ""Single Station Smoke Alarm"", ""notificationSystemCertificateExpiration"": ""2024-01-05""}, {""subCategory"": ""Fire Alarm System"", ""notificationType"": ""Fire Alarm System"", ""notificationSystemCertificateExpiration"": ""2024-11-28""}], ""HasValidCertificateOfOccupancy"": true, ""MeetsMinimumRequirements"": false, ""ExceedsRequirements"": false, ""HasFireResistantConstructionType"": false, ""SatisfiesApplicableCode"": false, ""CertificateExpirationDate"": ""2026-03-05T00:00:00.000Z"", ""DateLastUpdated"": ""2025-10-19T07:02:03.000Z""}"
5457,4633,2025-10-15T00:00:00.000Z,10,209 College Avenue,9,Ithaca,14850,"3-bedroom, 1-bathroom apartment, with kitchen, common room, and balcony. Already has one occupant, with two unoccupied bedrooms. ","Subletting two rooms in a 3-bedroom walk-up apartment at 209 College Avenue. Apartment has shared full bathroom, shared living room with a couch, and shared kitchen with an oven, stove, refrigerator, dining room table and four chairs. Unit has balcony accessible from living room. Unit is already occupied by one tenant, with two unoccupied rooms to sublet. Rent is $1,210 per person, per month. Electricity and telephone/wifi payments not included in rent. Unit available immediately through August.",1210,Price Per Person,No,"['Electronic Payments Accepted', 'Furnished', 'Heat Included', 'Internet Available', 'Kitchen', 'Laundry Facilities', 'Near Bus Route', 'Water Included']",Female,3,1,"['Short-Term Housing', 'Fall Sublet', 'Summer Sublet', 'Undergraduate', 'Graduate', 'Spring Sublet']",Room to Rent,42.43977943009555,-76.48487806878661,"{'lat': 42.43977943009555, 'lng': -76.48487806878661}",True,2027-06-12T00:00:00.000Z,True,Yes,2025-10-12T22:31:05.326Z,2025-10-12T22:33:41.338Z,209 COLLEGE AVENUE,"[{'PhotoId': 43645, 'PhotoName': '209 College Ave #1.jpg', 'IsDefault': True, 'AddedDateTime': '2025-10-16T23:07:51.261Z', 'listingId': 5457, 'PhotoUrl': 'https://images.listings.offcampusliving.cornell.edu/listings/5457/209 College Ave #1.jpg', 'SortOrder': None}, {'PhotoId': 43646, 'PhotoName': '209 College Ave #2.jpg', 'IsDefault': False, 'AddedDateTime': '2025-10-16T23:07:51.654Z', 'listingId': 5457, 'PhotoUrl': 'https://images.listings.offcampusliving.cornell.edu/listings/5457/209 College Ave #2.jpg', 'SortOrder': None}, {'PhotoId': 43647, 'PhotoName': '209 College Ave #3.jpg', 'IsDefault': False, 'AddedDateTime': '2025-10-16T23:07:52.035Z', 'listingId': 5457, 'PhotoUrl': 'https://images.listings.offcampusliving.cornell.edu/listings/5457/209 College Ave #3.jpg', 'SortOrder': None}, {'PhotoId': 43648, 'PhotoName': '209 College Ave #4.jpg', 'IsDefault': False, 'AddedDateTime': '2025-10-16T23:07:52.293Z', 'listingId': 5457, 'PhotoUrl': 'https://images.listings.offcampusliving.cornell.edu/listings/5457/209 College Ave #4.jpg', 'SortOrder': None}, {'PhotoId': 43649, 'PhotoName': '209 College Ave #5.jpg', 'IsDefault': False, 'AddedDateTime': '2025-10-16T23:07:52.594Z', 'listingId': 5457, 'PhotoUrl': 'https://images.listings.offcampusliving.cornell.edu/listings/5457/209 College Ave #5.jpg', 'SortOrder': None}, {'PhotoId': 43650, 'PhotoName': '209 College Ave #6.jpg', 'IsDefault': False, 'AddedDateTime': '2025-10-16T23:07:52.879Z', 'listingId': 5457, 'PhotoUrl': 'https://images.listings.offcampusliving.cornell.edu/listings/5457/209 College Ave #6.jpg', 'SortOrder': None}]","{""BuildingAddress"": ""209 COLLEGE AVENUE"", ""OverallSafetyRating"": 8, ""CategoryScores"": [{""Fire Protection"": 0}, {""Notification Systems"": 0}, {""Emergency Egress"": 0}, {""Applicable Code"": 0}, {""Fire Extinguishers"": 0}, {""Construction Type"": 0}, {""Valid Certificate of Compliance"": 8}], ""OverallSafetyRatingAsPercentage"": 17, ""CategoryScoresAsPercentage"": [{""Fire Protection"": 0}, {""Notification Systems"": 0}, {""Emergency Egress"": 0}, {""Applicable Code"": 0}, {""Fire Extinguishers"": 0}, {""Construction Type"": 0}, {""Valid Certificate of Compliance"": 100}], ""SprinklerType"": [{""sprinklerType"": ""NFPA 13R Sprinkler System"", ""sprinklerCertificateExpiration"": ""2023-05-23""}], ""FireExtinguisherCertificateExpiration"": ""2025-01-31T00:00:00.000Z"", ""NotificationSystem"": [{""subCategory"": ""Single Station Smoke Alarm"", ""notificationType"": ""Single Station Smoke Alarm"", ""notificationSystemCertificateExpiration"": ""2025-09-23""}, {""subCategory"": ""Fire Alarm System"", ""notificationType"": ""Fire Alarm System"", ""notificationSystemCertificateExpiration"": ""2023-10-26""}], ""HasValidCertificateOfOccupancy"": true, ""MeetsMinimumRequirements"": false, ""ExceedsRequirements"": false, ""HasFireResistantConstructionType"": false, ""SatisfiesApplicableCode"": false, ""CertificateExpirationDate"": ""2028-02-24T00:00:00.000Z"", ""DateLastUpdated"": ""2025-10-19T07:01:41.000Z""}"
5461,4354,2026-06-01T00:00:00.000Z,12,128 Sapsucker Woods,1B,Ithaca,14850,"Peaceful Graduate Student Space: 3 bedroom, 1.5 bath and perfect for a couple looking for separate office space. Extensive outdoor space and storage! ","This property is located just down from the Cornell Lab of Ornithology. It is a 5 minute drive to campus or the mall and there is a bus stop just a minute walk from the house. Rent includes heat, water & sewer, off street parking and snow removal.  Tenants are responsible for eclectic and the internet. Coin operated laundry is available on site. 1B will become available 6/1 and rents for $2,000 a month and 2B is available 7/1 and rents for $1,800. ALL FIRE IS UP TO DATE, the city has the correct",2000,Price Per Unit,Yes,"['Heat Included', 'Internet Available', 'Kitchen', 'Laundry Facilities', 'Near Bus Route', 'Off-Street Parking Available', 'Off-Street Parking Included', 'Air Conditioning', 'Water Included']",No Preference,2,1.5,"['Graduate', 'Staff/Faculty']",Rent,42.44857455166259,-76.48453998205665,"{'lat': 42.44857455166259, 'lng': -76.48453998205665}",True,2025-11-15T00:00:00.000Z,True,No,2025-10-15T13:29:43.815Z,2025-10-16T15:20:14.851Z,,"[{'PhotoId': 43571, 'PhotoName': 'IMG_1355.jpg', 'IsDefault': True, 'AddedDateTime': '2025-10-15T14:04:17.765Z', 'listingId': 5461, 'PhotoUrl': 'https://images.listings.offcampusliving.cornell.edu/listings/5461/IMG_1355.jpg', 'SortOrder': 1}, {'PhotoId': 43576, 'PhotoName': 'IMG_1353.jpg', 'IsDefault': False, 'AddedDateTime': '2025-10-15T14:04:19.464Z', 'listingId': 5461, 'PhotoUrl': 'https://images.listings.offcampusliving.cornell.edu/listings/5461/IMG_1353.jpg', 'SortOrder': 2}, {'PhotoId': 43577, 'PhotoName': 'IMG_1354.jpg', 'IsDefault': False, 'AddedDateTime': '2025-10-15T14:04:19.647Z', 'listingId': 5461, 'PhotoUrl': 'https://images.listings.offcampusliving.cornell.edu/listings/5461/IMG_1354.jpg', 'SortOrder': 3}, {'PhotoId': 43573, 'PhotoName': 'IMG_1350.jpg', 'IsDefault': False, 'AddedDateTime': '2025-10-15T14:04:18.724Z', 'listingId': 5461, 'PhotoUrl': 'https://images.listings.offcampusliving.cornell.edu/listings/5461/IMG_1350.jpg', 'SortOrder': 4}, {'PhotoId': 43574, 'PhotoName': 'IMG_1351.jpg', 'IsDefault': False, 'AddedDateTime': '2025-10-15T14:04:19.023Z', 'listingId': 5461, 'PhotoUrl': 'https://images.listings.offcampusliving.cornell.edu/listings/5461/IMG_1351.jpg', 'SortOrder': 5}, {'PhotoId': 43589, 'PhotoName': 'IMG_1366.jpg', 'IsDefault': False, 'AddedDateTime': '2025-10-15T14:04:21.855Z', 'listingId': 5461, 'PhotoUrl': 'https://images.listings.offcampusliving.cornell.edu/listings/5461/IMG_1366.jpg', 'SortOrder': 6}, {'PhotoId': 43575, 'PhotoName': 'IMG_1352.jpg', 'IsDefault': False, 'AddedDateTime': '2025-10-15T14:04:19.216Z', 'listingId': 5461, 'PhotoUrl': 'https://images.listings.offcampusliving.cornell.edu/listings/5461/IMG_1352.jpg', 'SortOrder': 7}, {'PhotoId': 43606, 'PhotoName': 'IMG_2546 (1).jpg', 'IsDefault': False, 'AddedDateTime': '2025-10-15T14:10:52.291Z', 'listingId': 5461, 'PhotoUrl': 'https://images.listings.offcampusliving.cornell.edu/listings/5461/IMG_2546 (1).jpg', 'SortOrder': 8}, {'PhotoId': 43603, 'PhotoName': 'IMG_2543 (1).jpg', 'IsDefault': False, 'AddedDateTime': '2025-10-15T14:10:51.618Z', 'listingId': 5461, 'PhotoUrl': 'https://images.listings.offcampusliving.cornell.edu/listings/5461/IMG_2543 (1).jpg', 'SortOrder': 9}, {'PhotoId': 43582, 'PhotoName': 'IMG_1359.jpg', 'IsDefault': False, 'AddedDateTime': '2025-10-15T14:04:20.578Z', 'listingId': 5461, 'PhotoUrl': 'https://images.listings.offcampusliving.cornell.edu/listings/5461/IMG_1359.jpg', 'SortOrder': 10}, {'PhotoId': 43580, 'PhotoName': 'IMG_1357.jpg', 'IsDefault': False, 'AddedDateTime': '2025-10-15T14:04:20.217Z', 'listingId': 5461, 'PhotoUrl': 'https://images.listings.offcampusliving.cornell.edu/listings/5461/IMG_1357.jpg', 'SortOrder': 11}, {'PhotoId': 43581, 'PhotoName': 'IMG_1358.jpg', 'IsDefault': False, 'AddedDateTime': '2025-10-15T14:04:20.416Z', 'listingId': 5461, 'PhotoUrl': 'https://images.listings.offcampusliving.cornell.edu/listings/5461/IMG_1358.jpg', 'SortOrder': 12}, {'PhotoId': 43599, 'PhotoName': 'IMG_2539 (1).jpg', 'IsDefault': False, 'AddedDateTime': '2025-10-15T14:10:50.781Z', 'listingId': 5461, 'PhotoUrl': 'https://images.listings.offcampusliving.cornell.edu/listings/5461/IMG_2539 (1).jpg', 'SortOrder': 13}, {'PhotoId': 43607, 'PhotoName': 'IMG_2547 (1).jpg', 'IsDefault': False, 'AddedDateTime': '2025-10-15T14:10:52.503Z', 'listingId': 5461, 'PhotoUrl': 'https://images.listings.offcampusliving.cornell.edu/listings/5461/IMG_2547 (1).jpg', 'SortOrder': 14}, {'PhotoId': 43587, 'PhotoName': 'IMG_1364.jpg', 'IsDefault': False, 'AddedDateTime': '2025-10-15T14:04:21.508Z', 'listingId': 5461, 'PhotoUrl': 'https://images.listings.offcampusliving.cornell.edu/listings/5461/IMG_1364.jpg', 'SortOrder': 15}, {'PhotoId': 43588, 'PhotoName': 'IMG_1365.jpg', 'IsDefault': False, 'AddedDateTime': '2025-10-15T14:04:21.704Z', 'listingId': 5461, 'PhotoUrl': 'https://images.listings.offcampusliving.cornell.edu/listings/5461/IMG_1365.jpg', 'SortOrder': 16}, {'PhotoId': 43586, 'PhotoName': 'IMG_1363.jpg', 'IsDefault': False, 'AddedDateTime': '2025-10-15T14:04:21.285Z', 'listingId': 5461, 'PhotoUrl': 'https://images.listings.offcampusliving.cornell.edu/listings/5461/IMG_1363.jpg', 'SortOrder': 17}, {'PhotoId': 43595, 'PhotoName': 'IMG_2534 (1).jpg', 'IsDefault': False, 'AddedDateTime': '2025-10-15T14:10:49.871Z', 'listingId': 5461, 'PhotoUrl': 'https://images.listings.offcampusliving.cornell.edu/listings/5461/IMG_2534 (1).jpg', 'SortOrder': 18}, {'PhotoId': 43594, 'PhotoName': 'IMG_2533 (1).jpg', 'IsDefault': False, 'AddedDateTime': '2025-10-15T14:10:49.649Z', 'listingId': 5461, 'PhotoUrl': 'https://images.listings.offcampusliving.cornell.edu/listings/5461/IMG_2533 (1).jpg', 'SortOrder': 19}, {'PhotoId': 43592, 'PhotoName': 'IMG_2531 (1).jpg', 'IsDefault': False, 'AddedDateTime': '2025-10-15T14:10:49.161Z', 'listingId': 5461, 'PhotoUrl': 'https://images.listings.offcampusliving.cornell.edu/listings/5461/IMG_2531 (1).jpg', 'SortOrder': 20}, {'PhotoId': 43593, 'PhotoName': 'IMG_2532 (1).jpg', 'IsDefault': False, 'AddedDateTime': '2025-10-15T14:10:49.421Z', 'listingId': 5461, 'PhotoUrl': 'https://images.listings.offcampusliving.cornell.edu/listings/5461/IMG_2532 (1).jpg', 'SortOrder': 21}, {'PhotoId': 43591, 'PhotoName': 'IMG_2529 (3).jpg', 'IsDefault': False, 'AddedDateTime': '2025-10-15T14:10:48.865Z', 'listingId': 5461, 'PhotoUrl': 'https://images.listings.offcampusliving.cornell.edu/listings/5461/IMG_2529 (3).jpg', 'SortOrder': 22}, {'PhotoId': 43596, 'PhotoName': 'IMG_2535 (1).jpg', 'IsDefault': False, 'AddedDateTime': '2025-10-15T14:10:50.112Z', 'listingId': 5461, 'PhotoUrl': 'https://images.listings.offcampusliving.cornell.edu/listings/5461/IMG_2535 (1).jpg', 'SortOrder': 23}, {'PhotoId': 43597, 'PhotoName': 'IMG_2537 (1).jpg', 'IsDefault': False, 'AddedDateTime': '2025-10-15T14:10:50.327Z', 'listingId': 5461, 'PhotoUrl': 'https://images.listings.offcampusliving.cornell.edu/listings/5461/IMG_2537 (1).jpg', 'SortOrder': 24}, {'PhotoId': 43598, 'PhotoName': 'IMG_2538 (1).jpg', 'IsDefault': False, 'AddedDateTime': '2025-10-15T14:10:50.540Z', 'listingId': 5461, 'PhotoUrl': 'https://images.listings.offcampusliving.cornell.edu/listings/5461/IMG_2538 (1).jpg', 'SortOrder': 25}, {'PhotoId': 43601, 'PhotoName': 'IMG_2541 (1).jpg', 'IsDefault': False, 'AddedDateTime': '2025-10-15T14:10:51.208Z', 'listingId': 5461, 'PhotoUrl': 'https://images.listings.offcampusliving.cornell.edu/listings/5461/IMG_2541 (1).jpg', 'SortOrder': 26}, {'PhotoId': 43604, 'PhotoName': 'IMG_2544 (1).jpg', 'IsDefault': False, 'AddedDateTime': '2025-10-15T14:10:51.847Z', 'listingId': 5461, 'PhotoUrl': 'https://images.listings.offcampusliving.cornell.edu/listings/5461/IMG_2544 (1).jpg', 'SortOrder': 27}, {'PhotoId': 43600, 'PhotoName': 'IMG_2540 (1).jpg', 'IsDefault': False, 'AddedDateTime': '2025-10-15T14:10:50.985Z', 'listingId': 5461, 'PhotoUrl': 'https://images.listings.offcampusliving.cornell.edu/listings/5461/IMG_2540 (1).jpg', 'SortOrder': 28}, {'PhotoId': 43579, 'PhotoName': 'IMG_1356.jpg', 'IsDefault': False, 'AddedDateTime': '2025-10-15T14:04:20.050Z', 'listingId': 5461, 'PhotoUrl': 'https://images.listings.offcampusliving.cornell.edu/listings/5461/IMG_1356.jpg', 'SortOrder': 29}, {'PhotoId': 43610, 'PhotoName': 'IMG_7782.jpg', 'IsDefault': False, 'AddedDateTime': '2025-10-15T14:10:53.197Z', 'listingId': 5461, 'PhotoUrl': 'https://images.listings.offcampusliving.cornell.edu/listings/5461/IMG_7782.jpg', 'SortOrder': 31}, {'PhotoId': 43609, 'PhotoName': 'IMG_7780.jpg', 'IsDefault': False, 'AddedDateTime': '2025-10-15T14:10:52.982Z', 'listingId': 5461, 'PhotoUrl': 'https://images.listings.offcampusliving.cornell.edu/listings/5461/IMG_7780.jpg', 'SortOrder': 32}, {'PhotoId': 43608, 'PhotoName': 'IMG_7779.jpg', 'IsDefault': False, 'AddedDateTime': '2025-10-15T14:10:52.727Z', 'listingId': 5461, 'PhotoUrl': 'https://images.listings.offcampusliving.cornell.edu/listings/5461/IMG_7779.jpg', 'SortOrder': 33}, {'PhotoId': 43612, 'PhotoName': 'IMG_7784.jpg', 'IsDefault': False, 'AddedDateTime': '2025-10-15T14:10:53.759Z', 'listingId': 5461, 'PhotoUrl': 'https://images.listings.offcampusliving.cornell.edu/listings/5461/IMG_7784.jpg', 'SortOrder': 34}, {'PhotoId': 43611, 'PhotoName': 'IMG_7783.jpg', 'IsDefault': False, 'AddedDateTime': '2025-10-15T14:10:53.489Z', 'listingId': 5461, 'PhotoUrl': 'https://images.listings.offcampusliving.cornell.edu/listings/5461/IMG_7783.jpg', 'SortOrder': 35}, {'PhotoId': 43584, 'PhotoName': 'IMG_1361.jpg', 'IsDefault': False, 'AddedDateTime': '2025-10-15T14:04:20.903Z', 'listingId': 5461, 'PhotoUrl': 'https://images.listings.offcampusliving.cornell.edu/listings/5461/IMG_1361.jpg', 'SortOrder': 36}, {'PhotoId': 43583, 'PhotoName': 'IMG_1360.jpg', 'IsDefault': False, 'AddedDateTime': '2025-10-15T14:04:20.736Z', 'listingId': 5461, 'PhotoUrl': 'https://images.listings.offcampusliving.cornell.edu/listings/5461/IMG_1360.jpg', 'SortOrder': 37}, {'PhotoId': 43590, 'PhotoName': 'Sapsucker Exterior 1.jpg', 'IsDefault': False, 'AddedDateTime': '2025-10-15T14:04:22.728Z', 'listingId': 5461, 'PhotoUrl': 'https://images.listings.offcampusliving.cornell.edu/listings/5461/Sapsucker Exterior 1.jpg', 'SortOrder': 38}]",
5462,4354,2026-07-15T00:00:00.000Z,12,119 Thurston Avenue,,Ithaca,14850,"Charming CU 4 bed, 1.5 bath offers a close and convenient getaway from the bustles of campus. This home has a spacious living room, office and large front porch for studying or entertaining. ","119 Thurston is available for a July 15th move in and rents for $2,600 a month.  Rent includes water, sewer, parking and snow removal.  NYSGE and the internet are the responsibility of the tenants.  ILS is locally owned and operated with an on call maintenance staff for any needs.  Perfect student house on the edge of campus! ALL FIRE IS UP TO DATE, the city has the correct information and cornell has not updated their system.",2600,Price Per Unit,Yes,"['Air Conditioning', 'Furnished', 'Internet Available', 'Kitchen', 'Laundry Facilities', 'Off-Street Parking Available', 'Off-Street Parking Included', 'Near Bus Route', 'Water Included']",No Preference,4,1.5,"['Graduate', 'Staff/Faculty', 'Undergraduate']",Rent,42.44891590681239,-76.48490332629898,"{'lat': 42.44891590681239, 'lng': -76.48490332629898}",True,2025-11-16T00:00:00.000Z,True,Yes,2025-10-16T14:48:30.582Z,2025-10-16T15:23:04.465Z,119 THURSTON AVENUE,"[{'PhotoId': 43642, 'PhotoName': 'IMG_6375 (1).jpg', 'IsDefault': True, 'AddedDateTime': '2025-10-16T15:04:03.958Z', 'listingId': 5462, 'PhotoUrl': 'https://images.listings.offcampusliving.cornell.edu/listings/5462/IMG_6375 (1).jpg', 'SortOrder': 1}, {'PhotoId': 43640, 'PhotoName': 'IMG_6377.jpg', 'IsDefault': False, 'AddedDateTime': '2025-10-16T15:04:02.807Z', 'listingId': 5462, 'PhotoUrl': 'https://images.listings.offcampusliving.cornell.edu/listings/5462/IMG_6377.jpg', 'SortOrder': 2}, {'PhotoId': 43639, 'PhotoName': 'IMG_6378 (1).jpg', 'IsDefault': False, 'AddedDateTime': '2025-10-16T15:04:02.038Z', 'listingId': 5462, 'PhotoUrl': 'https://images.listings.offcampusliving.cornell.edu/listings/5462/IMG_6378 (1).jpg', 'SortOrder': 3}, {'PhotoId': 43615, 'PhotoName': 'IMG_0118.jpg', 'IsDefault': False, 'AddedDateTime': '2025-10-16T15:03:55.068Z', 'listingId': 5462, 'PhotoUrl': 'https://images.listings.offcampusliving.cornell.edu/listings/5462/IMG_0118.jpg', 'SortOrder': 4}, {'PhotoId': 43616, 'PhotoName': 'IMG_0121 (1).jpg', 'IsDefault': False, 'AddedDateTime': '2025-10-16T15:03:55.279Z', 'listingId': 5462, 'PhotoUrl': 'https://images.listings.offcampusliving.cornell.edu/listings/5462/IMG_0121 (1).jpg', 'SortOrder': 5}, {'PhotoId': 43613, 'PhotoName': 'original.jpeg', 'IsDefault': False, 'AddedDateTime': '2025-10-16T15:03:54.491Z', 'listingId': 5462, 'PhotoUrl': 'https://images.listings.offcampusliving.cornell.edu/listings/5462/original.jpeg', 'SortOrder': 6}, {'PhotoId': 43637, 'PhotoName': 'IMG_8510.jpg', 'IsDefault': False, 'AddedDateTime': '2025-10-16T15:04:01.299Z', 'listingId': 5462, 'PhotoUrl': 'https://images.listings.offcampusliving.cornell.edu/listings/5462/IMG_8510.jpg', 'SortOrder': 7}, {'PhotoId': 43644, 'PhotoName': 'IMG_6181.jpg', 'IsDefault': False, 'AddedDateTime': '2025-10-16T15:07:19.856Z', 'listingId': 5462, 'PhotoUrl': 'https://images.listings.offcampusliving.cornell.edu/listings/5462/IMG_6181.jpg', 'SortOrder': 8}, {'PhotoId': 43628, 'PhotoName': 'IMG_0924.jpg', 'IsDefault': False, 'AddedDateTime': '2025-10-16T15:03:57.826Z', 'listingId': 5462, 'PhotoUrl': 'https://images.listings.offcampusliving.cornell.edu/listings/5462/IMG_0924.jpg', 'SortOrder': 9}, {'PhotoId': 43641, 'PhotoName': 'IMG_6185.jpg', 'IsDefault': False, 'AddedDateTime': '2025-10-16T15:04:03.663Z', 'listingId': 5462, 'PhotoUrl': 'https://images.listings.offcampusliving.cornell.edu/listings/5462/IMG_6185.jpg', 'SortOrder': 10}, {'PhotoId': 43624, 'PhotoName': 'IMG_0138.jpg', 'IsDefault': False, 'AddedDateTime': '2025-10-16T15:03:56.844Z', 'listingId': 5462, 'PhotoUrl': 'https://images.listings.offcampusliving.cornell.edu/listings/5462/IMG_0138.jpg', 'SortOrder': 11}, {'PhotoId': 43635, 'PhotoName': 'IMG_6092.jpg', 'IsDefault': False, 'AddedDateTime': '2025-10-16T15:03:59.430Z', 'listingId': 5462, 'PhotoUrl': 'https://images.listings.offcampusliving.cornell.edu/listings/5462/IMG_6092.jpg', 'SortOrder': 12}, {'PhotoId': 43623, 'PhotoName': 'IMG_0137.jpg', 'IsDefault': False, 'AddedDateTime': '2025-10-16T15:03:56.629Z', 'listingId': 5462, 'PhotoUrl': 'https://images.listings.offcampusliving.cornell.edu/listings/5462/IMG_0137.jpg', 'SortOrder': 13}, {'PhotoId': 43618, 'PhotoName': 'IMG_0130.jpg', 'IsDefault': False, 'AddedDateTime': '2025-10-16T15:03:55.722Z', 'listingId': 5462, 'PhotoUrl': 'https://images.listings.offcampusliving.cornell.edu/listings/5462/IMG_0130.jpg', 'SortOrder': 14}, {'PhotoId': 43638, 'PhotoName': 'IMG_7515.jpg', 'IsDefault': False, 'AddedDateTime': '2025-10-16T15:04:01.610Z', 'listingId': 5462, 'PhotoUrl': 'https://images.listings.offcampusliving.cornell.edu/listings/5462/IMG_7515.jpg', 'SortOrder': 15}, {'PhotoId': 43634, 'PhotoName': 'IMG_6091.jpg', 'IsDefault': False, 'AddedDateTime': '2025-10-16T15:03:59.215Z', 'listingId': 5462, 'PhotoUrl': 'https://images.listings.offcampusliving.cornell.edu/listings/5462/IMG_6091.jpg', 'SortOrder': 16}, {'PhotoId': 43632, 'PhotoName': 'IMG_6088.jpg', 'IsDefault': False, 'AddedDateTime': '2025-10-16T15:03:58.794Z', 'listingId': 5462, 'PhotoUrl': 'https://images.listings.offcampusliving.cornell.edu/listings/5462/IMG_6088.jpg', 'SortOrder': 17}, {'PhotoId': 43631, 'PhotoName': 'IMG_6087.jpg', 'IsDefault': False, 'AddedDateTime': '2025-10-16T15:03:58.571Z', 'listingId': 5462, 'PhotoUrl': 'https://images.listings.offcampusliving.cornell.edu/listings/5462/IMG_6087.jpg', 'SortOrder': 18}, {'PhotoId': 43633, 'PhotoName': 'IMG_6089.jpg', 'IsDefault': False, 'AddedDateTime': '2025-10-16T15:03:58.999Z', 'listingId': 5462, 'PhotoUrl': 'https://images.listings.offcampusliving.cornell.edu/listings/5462/IMG_6089.jpg', 'SortOrder': 19}, {'PhotoId': 43630, 'PhotoName': 'IMG_6086.jpg', 'IsDefault': False, 'AddedDateTime': '2025-10-16T15:03:58.320Z', 'listingId': 5462, 'PhotoUrl': 'https://images.listings.offcampusliving.cornell.edu/listings/5462/IMG_6086.jpg', 'SortOrder': 20}, {'PhotoId': 43629, 'PhotoName': 'IMG_6085.jpg', 'IsDefault': False, 'AddedDateTime': '2025-10-16T15:03:58.122Z', 'listingId': 5462, 'PhotoUrl': 'https://images.listings.offcampusliving.cornell.edu/listings/5462/IMG_6085.jpg', 'SortOrder': 21}, {'PhotoId': 43627, 'PhotoName': 'IMG_0141.jpg', 'IsDefault': False, 'AddedDateTime': '2025-10-16T15:03:57.607Z', 'listingId': 5462, 'PhotoUrl': 'https://images.listings.offcampusliving.cornell.edu/listings/5462/IMG_0141.jpg', 'SortOrder': 22}, {'PhotoId': 43626, 'PhotoName': 'IMG_0140.jpg', 'IsDefault': False, 'AddedDateTime': '2025-10-16T15:03:57.310Z', 'listingId': 5462, 'PhotoUrl': 'https://images.listings.offcampusliving.cornell.edu/listings/5462/IMG_0140.jpg', 'SortOrder': 23}, {'PhotoId': 43625, 'PhotoName': 'IMG_0139.jpg', 'IsDefault': False, 'AddedDateTime': '2025-10-16T15:03:57.136Z', 'listingId': 5462, 'PhotoUrl': 'https://images.listings.offcampusliving.cornell.edu/listings/5462/IMG_0139.jpg', 'SortOrder': 24}, {'PhotoId': 43622, 'PhotoName': 'IMG_0135.jpg', 'IsDefault': False, 'AddedDateTime': '2025-10-16T15:03:56.428Z', 'listingId': 5462, 'PhotoUrl': 'https://images.listings.offcampusliving.cornell.edu/listings/5462/IMG_0135.jpg', 'SortOrder': 25}, {'PhotoId': 43621, 'PhotoName': 'IMG_0134.jpg', 'IsDefault': False, 'AddedDateTime': '2025-10-16T15:03:56.252Z', 'listingId': 5462, 'PhotoUrl': 'https://images.listings.offcampusliving.cornell.edu/listings/5462/IMG_0134.jpg', 'SortOrder': 26}, {'PhotoId': 43620, 'PhotoName': 'IMG_0133.jpg', 'IsDefault': False, 'AddedDateTime': '2025-10-16T15:03:56.079Z', 'listingId': 5462, 'PhotoUrl': 'https://images.listings.offcampusliving.cornell.edu/listings/5462/IMG_0133.jpg', 'SortOrder': 27}, {'PhotoId': 43619, 'PhotoName': 'IMG_0132.jpg', 'IsDefault': False, 'AddedDateTime': '2025-10-16T15:03:55.901Z', 'listingId': 5462, 'PhotoUrl': 'https://images.listings.offcampusliving.cornell.edu/listings/5462/IMG_0132.jpg', 'SortOrder': 28}, {'PhotoId': 43617, 'PhotoName': 'IMG_0127.jpg', 'IsDefault': False, 'AddedDateTime': '2025-10-16T15:03:55.541Z', 'listingId': 5462, 'PhotoUrl': 'https://images.listings.offcampusliving.cornell.edu/listings/5462/IMG_0127.jpg', 'SortOrder': 29}, {'PhotoId': 43614, 'PhotoName': 'DSC00618-300x200.jpg', 'IsDefault': False, 'AddedDateTime': '2025-10-16T15:03:54.871Z', 'listingId': 5462, 'PhotoUrl': 'https://images.listings.offcampusliving.cornell.edu/listings/5462/DSC00618-300x200.jpg', 'SortOrder': 30}]","{""BuildingAddress"": ""119 THURSTON AVENUE"", ""OverallSafetyRating"": 8, ""CategoryScores"": [{""Fire Protection"": 0}, {""Notification Systems"": 0}, {""Emergency Egress"": 0}, {""Applicable Code"": 0}, {""Fire Extinguishers"": 0}, {""Construction Type"": 0}, {""Valid Certificate of Compliance"": 8}], ""OverallSafetyRatingAsPercentage"": 17, ""CategoryScoresAsPercentage"": [{""Fire Protection"": 0}, {""Notification Systems"": 0}, {""Emergency Egress"": 0}, {""Applicable Code"": 0}, {""Fire Extinguishers"": 0}, {""Construction Type"": 0}, {""Valid Certificate of Compliance"": 100}], ""SprinklerType"": [], ""FireExtinguisherCertificateExpiration"": ""2025-02-12T00:00:00.000Z"", ""NotificationSystem"": [{""subCategory"": ""Single Station Smoke Alarm"", ""notificationType"": ""Single Station Smoke Alarm"", ""notificationSystemCertificateExpiration"": ""2025-05-01""}], ""HasValidCertificateOfOccupancy"": true, ""MeetsMinimumRequirements"": false, ""ExceedsRequirements"": false, ""HasFireResistantConstructionType"": false, ""SatisfiesApplicableCode"": false, ""CertificateExpirationDate"": ""2029-05-01T00:00:00.000Z"", ""DateLastUpdated"": ""2025-10-19T07:01:35.000Z""}"
5464,4642,2026-01-01T00:00:00.000Z,5,205 Dryden Road,502,Ithaca,14850,Two bedrooms available in 4 bedroom / 2 bathroom suite. Rent is 1400 OR BEST OFFER. Nice views of Ithaca from 5th floor. Laundry machines and basic gym in the basement.,2 rooms available in 4 bedroom / 2 bathroom suite - For the period Jan 1st to May 31st - High speed internet - Laundry and gym - 2 male roommates will be living there for the semester - great location in the center of college town - easy walk to class and TCAT access - short term street parking nearby and free long-term on weekends - Several parking garages nearby with spaces to rent,1400,Price Per Person,No,"['Air Conditioning', 'Electronic Payments Accepted', 'Heat Included', 'Furnished', 'Internet Available', 'Kitchen', 'Laundry Facilities', 'Near Bus Route', 'Permitted Street Parking Available', 'Wheelchair Accessible']",No Preference,4,2,['Spring Sublet'],Rent,42.44144210549621,-76.48483515344238,"{'lat': 42.44144210549621, 'lng': -76.48483515344238}",True,2026-01-19T00:00:00.000Z,True,Yes,2025-10-19T20:01:00.934Z,2025-10-19T20:45:26.812Z,205 DRYDEN ROAD,"[{'PhotoId': 43666, 'PhotoName': 'Screenshot 2025-10-19 at 3.42.43â\x80¯PM.png', 'IsDefault': True, 'AddedDateTime': '2025-10-19T20:05:02.530Z', 'listingId': 5464, 'PhotoUrl': 'https://images.listings.offcampusliving.cornell.edu/listings/5464/Screenshot 2025-10-19 at 3.42.43â\x80¯PM.png', 'SortOrder': 1}, {'PhotoId': 43668, 'PhotoName': 'Screenshot 2025-10-19 at 4.07.35â\x80¯PM.png', 'IsDefault': False, 'AddedDateTime': '2025-10-19T20:08:32.326Z', 'listingId': 5464, 'PhotoUrl': 'https://images.listings.offcampusliving.cornell.edu/listings/5464/Screenshot 2025-10-19 at 4.07.35â\x80¯PM.png', 'SortOrder': None}, {'PhotoId': 43664, 'PhotoName': 'Screenshot 2025-10-19 at 3.40.25â\x80¯PM.png', 'IsDefault': False, 'AddedDateTime': '2025-10-19T20:05:00.757Z', 'listingId': 5464, 'PhotoUrl': 'https://images.listings.offcampusliving.cornell.edu/listings/5464/Screenshot 2025-10-19 at 3.40.25â\x80¯PM.png', 'SortOrder': 2}, {'PhotoId': 43667, 'PhotoName': 'Screenshot 2025-10-19 at 3.41.59â\x80¯PM.png', 'IsDefault': False, 'AddedDateTime': '2025-10-19T20:05:03.170Z', 'listingId': 5464, 'PhotoUrl': 'https://images.listings.offcampusliving.cornell.edu/listings/5464/Screenshot 2025-10-19 at 3.41.59â\x80¯PM.png', 'SortOrder': 3}, {'PhotoId': 43665, 'PhotoName': 'Screenshot 2025-10-19 at 3.43.46â\x80¯PM.png', 'IsDefault': False, 'AddedDateTime': '2025-10-19T20:05:01.474Z', 'listingId': 5464, 'PhotoUrl': 'https://images.listings.offcampusliving.cornell.edu/listings/5464/Screenshot 2025-10-19 at 3.43.46â\x80¯PM.png', 'SortOrder': 4}]","{""BuildingAddress"": ""205 DRYDEN ROAD"", ""OverallSafetyRating"": 24, ""CategoryScores"": [{""Fire Protection"": 0}, {""Notification Systems"": 0}, {""Emergency Egress"": 0}, {""Applicable Code"": 6}, {""Fire Extinguishers"": 0}, {""Construction Type"": 10}, {""Valid Certificate of Compliance"": 8}], ""OverallSafetyRatingAsPercentage"": 52, ""CategoryScoresAsPercentage"": [{""Fire Protection"": 0}, {""Notification Systems"": 0}, {""Emergency Egress"": 0}, {""Applicable Code"": 100}, {""Fire Extinguishers"": 0}, {""Construction Type"": 83}, {""Valid Certificate of Compliance"": 100}], ""SprinklerType"": [{""sprinklerType"": ""NFPA 13R Sprinkler System"", ""sprinklerCertificateExpiration"": ""2025-02-13""}], ""FireExtinguisherCertificateExpiration"": null, ""NotificationSystem"": [{""subCategory"": ""Fire Alarm System"", ""notificationType"": ""Fire Alarm System"", ""notificationSystemCertificateExpiration"": ""2025-01-02""}, {""subCategory"": ""Single Station Smoke Alarm"", ""notificationType"": ""Single Station Smoke Alarm"", ""notificationSystemCertificateExpiration"": ""2024-01-10""}], ""HasValidCertificateOfOccupancy"": true, ""MeetsMinimumRequirements"": false, ""ExceedsRequirements"": false, ""HasFireResistantConstructionType"": true, ""SatisfiesApplicableCode"": true, ""CertificateExpirationDate"": ""2026-02-09T00:00:00.000Z"", ""DateLastUpdated"": ""2025-10-19T07:01:40.000Z""}"
5465,4636,2026-01-01T00:00:00.000Z,5,106 Catherine Street,106,Ithaca,14850,1-6 BRs in a 6 bedroom house,"Subletting for Spring 2026. 

Subletting 1 bedroom (fully furnished) in a 6-bedroom, 2 bathroom house — with additional rooms (up to all 6) available if you’d like to sublet with friends. 

Spacious living room with a TV and new couches and furniture. A fully equipped kitchen with all appliances and extra fridges. Front porch with a swing. It’s a full 2-story house with 2 bathrooms, free in-unit laundry, window ACs & basement storage. 

Willing to negotiate. Message or email at db926@cornell.edu",1150,Price Per Person,No,"['Air Conditioning', 'Electronic Payments Accepted', 'Internet Available', 'Internet Included', 'Kitchen', 'Laundry Facilities', 'Near Bus Route', 'Off-Street Parking Available', 'Water Included', 'Permitted Street Parking Available', 'Electricity Included', 'Furnished', 'Heat Included']",No Preference,6,2,"['Graduate', 'Short-Term Housing', 'Spring Sublet', 'Summer Sublet', 'Undergraduate']",Rent,42.44919129341441,-76.4845664868173,"{'lat': 42.44919129341441, 'lng': -76.4845664868173}",True,2026-03-19T00:00:00.000Z,True,Yes,2025-10-19T23:29:59.390Z,2025-10-19T23:32:11.380Z,106 CATHERINE STREET,"[{'PhotoId': 43669, 'PhotoName': 'WhatsApp Image 2025-10-19 at 19.33.11.jpeg', 'IsDefault': True, 'AddedDateTime': '2025-10-19T23:37:09.571Z', 'listingId': 5465, 'PhotoUrl': 'https://images.listings.offcampusliving.cornell.edu/listings/5465/WhatsApp Image 2025-10-19 at 19.33.11.jpeg', 'SortOrder': 1}, {'PhotoId': 43670, 'PhotoName': 'WhatsApp Image 2025-09-18 at 18.10.40.jpeg', 'IsDefault': False, 'AddedDateTime': '2025-10-19T23:37:09.837Z', 'listingId': 5465, 'PhotoUrl': 'https://images.listings.offcampusliving.cornell.edu/listings/5465/WhatsApp Image 2025-09-18 at 18.10.40.jpeg', 'SortOrder': 2}, {'PhotoId': 43671, 'PhotoName': 'WhatImage 2025-09-18 at 18.10.40.jpeg', 'IsDefault': False, 'AddedDateTime': '2025-10-19T23:37:10.043Z', 'listingId': 5465, 'PhotoUrl': 'https://images.listings.offcampusliving.cornell.edu/listings/5465/WhatImage 2025-09-18 at 18.10.40.jpeg', 'SortOrder': 3}, {'PhotoId': 43678, 'PhotoName': 'WhatsApp Image 20209-18 at 18.04.51.jpeg', 'IsDefault': False, 'AddedDateTime': '2025-10-19T23:39:16.593Z', 'listingId': 5465, 'PhotoUrl': 'https://images.listings.offcampusliving.cornell.edu/listings/5465/WhatsApp Image 20209-18 at 18.04.51.jpeg', 'SortOrder': 4}, {'PhotoId': 43679, 'PhotoName': 'WhatsApge 2025-09-18 at 18.04.51.jpeg', 'IsDefault': False, 'AddedDateTime': '2025-10-19T23:39:58.382Z', 'listingId': 5465, 'PhotoUrl': 'https://images.listings.offcampusliving.cornell.edu/listings/5465/WhatsApge 2025-09-18 at 18.04.51.jpeg', 'SortOrder': 5}, {'PhotoId': 43672, 'PhotoName': 'WhatsApp Image25-09-18 at 18.07.07.jpeg', 'IsDefault': False, 'AddedDateTime': '2025-10-19T23:37:10.263Z', 'listingId': 5465, 'PhotoUrl': 'https://images.listings.offcampusliving.cornell.edu/listings/5465/WhatsApp Image25-09-18 at 18.07.07.jpeg', 'SortOrder': 6}, {'PhotoId': 43673, 'PhotoName': 'WhatsApp Image025-09-18 at 18.07.07.jpeg', 'IsDefault': False, 'AddedDateTime': '2025-10-19T23:37:10.496Z', 'listingId': 5465, 'PhotoUrl': 'https://images.listings.offcampusliving.cornell.edu/listings/5465/WhatsApp Image025-09-18 at 18.07.07.jpeg', 'SortOrder': 7}, {'PhotoId': 43674, 'PhotoName': 'WhatsApp I8 at 18.17.59.jpeg', 'IsDefault': False, 'AddedDateTime': '2025-10-19T23:37:10.706Z', 'listingId': 5465, 'PhotoUrl': 'https://images.listings.offcampusliving.cornell.edu/listings/5465/WhatsApp I8 at 18.17.59.jpeg', 'SortOrder': 8}, {'PhotoId': 43675, 'PhotoName': 'WhatsAppage 2025-09-18 at 18.18.00.jpeg', 'IsDefault': False, 'AddedDateTime': '2025-10-19T23:37:10.968Z', 'listingId': 5465, 'PhotoUrl': 'https://images.listings.offcampusliving.cornell.edu/listings/5465/WhatsAppage 2025-09-18 at 18.18.00.jpeg', 'SortOrder': 9}, {'PhotoId': 43676, 'PhotoName': 'WhatsApp Image 2025-09-18 at 18.04.51.jpeg', 'IsDefault': False, 'AddedDateTime': '2025-10-19T23:37:11.254Z', 'listingId': 5465, 'PhotoUrl': 'https://images.listings.offcampusliving.cornell.edu/listings/5465/WhatsApp Image 2025-09-18 at 18.04.51.jpeg', 'SortOrder': 10}]","{""BuildingAddress"": ""106 CATHERINE STREET"", ""OverallSafetyRating"": 8, ""CategoryScores"": [{""Fire Protection"": 0}, {""Notification Systems"": 0}, {""Emergency Egress"": 0}, {""Applicable Code"": 0}, {""Fire Extinguishers"": 0}, {""Construction Type"": 0}, {""Valid Certificate of Compliance"": 8}], ""OverallSafetyRatingAsPercentage"": 17, ""CategoryScoresAsPercentage"": [{""Fire Protection"": 0}, {""Notification Systems"": 0}, {""Emergency Egress"": 0}, {""Applicable Code"": 0}, {""Fire Extinguishers"": 0}, {""Construction Type"": 0}, {""Valid Certificate of Compliance"": 100}], ""SprinklerType"": [], ""FireExtinguisherCertificateExpiration"": ""2024-09-30T00:00:00.000Z"", ""NotificationSystem"": [{""subCategory"": ""Single Station Smoke Alarm"", ""notificationType"": ""Single Station Smoke Alarm"", ""notificationSystemCertificateExpiration"": ""2024-08-31""}], ""HasValidCertificateOfOccupancy"": true, ""MeetsMinimumRequirements"": true, ""ExceedsRequirements"": false, ""HasFireResistantConstructionType"": false, ""SatisfiesApplicableCode"": false, ""CertificateExpirationDate"": ""2026-11-02T00:00:00.000Z"", ""DateLastUpdated"": ""2025-10-19T07:01:29.000Z""}"
